cve_id,published,cvss_version,base_score,severity,attack_vector,attack_complexity,privileges_required,user_interaction,exploitability,products,n_products
CVE-2026-24060,2026-03-21,3.1,9.1,CRITICAL,NETWORK,LOW,NONE,NONE,3.9,,0
CVE-2026-25086,2026-03-21,3.1,7.7,HIGH,LOCAL,LOW,NONE,NONE,2.5,,0
CVE-2026-2352,2026-03-21,3.1,6.4,MEDIUM,NETWORK,LOW,LOW,NONE,3.1,,0
CVE-2026-2430,2026-03-21,3.1,6.4,MEDIUM,NETWORK,LOW,LOW,NONE,3.1,,0
CVE-2026-32666,2026-03-21,3.1,7.5,HIGH,NETWORK,LOW,NONE,NONE,3.9,,0
CVE-2026-33237,2026-03-21,3.1,5.5,MEDIUM,NETWORK,LOW,HIGH,NONE,1.2,wwbn:avideo,1
CVE-2026-33238,2026-03-21,3.1,4.3,MEDIUM,NETWORK,LOW,LOW,NONE,2.8,wwbn:avideo,1
CVE-2026-33424,2026-03-21,3.1,5.9,MEDIUM,ADJACENT,HIGH,HIGH,REQUIRED,0.4,discourse:discourse,1
CVE-2026-33425,2026-03-21,3.1,5.3,MEDIUM,NETWORK,LOW,NONE,NONE,3.9,discourse:discourse,1
CVE-2026-33426,2026-03-21,3.1,3.5,LOW,NETWORK,LOW,HIGH,REQUIRED,0.9,discourse:discourse,1
CVE-2026-33427,2026-03-21,3.1,7.5,HIGH,NETWORK,LOW,NONE,NONE,3.9,discourse:discourse,1
CVE-2026-33428,2026-03-21,3.1,6.5,MEDIUM,NETWORK,LOW,LOW,NONE,2.8,discourse:discourse,1
CVE-2026-3339,2026-03-21,3.1,2.7,LOW,NETWORK,LOW,HIGH,NONE,1.2,,0
CVE-2026-3350,2026-03-21,3.1,6.4,MEDIUM,NETWORK,LOW,LOW,NONE,3.1,,0
CVE-2026-3368,2026-03-21,3.1,7.2,HIGH,NETWORK,LOW,NONE,NONE,3.9,,0
CVE-2026-3474,2026-03-21,3.1,4.9,MEDIUM,NETWORK,LOW,HIGH,NONE,1.2,,0
CVE-2026-3516,2026-03-21,3.1,6.4,MEDIUM,NETWORK,LOW,LOW,NONE,3.1,,0
CVE-2026-3567,2026-03-21,3.1,5.3,MEDIUM,NETWORK,LOW,NONE,NONE,3.9,,0
CVE-2026-3572,2026-03-21,3.1,6.1,MEDIUM,NETWORK,LOW,NONE,REQUIRED,2.8,,0
CVE-2026-3577,2026-03-21,3.1,4.4,MEDIUM,NETWORK,HIGH,HIGH,NONE,1.3,,0
CVE-2026-4083,2026-03-21,3.1,6.4,MEDIUM,NETWORK,LOW,LOW,NONE,3.1,,0
CVE-2026-32042,2026-03-21,3.1,8.8,HIGH,NETWORK,LOW,LOW,NONE,2.8,openclaw:openclaw,1
CVE-2026-32043,2026-03-21,3.1,6.5,MEDIUM,LOCAL,HIGH,LOW,NONE,1.0,openclaw:openclaw,1
CVE-2026-32044,2026-03-21,3.1,5.5,MEDIUM,LOCAL,LOW,NONE,REQUIRED,1.8,openclaw:openclaw,1
CVE-2026-32045,2026-03-21,3.1,5.9,MEDIUM,NETWORK,HIGH,NONE,NONE,2.2,openclaw:openclaw,1
CVE-2026-32046,2026-03-21,3.1,5.3,MEDIUM,LOCAL,LOW,LOW,NONE,1.8,openclaw:openclaw,1
CVE-2026-32048,2026-03-21,3.1,7.5,HIGH,NETWORK,HIGH,LOW,NONE,1.6,openclaw:openclaw,1
CVE-2026-32049,2026-03-21,3.1,7.5,HIGH,NETWORK,LOW,NONE,NONE,3.9,openclaw:openclaw,1
CVE-2026-32050,2026-03-21,3.1,3.7,LOW,NETWORK,HIGH,NONE,NONE,2.2,openclaw:openclaw,1
CVE-2026-32051,2026-03-21,3.1,8.8,HIGH,NETWORK,LOW,LOW,NONE,2.8,openclaw:openclaw,1
CVE-2026-32052,2026-03-21,3.1,6.4,MEDIUM,NETWORK,HIGH,LOW,REQUIRED,1.2,openclaw:openclaw,1
CVE-2026-32053,2026-03-21,3.1,6.5,MEDIUM,NETWORK,LOW,NONE,NONE,3.9,openclaw:openclaw,1
CVE-2026-32054,2026-03-21,3.1,6.5,MEDIUM,LOCAL,HIGH,LOW,NONE,1.0,openclaw:openclaw,1
CVE-2026-32055,2026-03-21,3.1,7.6,HIGH,NETWORK,LOW,LOW,NONE,2.8,openclaw:openclaw,1
CVE-2026-32056,2026-03-21,3.1,7.5,HIGH,NETWORK,HIGH,LOW,NONE,1.6,openclaw:openclaw,1
CVE-2026-32057,2026-03-21,3.1,7.1,HIGH,NETWORK,LOW,LOW,NONE,2.8,openclaw:openclaw,1
CVE-2026-32058,2026-03-21,3.1,2.6,LOW,NETWORK,HIGH,LOW,REQUIRED,1.2,openclaw:openclaw,1
CVE-2026-32064,2026-03-21,3.1,7.7,HIGH,LOCAL,LOW,NONE,NONE,2.5,openclaw:openclaw,1
CVE-2026-32065,2026-03-21,3.1,4.8,MEDIUM,NETWORK,HIGH,LOW,REQUIRED,1.2,openclaw:openclaw,1
CVE-2026-32067,2026-03-21,3.1,3.7,LOW,NETWORK,HIGH,LOW,REQUIRED,1.2,openclaw:openclaw,1
CVE-2026-32895,2026-03-21,3.1,5.4,MEDIUM,NETWORK,LOW,LOW,NONE,2.8,openclaw:openclaw,1
CVE-2026-32896,2026-03-21,3.1,4.8,MEDIUM,NETWORK,HIGH,NONE,NONE,2.2,openclaw:openclaw,1
CVE-2026-32897,2026-03-21,3.1,3.7,LOW,NETWORK,HIGH,NONE,NONE,2.2,openclaw:openclaw,1
CVE-2026-32898,2026-03-21,3.1,5.4,MEDIUM,NETWORK,LOW,LOW,NONE,2.8,openclaw:openclaw,1
CVE-2026-32899,2026-03-21,3.1,4.3,MEDIUM,NETWORK,LOW,LOW,NONE,2.8,openclaw:openclaw,1
CVE-2026-4302,2026-03-21,3.1,7.2,HIGH,NETWORK,LOW,NONE,NONE,3.9,,0
CVE-2024-13785,2026-03-21,3.1,5.6,MEDIUM,NETWORK,HIGH,NONE,NONE,2.2,,0
CVE-2025-13910,2026-03-21,3.1,6.1,MEDIUM,NETWORK,LOW,NONE,REQUIRED,2.8,,0
CVE-2025-14037,2026-03-21,3.1,8.1,HIGH,NETWORK,LOW,HIGH,REQUIRED,1.7,,0
CVE-2026-0609,2026-03-21,3.1,6.4,MEDIUM,NETWORK,LOW,LOW,NONE,3.1,,0
CVE-2026-1093,2026-03-21,3.1,6.4,MEDIUM,NETWORK,LOW,LOW,NONE,3.1,,0
CVE-2026-1247,2026-03-21,3.1,4.4,MEDIUM,NETWORK,HIGH,HIGH,NONE,1.3,,0
CVE-2026-1253,2026-03-21,3.1,4.3,MEDIUM,NETWORK,LOW,LOW,NONE,2.8,,0
CVE-2026-1275,2026-03-21,3.1,6.4,MEDIUM,NETWORK,LOW,LOW,NONE,3.1,,0
CVE-2026-1278,2026-03-21,3.1,4.4,MEDIUM,NETWORK,HIGH,HIGH,NONE,1.3,,0
CVE-2026-1313,2026-03-21,3.1,8.3,HIGH,NETWORK,LOW,NONE,NONE,3.9,,0
CVE-2026-1378,2026-03-21,3.1,4.3,MEDIUM,NETWORK,LOW,NONE,REQUIRED,2.8,,0
CVE-2026-1390,2026-03-21,3.1,4.3,MEDIUM,NETWORK,LOW,NONE,REQUIRED,2.8,,0
CVE-2026-1392,2026-03-21,3.1,4.3,MEDIUM,NETWORK,LOW,NONE,REQUIRED,2.8,,0
CVE-2026-1393,2026-03-21,3.1,4.3,MEDIUM,NETWORK,LOW,NONE,REQUIRED,2.8,,0
CVE-2026-1397,2026-03-21,3.1,6.4,MEDIUM,NETWORK,LOW,LOW,NONE,3.1,,0
CVE-2026-1503,2026-03-21,3.1,4.3,MEDIUM,NETWORK,LOW,NONE,REQUIRED,2.8,,0
CVE-2026-1575,2026-03-21,3.1,6.4,MEDIUM,NETWORK,LOW,LOW,NONE,3.1,,0
CVE-2026-1647,2026-03-21,3.1,6.1,MEDIUM,NETWORK,LOW,NONE,REQUIRED,2.8,,0
CVE-2026-1648,2026-03-21,3.1,7.2,HIGH,NETWORK,LOW,NONE,NONE,3.9,,0
CVE-2026-1800,2026-03-21,3.1,7.5,HIGH,NETWORK,LOW,NONE,NONE,3.9,,0
CVE-2026-1806,2026-03-21,3.1,6.4,MEDIUM,NETWORK,LOW,LOW,NONE,3.1,,0
CVE-2026-1822,2026-03-21,3.1,6.4,MEDIUM,NETWORK,LOW,LOW,NONE,3.1,,0
CVE-2026-1851,2026-03-21,3.1,6.4,MEDIUM,NETWORK,LOW,LOW,NONE,3.1,,0
CVE-2026-1854,2026-03-21,3.1,6.4,MEDIUM,NETWORK,LOW,LOW,NONE,3.1,,0
CVE-2026-1886,2026-03-21,3.1,6.4,MEDIUM,NETWORK,LOW,LOW,NONE,3.1,,0
CVE-2026-1889,2026-03-21,3.1,6.4,MEDIUM,NETWORK,LOW,LOW,NONE,3.1,,0
CVE-2026-1891,2026-03-21,3.1,6.4,MEDIUM,NETWORK,LOW,LOW,NONE,3.1,,0
CVE-2026-1899,2026-03-21,3.1,6.4,MEDIUM,NETWORK,LOW,LOW,NONE,3.1,,0
CVE-2026-1908,2026-03-21,3.1,6.4,MEDIUM,NETWORK,LOW,LOW,NONE,3.1,,0
CVE-2026-1911,2026-03-21,3.1,6.4,MEDIUM,NETWORK,LOW,LOW,NONE,3.1,,0
CVE-2026-1914,2026-03-21,3.1,6.4,MEDIUM,NETWORK,LOW,LOW,NONE,3.1,,0
CVE-2026-1935,2026-03-21,3.1,4.3,MEDIUM,NETWORK,LOW,LOW,NONE,2.8,,0
CVE-2026-2121,2026-03-21,3.1,4.4,MEDIUM,NETWORK,HIGH,HIGH,NONE,1.3,,0
CVE-2026-2277,2026-03-21,3.1,6.1,MEDIUM,NETWORK,LOW,NONE,REQUIRED,2.8,,0
CVE-2026-2279,2026-03-21,3.1,7.2,HIGH,NETWORK,LOW,HIGH,NONE,1.2,,0
CVE-2026-2290,2026-03-21,3.1,3.8,LOW,NETWORK,LOW,HIGH,NONE,1.2,,0
CVE-2026-2294,2026-03-21,3.1,4.3,MEDIUM,NETWORK,LOW,LOW,NONE,2.8,,0
CVE-2026-2351,2026-03-21,3.1,6.5,MEDIUM,NETWORK,LOW,LOW,NONE,2.8,,0
CVE-2026-2375,2026-03-21,3.1,6.5,MEDIUM,NETWORK,LOW,NONE,NONE,3.9,,0
CVE-2026-2424,2026-03-21,3.1,4.4,MEDIUM,NETWORK,HIGH,HIGH,NONE,1.3,,0
CVE-2026-2427,2026-03-21,3.1,6.1,MEDIUM,NETWORK,LOW,NONE,REQUIRED,2.8,,0
CVE-2026-2440,2026-03-21,3.1,7.2,HIGH,NETWORK,LOW,NONE,NONE,3.9,,0
CVE-2026-2468,2026-03-21,3.1,7.5,HIGH,NETWORK,LOW,NONE,NONE,3.9,,0
CVE-2026-2496,2026-03-21,3.1,6.4,MEDIUM,NETWORK,LOW,LOW,NONE,3.1,,0
CVE-2026-2501,2026-03-21,3.1,6.4,MEDIUM,NETWORK,LOW,LOW,NONE,3.1,,0
CVE-2026-2503,2026-03-21,3.1,6.5,MEDIUM,NETWORK,LOW,LOW,NONE,2.8,,0
CVE-2026-2720,2026-03-21,3.1,6.5,MEDIUM,NETWORK,LOW,LOW,NONE,2.8,,0
CVE-2026-2723,2026-03-21,3.1,6.1,MEDIUM,NETWORK,LOW,NONE,REQUIRED,2.8,,0
CVE-2026-2837,2026-03-21,3.1,4.4,MEDIUM,NETWORK,HIGH,HIGH,NONE,1.3,,0
CVE-2026-2941,2026-03-21,3.1,8.8,HIGH,NETWORK,LOW,LOW,NONE,2.8,,0
CVE-2026-3003,2026-03-21,3.1,7.2,HIGH,NETWORK,LOW,NONE,NONE,3.9,,0
CVE-2026-3331,2026-03-21,3.1,4.3,MEDIUM,NETWORK,LOW,NONE,REQUIRED,2.8,,0
CVE-2026-3332,2026-03-21,3.1,4.3,MEDIUM,NETWORK,LOW,NONE,REQUIRED,2.8,,0
CVE-2026-3333,2026-03-21,3.1,6.4,MEDIUM,NETWORK,LOW,LOW,NONE,3.1,,0
CVE-2026-3334,2026-03-21,3.1,8.8,HIGH,NETWORK,LOW,LOW,NONE,2.8,,0
CVE-2026-3335,2026-03-21,3.1,5.3,MEDIUM,NETWORK,LOW,NONE,NONE,3.9,,0
CVE-2026-3347,2026-03-21,3.1,5.5,MEDIUM,NETWORK,LOW,HIGH,NONE,2.3,,0
CVE-2026-3353,2026-03-21,3.1,4.4,MEDIUM,NETWORK,HIGH,HIGH,NONE,1.3,,0
CVE-2026-3354,2026-03-21,3.1,4.4,MEDIUM,NETWORK,HIGH,HIGH,NONE,1.3,,0
CVE-2026-3460,2026-03-21,3.1,5.3,MEDIUM,NETWORK,LOW,NONE,NONE,3.9,,0
CVE-2026-3478,2026-03-21,3.1,7.2,HIGH,NETWORK,LOW,NONE,NONE,3.9,,0
CVE-2026-3506,2026-03-21,3.1,5.3,MEDIUM,NETWORK,LOW,NONE,NONE,3.9,,0
CVE-2026-3546,2026-03-21,3.1,5.3,MEDIUM,NETWORK,LOW,NONE,NONE,3.9,,0
CVE-2026-3554,2026-03-21,3.1,6.4,MEDIUM,NETWORK,LOW,LOW,NONE,3.1,,0
CVE-2026-3570,2026-03-21,3.1,5.3,MEDIUM,NETWORK,LOW,NONE,NONE,3.9,,0
CVE-2026-3617,2026-03-21,3.1,6.4,MEDIUM,NETWORK,LOW,LOW,NONE,3.1,,0
CVE-2026-3619,2026-03-21,3.1,6.4,MEDIUM,NETWORK,LOW,LOW,NONE,3.1,,0
CVE-2026-3641,2026-03-21,3.1,5.3,MEDIUM,NETWORK,LOW,NONE,NONE,3.9,,0
CVE-2026-3645,2026-03-21,3.1,5.3,MEDIUM,NETWORK,LOW,NONE,NONE,3.9,,0
CVE-2026-3651,2026-03-21,3.1,5.3,MEDIUM,NETWORK,LOW,NONE,NONE,3.9,,0
CVE-2026-3996,2026-03-21,3.1,6.4,MEDIUM,NETWORK,LOW,LOW,NONE,3.1,,0
CVE-2026-3997,2026-03-21,3.1,6.4,MEDIUM,NETWORK,LOW,LOW,NONE,3.1,,0
CVE-2026-4004,2026-03-21,3.1,6.5,MEDIUM,NETWORK,LOW,NONE,NONE,3.9,,0
CVE-2026-4022,2026-03-21,3.1,6.4,MEDIUM,NETWORK,LOW,LOW,NONE,3.1,,0
CVE-2026-4067,2026-03-21,3.1,6.4,MEDIUM,NETWORK,LOW,LOW,NONE,3.1,,0
CVE-2026-4069,2026-03-21,3.1,6.1,MEDIUM,NETWORK,LOW,NONE,REQUIRED,2.8,,0
CVE-2026-4072,2026-03-21,3.1,6.4,MEDIUM,NETWORK,LOW,LOW,NONE,3.1,,0
CVE-2026-4077,2026-03-21,3.1,6.4,MEDIUM,NETWORK,LOW,LOW,NONE,3.1,,0
CVE-2026-4084,2026-03-21,3.1,6.4,MEDIUM,NETWORK,LOW,LOW,NONE,3.1,,0
CVE-2026-4086,2026-03-21,3.1,6.4,MEDIUM,NETWORK,LOW,LOW,NONE,3.1,,0
CVE-2026-4087,2026-03-21,3.1,6.5,MEDIUM,NETWORK,LOW,LOW,NONE,2.8,,0
CVE-2026-4127,2026-03-21,3.1,4.3,MEDIUM,NETWORK,LOW,LOW,NONE,2.8,,0
CVE-2026-4143,2026-03-21,3.1,4.3,MEDIUM,NETWORK,LOW,NONE,REQUIRED,2.8,,0
CVE-2026-4161,2026-03-21,3.1,4.4,MEDIUM,NETWORK,HIGH,HIGH,NONE,1.3,,0
CVE-2026-4261,2026-03-21,3.1,8.8,HIGH,NETWORK,LOW,LOW,NONE,2.8,,0
CVE-2026-4509,2026-03-21,3.1,6.3,MEDIUM,NETWORK,LOW,LOW,NONE,2.8,,0
CVE-2026-4373,2026-03-21,3.1,7.5,HIGH,NETWORK,LOW,NONE,NONE,3.9,,0
CVE-2026-4510,2026-03-21,3.1,4.3,MEDIUM,NETWORK,LOW,NONE,REQUIRED,2.8,,0
CVE-2026-4511,2026-03-21,3.1,6.3,MEDIUM,NETWORK,LOW,LOW,NONE,2.8,,0
CVE-2026-4513,2026-03-21,3.1,6.3,MEDIUM,NETWORK,LOW,LOW,NONE,2.8,,0
CVE-2026-4514,2026-03-21,3.1,6.3,MEDIUM,NETWORK,LOW,LOW,NONE,2.8,,0
CVE-2026-4515,2026-03-21,3.1,6.3,MEDIUM,NETWORK,LOW,LOW,NONE,2.8,deepwisdom:metagpt,1
CVE-2019-25544,2026-03-21,3.1,6.2,MEDIUM,LOCAL,LOW,NONE,NONE,2.5,pidgin:pidgin,1
CVE-2019-25545,2026-03-21,3.1,6.2,MEDIUM,LOCAL,LOW,NONE,NONE,2.5,lizardsystems:terminal_services_manager,1
CVE-2019-25546,2026-03-21,3.1,6.2,MEDIUM,LOCAL,LOW,NONE,NONE,2.5,spytech-web:netaware,1
CVE-2019-25547,2026-03-21,3.1,6.2,MEDIUM,LOCAL,LOW,NONE,NONE,2.5,spytech-web:netaware,1
CVE-2019-25548,2026-03-21,3.1,6.2,MEDIUM,LOCAL,LOW,NONE,NONE,2.5,bluestacks:bluestacks,1
CVE-2019-25549,2026-03-21,3.1,6.2,MEDIUM,LOCAL,LOW,NONE,NONE,2.5,verypdf:verypdf,1
CVE-2019-25550,2026-03-21,3.1,6.2,MEDIUM,LOCAL,LOW,NONE,NONE,2.5,verypdf:encrypt_pdf,1
CVE-2019-25551,2026-03-21,3.1,6.2,MEDIUM,LOCAL,LOW,NONE,NONE,2.5,sandboxie-plus:sandboxie,1
CVE-2019-25552,2026-03-21,3.1,7.5,HIGH,NETWORK,LOW,NONE,NONE,3.9,cewe:photo_show,1
CVE-2019-25553,2026-03-21,3.1,6.2,MEDIUM,LOCAL,LOW,NONE,NONE,2.5,cewe:photo_importer,1
CVE-2019-25554,2026-03-21,3.1,5.5,MEDIUM,LOCAL,LOW,NONE,REQUIRED,1.8,tomabo:mp4_converter,1
CVE-2019-25555,2026-03-21,3.1,6.2,MEDIUM,LOCAL,LOW,NONE,NONE,2.5,pixarra:twistedbrush_pro_studio,1
CVE-2019-25556,2026-03-21,3.1,6.2,MEDIUM,LOCAL,LOW,NONE,NONE,2.5,pixarra:twistedbrush_pro_studio,1
CVE-2019-25557,2026-03-21,3.1,6.2,MEDIUM,LOCAL,LOW,NONE,NONE,2.5,pixarra:twistedbrush_pro_studio,1
CVE-2019-25558,2026-03-21,3.1,6.2,MEDIUM,LOCAL,LOW,NONE,NONE,2.5,pixarra:selfie_studio,1
CVE-2019-25559,2026-03-21,3.1,5.5,MEDIUM,LOCAL,LOW,NONE,REQUIRED,1.8,nsasoft:spotpaltalk,1
CVE-2019-25560,2026-03-21,3.1,7.5,HIGH,NETWORK,LOW,NONE,NONE,3.9,lyricvideocreator:lyric_video_creator,1
CVE-2019-25561,2026-03-21,3.1,6.2,MEDIUM,LOCAL,LOW,NONE,NONE,2.5,jetaudio:lyric_maker,1
CVE-2019-25562,2026-03-21,3.1,5.5,MEDIUM,LOCAL,LOW,NONE,REQUIRED,1.8,jetaudio:jetaudio,1
CVE-2019-25563,2026-03-21,3.1,6.2,MEDIUM,LOCAL,LOW,NONE,NONE,2.5,uvnc:pchelpwarev2,1
CVE-2019-25564,2026-03-21,3.1,5.5,MEDIUM,LOCAL,LOW,NONE,REQUIRED,1.8,uvnc:pchelpwarev2,1
CVE-2019-25565,2026-03-21,3.1,6.2,MEDIUM,LOCAL,LOW,NONE,NONE,2.5,magiciso:magic_iso_maker,1
CVE-2019-25566,2026-03-21,3.1,6.2,MEDIUM,LOCAL,LOW,NONE,NONE,2.5,acutesystems:transmac,1
CVE-2019-25567,2026-03-21,3.1,6.2,MEDIUM,LOCAL,LOW,NONE,NONE,2.5,valentina-db:studio,1
CVE-2019-25568,2026-03-21,3.1,9.8,CRITICAL,NETWORK,LOW,NONE,NONE,3.9,microvirt:memu,1
CVE-2019-25569,2026-03-21,3.1,6.2,MEDIUM,LOCAL,LOW,NONE,NONE,2.5,crun:realterm,1
CVE-2019-25570,2026-03-21,3.1,5.5,MEDIUM,LOCAL,LOW,NONE,REQUIRED,1.8,crun:realterm,1
CVE-2019-25571,2026-03-21,3.1,6.2,MEDIUM,LOCAL,LOW,NONE,NONE,2.5,ventismedia:mediamonkey,1
CVE-2019-25572,2026-03-21,3.1,6.2,MEDIUM,LOCAL,LOW,NONE,NONE,2.5,nordvpn:nordvpn,1
CVE-2026-4516,2026-03-21,3.1,6.3,MEDIUM,NETWORK,LOW,LOW,NONE,2.8,deepwisdom:metagpt,1
CVE-2019-25573,2026-03-21,3.1,7.1,HIGH,NETWORK,LOW,LOW,NONE,2.8,njtech:greencms,1
CVE-2019-25574,2026-03-21,3.1,6.5,MEDIUM,NETWORK,LOW,LOW,NONE,2.8,njtech:greencms,1
CVE-2019-25575,2026-03-21,3.1,8.2,HIGH,NETWORK,LOW,NONE,NONE,3.9,simplepresscms:simplepress_cms,1
CVE-2019-25576,2026-03-21,3.1,8.2,HIGH,NETWORK,LOW,NONE,NONE,3.9,keplerwallpapers:kepler_wallpaper_script,1
CVE-2019-25577,2026-03-21,3.1,5.5,MEDIUM,LOCAL,LOW,LOW,NONE,1.8,seotoaster:seotoaster,1
CVE-2019-25578,2026-03-21,3.1,8.2,HIGH,NETWORK,LOW,NONE,NONE,3.9,codnloc:phptransformer,1
CVE-2019-25579,2026-03-21,3.1,7.5,HIGH,NETWORK,LOW,NONE,NONE,3.9,codnloc:phptransformer,1
CVE-2019-25580,2026-03-21,3.1,8.2,HIGH,NETWORK,LOW,NONE,NONE,3.9,owndms:owndms,1
CVE-2019-25581,2026-03-21,3.1,8.2,HIGH,NETWORK,LOW,NONE,NONE,3.9,i-doit:i-doit,1
CVE-2019-25582,2026-03-21,3.1,6.5,MEDIUM,NETWORK,LOW,LOW,NONE,2.8,i-doit:i-doit,1
CVE-2026-2756,2026-03-21,3.1,5.0,MEDIUM,ADJACENT,HIGH,NONE,NONE,1.6,,0
CVE-2026-4528,2026-03-21,3.1,7.3,HIGH,NETWORK,LOW,NONE,NONE,3.9,,0
CVE-2026-3629,2026-03-21,3.1,8.1,HIGH,NETWORK,HIGH,NONE,NONE,2.2,,0
CVE-2026-4529,2026-03-21,3.1,8.8,HIGH,NETWORK,LOW,LOW,NONE,2.8,dlink:dhp-1320_firmware,1
CVE-2026-4530,2026-03-22,3.1,5.3,MEDIUM,LOCAL,LOW,LOW,NONE,1.8,,0
CVE-2019-25583,2026-03-22,3.1,6.2,MEDIUM,LOCAL,LOW,NONE,NONE,2.5,raimersoft:rarmaradio,1
CVE-2019-25584,2026-03-22,3.1,6.2,MEDIUM,LOCAL,LOW,NONE,NONE,2.5,raimersoft:rarmaradio,1
CVE-2019-25585,2026-03-22,3.1,6.2,MEDIUM,LOCAL,LOW,NONE,NONE,2.5,deluge-torrent:deluge,1
CVE-2019-25586,2026-03-22,3.1,6.2,MEDIUM,LOCAL,LOW,NONE,NONE,2.5,deluge-torrent:deluge,1
CVE-2019-25587,2026-03-22,3.1,6.2,MEDIUM,LOCAL,LOW,NONE,NONE,2.5,bpftpserver:bulletproof_ftp_server,1
CVE-2019-25588,2026-03-22,3.1,6.2,MEDIUM,LOCAL,LOW,NONE,NONE,2.5,bpftpserver:bulletproof_ftp_server,1
CVE-2019-25589,2026-03-22,3.1,6.2,MEDIUM,LOCAL,LOW,NONE,NONE,2.5,emtec:zoc,1
CVE-2026-4531,2026-03-22,3.1,5.3,MEDIUM,NETWORK,LOW,NONE,NONE,3.9,,0
CVE-2026-4532,2026-03-22,3.1,5.3,MEDIUM,NETWORK,LOW,NONE,NONE,3.9,carmelo:simple_food_order_system,1
CVE-2025-71276,2026-03-22,3.1,6.4,MEDIUM,NETWORK,LOW,LOW,NONE,3.1,alinto:sogo,1
CVE-2026-33549,2026-03-22,3.1,6.7,MEDIUM,NETWORK,HIGH,LOW,REQUIRED,1.2,spip:spip,1
CVE-2026-33550,2026-03-22,3.1,2.0,LOW,NETWORK,HIGH,HIGH,REQUIRED,0.5,alinto:sogo,1
CVE-2026-4533,2026-03-22,3.1,6.3,MEDIUM,NETWORK,LOW,LOW,NONE,2.8,carmelo:simple_food_order_system,1
CVE-2026-3427,2026-03-22,3.1,6.4,MEDIUM,NETWORK,LOW,LOW,NONE,3.1,,0
CVE-2026-4314,2026-03-22,3.1,8.8,HIGH,NETWORK,LOW,LOW,NONE,2.8,,0
CVE-2026-4534,2026-03-22,3.1,8.8,HIGH,NETWORK,LOW,LOW,NONE,2.8,tenda:fh451_firmware,1
CVE-2026-4535,2026-03-22,3.1,8.8,HIGH,NETWORK,LOW,LOW,NONE,2.8,tenda:fh451_firmware,1
CVE-2026-4536,2026-03-22,3.1,7.3,HIGH,NETWORK,LOW,NONE,NONE,3.9,,0
CVE-2026-4537,2026-03-22,3.1,4.7,MEDIUM,NETWORK,LOW,HIGH,NONE,1.2,,0
CVE-2026-4538,2026-03-22,3.1,5.3,MEDIUM,LOCAL,LOW,LOW,NONE,1.8,linuxfoundation:pytorch,1
CVE-2026-4539,2026-03-22,3.1,3.3,LOW,LOCAL,LOW,LOW,NONE,1.8,,0
CVE-2026-4540,2026-03-22,3.1,7.3,HIGH,NETWORK,LOW,NONE,NONE,3.9,,0
CVE-2026-4541,2026-03-22,3.1,2.5,LOW,LOCAL,HIGH,LOW,NONE,1.0,,0
CVE-2026-4542,2026-03-22,3.1,5.4,MEDIUM,NETWORK,LOW,LOW,NONE,2.8,,0
CVE-2026-4543,2026-03-22,3.1,6.3,MEDIUM,NETWORK,LOW,LOW,NONE,2.8,wavlink:wl-wn578w2_firmware,1
CVE-2026-4544,2026-03-22,3.1,2.4,LOW,NETWORK,LOW,HIGH,REQUIRED,0.9,wavlink:wl-wn578w2_firmware,1
CVE-2026-4545,2026-03-22,3.1,7.0,HIGH,LOCAL,HIGH,LOW,NONE,1.0,flos-freeware:notepad2,1
CVE-2026-4115,2026-03-22,3.1,3.7,LOW,NETWORK,HIGH,NONE,NONE,2.2,putty:putty,1
CVE-2019-25590,2026-03-22,3.1,6.2,MEDIUM,LOCAL,LOW,NONE,NONE,2.5,,0
CVE-2019-25591,2026-03-22,3.1,6.2,MEDIUM,LOCAL,LOW,NONE,NONE,2.5,,0
CVE-2019-25592,2026-03-22,3.1,6.2,MEDIUM,LOCAL,LOW,NONE,NONE,2.5,,0
CVE-2019-25593,2026-03-22,3.1,5.5,MEDIUM,LOCAL,LOW,NONE,REQUIRED,1.8,,0
CVE-2019-25594,2026-03-22,3.1,6.2,MEDIUM,LOCAL,LOW,NONE,NONE,2.5,,0
CVE-2019-25595,2026-03-22,3.1,6.2,MEDIUM,LOCAL,LOW,NONE,NONE,2.5,,0
CVE-2019-25596,2026-03-22,3.1,6.2,MEDIUM,LOCAL,LOW,NONE,NONE,2.5,nsasoft:spotauditor,1
CVE-2019-25597,2026-03-22,3.1,6.2,MEDIUM,LOCAL,LOW,NONE,NONE,2.5,nsasoft:nsauditor,1
CVE-2019-25598,2026-03-22,3.1,6.2,MEDIUM,LOCAL,LOW,NONE,NONE,2.5,,0
CVE-2019-25599,2026-03-22,3.1,6.2,MEDIUM,LOCAL,LOW,NONE,NONE,2.5,,0
CVE-2019-25600,2026-03-22,3.1,6.5,MEDIUM,NETWORK,LOW,NONE,REQUIRED,2.8,,0
CVE-2019-25601,2026-03-22,3.1,6.2,MEDIUM,LOCAL,LOW,NONE,NONE,2.5,,0
CVE-2019-25602,2026-03-22,3.1,5.5,MEDIUM,LOCAL,LOW,NONE,REQUIRED,1.8,,0
CVE-2019-25603,2026-03-22,3.1,8.4,HIGH,LOCAL,LOW,NONE,NONE,2.5,,0
CVE-2019-25604,2026-03-22,3.1,8.4,HIGH,LOCAL,LOW,NONE,NONE,2.5,,0
CVE-2019-25605,2026-03-22,3.1,7.5,HIGH,NETWORK,LOW,NONE,NONE,3.9,,0
CVE-2019-25606,2026-03-22,3.1,5.5,MEDIUM,LOCAL,LOW,NONE,REQUIRED,1.8,,0
CVE-2019-25607,2026-03-22,3.1,8.4,HIGH,LOCAL,LOW,NONE,NONE,2.5,,0
CVE-2019-25608,2026-03-22,3.1,8.4,HIGH,LOCAL,LOW,NONE,NONE,2.5,,0
CVE-2019-25609,2026-03-22,3.1,8.4,HIGH,LOCAL,LOW,NONE,NONE,2.5,,0
CVE-2019-25610,2026-03-22,3.1,6.5,MEDIUM,NETWORK,LOW,LOW,NONE,2.8,,0
CVE-2019-25611,2026-03-22,3.1,8.4,HIGH,LOCAL,LOW,NONE,NONE,2.5,,0
CVE-2019-25612,2026-03-22,3.1,7.8,HIGH,LOCAL,LOW,NONE,REQUIRED,1.8,,0
CVE-2019-25613,2026-03-22,3.1,7.5,HIGH,NETWORK,LOW,NONE,NONE,3.9,echatserver:easy_chat_server,1
CVE-2019-25614,2026-03-22,3.1,9.8,CRITICAL,NETWORK,LOW,NONE,NONE,3.9,freefloat:freefloat_ftp_server,1
CVE-2019-25615,2026-03-22,3.1,8.4,HIGH,LOCAL,LOW,NONE,NONE,2.5,,0
CVE-2019-25616,2026-03-22,3.1,6.2,MEDIUM,LOCAL,LOW,NONE,NONE,2.5,,0
CVE-2019-25617,2026-03-22,3.1,6.2,MEDIUM,LOCAL,LOW,NONE,NONE,2.5,,0
CVE-2019-25618,2026-03-22,3.1,6.2,MEDIUM,LOCAL,LOW,NONE,NONE,2.5,,0
CVE-2019-25619,2026-03-22,3.1,8.4,HIGH,LOCAL,LOW,NONE,NONE,2.5,ftpshell:ftpshell_server,1
CVE-2026-4546,2026-03-22,3.1,7.0,HIGH,LOCAL,HIGH,LOW,NONE,1.0,flos-freeware:notepad2,1
CVE-2026-4547,2026-03-22,3.1,4.3,MEDIUM,NETWORK,LOW,LOW,NONE,2.8,,0
CVE-2026-4548,2026-03-22,3.1,6.3,MEDIUM,NETWORK,LOW,LOW,NONE,2.8,,0
CVE-2026-4549,2026-03-22,3.1,3.1,LOW,NETWORK,HIGH,LOW,NONE,1.6,,0
CVE-2026-4550,2026-03-22,3.1,4.7,MEDIUM,NETWORK,LOW,HIGH,NONE,1.2,,0
CVE-2026-4551,2026-03-22,3.1,8.8,HIGH,NETWORK,LOW,LOW,NONE,2.8,tenda:f453_firmware,1
CVE-2026-4552,2026-03-22,3.1,8.8,HIGH,NETWORK,LOW,LOW,NONE,2.8,tenda:f453_firmware,1
CVE-2026-4553,2026-03-22,3.1,8.8,HIGH,NETWORK,LOW,LOW,NONE,2.8,tenda:f453_firmware,1
CVE-2026-33292,2026-03-22,3.1,7.5,HIGH,NETWORK,LOW,NONE,NONE,3.9,wwbn:avideo,1
CVE-2026-33293,2026-03-22,3.1,8.1,HIGH,NETWORK,LOW,LOW,NONE,2.8,wwbn:avideo,1
CVE-2026-33294,2026-03-22,3.1,5.0,MEDIUM,NETWORK,LOW,LOW,NONE,3.1,wwbn:avideo,1
CVE-2026-33295,2026-03-22,3.1,5.4,MEDIUM,NETWORK,LOW,LOW,REQUIRED,2.3,wwbn:avideo,1
CVE-2026-33296,2026-03-22,3.1,6.1,MEDIUM,NETWORK,LOW,NONE,REQUIRED,2.8,wwbn:avideo,1
CVE-2026-33319,2026-03-22,3.1,5.9,MEDIUM,NETWORK,HIGH,HIGH,NONE,0.7,wwbn:avideo,1
CVE-2026-4554,2026-03-22,3.1,6.3,MEDIUM,NETWORK,LOW,LOW,NONE,2.8,tenda:f453_firmware,1
CVE-2026-4555,2026-03-22,3.1,8.8,HIGH,NETWORK,LOW,LOW,NONE,2.8,dlink:dir-513_firmware,1
CVE-2026-4557,2026-03-22,3.1,4.3,MEDIUM,NETWORK,LOW,NONE,REQUIRED,2.8,,0
CVE-2026-4558,2026-03-22,3.1,8.8,HIGH,NETWORK,LOW,LOW,NONE,2.8,linksys:mr9600_firmware,1
CVE-2026-2580,2026-03-23,3.1,7.5,HIGH,NETWORK,LOW,NONE,NONE,3.9,,0
CVE-2026-4562,2026-03-23,3.1,7.3,HIGH,NETWORK,LOW,NONE,NONE,3.9,,0
CVE-2026-4563,2026-03-23,3.1,4.3,MEDIUM,NETWORK,LOW,LOW,NONE,2.8,,0
CVE-2026-4564,2026-03-23,3.1,4.7,MEDIUM,NETWORK,LOW,HIGH,NONE,1.2,,0
CVE-2026-4565,2026-03-23,3.1,8.8,HIGH,NETWORK,LOW,LOW,NONE,2.8,tenda:ac21_firmware,1
CVE-2026-4566,2026-03-23,3.1,8.8,HIGH,NETWORK,LOW,LOW,NONE,2.8,belkin:f9k1122_firmware,1
CVE-2026-4567,2026-03-23,3.1,9.8,CRITICAL,NETWORK,LOW,NONE,NONE,3.9,tenda:a15_firmware,1
CVE-2026-4568,2026-03-23,3.1,6.3,MEDIUM,NETWORK,LOW,LOW,NONE,2.8,ahsanriaz26gmailcom:sales_and_inventory_system,1
CVE-2026-4569,2026-03-23,3.1,6.3,MEDIUM,NETWORK,LOW,LOW,NONE,2.8,ahsanriaz26gmailcom:sales_and_inventory_system,1
CVE-2025-10736,2026-03-23,3.1,6.5,MEDIUM,NETWORK,LOW,NONE,NONE,3.9,,0
CVE-2026-4570,2026-03-23,3.1,6.3,MEDIUM,NETWORK,LOW,LOW,NONE,2.8,ahsanriaz26gmailcom:sales_and_inventory_system,1
CVE-2026-4571,2026-03-23,3.1,6.3,MEDIUM,NETWORK,LOW,LOW,NONE,2.8,ahsanriaz26gmailcom:sales_and_inventory_system,1
CVE-2026-4572,2026-03-23,3.1,6.3,MEDIUM,NETWORK,LOW,LOW,NONE,2.8,ahsanriaz26gmailcom:sales_and_inventory_system,1
CVE-2025-10679,2026-03-23,3.1,7.3,HIGH,NETWORK,LOW,NONE,NONE,3.9,,0
CVE-2025-10731,2026-03-23,3.1,5.3,MEDIUM,NETWORK,LOW,NONE,NONE,3.9,,0
CVE-2025-10734,2026-03-23,3.1,5.3,MEDIUM,NETWORK,LOW,NONE,NONE,3.9,,0
CVE-2026-1969,2026-03-23,3.1,5.3,MEDIUM,NETWORK,LOW,NONE,NONE,3.9,,0
CVE-2026-4573,2026-03-23,3.1,6.3,MEDIUM,NETWORK,LOW,LOW,NONE,2.8,,0
CVE-2026-4574,2026-03-23,3.1,6.3,MEDIUM,NETWORK,LOW,LOW,NONE,2.8,,0
CVE-2026-4575,2026-03-23,3.1,2.4,LOW,NETWORK,LOW,HIGH,REQUIRED,0.9,,0
CVE-2026-4576,2026-03-23,3.1,2.4,LOW,NETWORK,LOW,HIGH,REQUIRED,0.9,,0
CVE-2026-4598,2026-03-23,3.1,7.5,HIGH,NETWORK,LOW,NONE,NONE,3.9,kjur:jsrsasign,1
CVE-2026-4599,2026-03-23,3.1,9.1,CRITICAL,NETWORK,LOW,NONE,NONE,3.9,kjur:jsrsasign,1
CVE-2026-4600,2026-03-23,3.1,7.4,HIGH,NETWORK,HIGH,NONE,NONE,2.2,kjur:jsrsasign,1
CVE-2026-4601,2026-03-23,3.1,8.7,HIGH,NETWORK,HIGH,NONE,NONE,2.2,kjur:jsrsasign,1
CVE-2026-4602,2026-03-23,3.1,7.5,HIGH,NETWORK,LOW,NONE,NONE,3.9,kjur:jsrsasign,1
CVE-2026-4603,2026-03-23,3.1,5.9,MEDIUM,LOCAL,LOW,NONE,NONE,2.5,kjur:jsrsasign,1
CVE-2025-13997,2026-03-23,3.1,5.3,MEDIUM,NETWORK,LOW,NONE,NONE,3.9,,0
CVE-2025-6229,2026-03-23,3.1,6.4,MEDIUM,NETWORK,LOW,LOW,NONE,3.1,,0
CVE-2026-23554,2026-03-23,3.1,7.8,HIGH,LOCAL,HIGH,LOW,NONE,1.1,xen:xen,1
CVE-2026-23555,2026-03-23,3.1,7.1,HIGH,LOCAL,LOW,NONE,NONE,2.5,xen:xen,1
CVE-2026-4577,2026-03-23,3.1,2.4,LOW,NETWORK,LOW,HIGH,REQUIRED,0.9,,0
CVE-2026-3587,2026-03-23,3.1,10.0,CRITICAL,NETWORK,LOW,NONE,NONE,3.9,,0
CVE-2026-4578,2026-03-23,3.1,2.4,LOW,NETWORK,LOW,HIGH,REQUIRED,0.9,,0
CVE-2026-4579,2026-03-23,3.1,7.3,HIGH,NETWORK,LOW,NONE,NONE,3.9,code-projects:simple_laundry_system,1
CVE-2026-4580,2026-03-23,3.1,7.3,HIGH,NETWORK,LOW,NONE,NONE,3.9,code-projects:simple_laundry_system,1
CVE-2026-4628,2026-03-23,3.1,4.3,MEDIUM,NETWORK,LOW,LOW,NONE,2.8,redhat:build_of_keycloak,1
CVE-2026-4581,2026-03-23,3.1,7.3,HIGH,NETWORK,LOW,NONE,NONE,3.9,code-projects:simple_laundry_system,1
CVE-2026-4582,2026-03-23,3.1,5.0,MEDIUM,ADJACENT,HIGH,NONE,NONE,1.6,,0
CVE-2026-28809,2026-03-23,3.1,5.3,MEDIUM,NETWORK,LOW,NONE,NONE,3.9,arekinath:esaml|dropbox:esaml|handnot2:esaml|jump-app:esaml,4
CVE-2026-4583,2026-03-23,3.1,5.0,MEDIUM,ADJACENT,HIGH,NONE,NONE,1.6,,0
CVE-2026-4633,2026-03-23,3.1,3.7,LOW,NETWORK,HIGH,NONE,NONE,2.2,redhat:build_of_keycloak,1
CVE-2026-31846,2026-03-23,3.1,6.5,MEDIUM,ADJACENT,LOW,NONE,NONE,2.8,,0
CVE-2026-32968,2026-03-23,3.1,9.8,CRITICAL,NETWORK,LOW,NONE,NONE,3.9,,0
CVE-2026-32969,2026-03-23,3.1,7.5,HIGH,NETWORK,LOW,NONE,NONE,3.9,,0
CVE-2026-4584,2026-03-23,3.1,3.1,LOW,ADJACENT,HIGH,NONE,NONE,1.6,,0
CVE-2026-4585,2026-03-23,3.1,9.8,CRITICAL,NETWORK,LOW,NONE,NONE,3.9,,0
CVE-2026-31847,2026-03-23,3.1,8.8,HIGH,NETWORK,LOW,LOW,NONE,2.8,nexxtsolutions:nebula300plus_firmware,1
CVE-2026-31848,2026-03-23,3.1,9.8,CRITICAL,NETWORK,LOW,NONE,NONE,3.9,nexxtsolutions:nebula300plus_firmware,1
CVE-2026-31849,2026-03-23,3.1,6.5,MEDIUM,NETWORK,LOW,NONE,REQUIRED,2.8,nexxtsolutions:nebula300plus_firmware,1
CVE-2026-31850,2026-03-23,3.1,4.9,MEDIUM,NETWORK,LOW,HIGH,NONE,1.2,nexxtsolutions:nebula300plus_firmware,1
CVE-2026-31851,2026-03-23,3.1,9.8,CRITICAL,NETWORK,LOW,NONE,NONE,3.9,nexxtsolutions:nebula300plus_firmware,1
CVE-2026-4586,2026-03-23,3.1,6.3,MEDIUM,NETWORK,LOW,LOW,NONE,2.8,,0
CVE-2026-4587,2026-03-23,3.1,3.7,LOW,NETWORK,HIGH,NONE,NONE,2.2,,0
CVE-2026-4588,2026-03-23,3.1,3.7,LOW,NETWORK,HIGH,NONE,NONE,2.2,,0
CVE-2019-25620,2026-03-23,3.1,6.2,MEDIUM,LOCAL,LOW,NONE,NONE,2.5,pixarra:tree_studio,1
CVE-2019-25621,2026-03-23,3.1,6.2,MEDIUM,LOCAL,LOW,NONE,NONE,2.5,pixarra:pixel_studio,1
CVE-2019-25622,2026-03-23,3.1,6.2,MEDIUM,LOCAL,LOW,NONE,NONE,2.5,pixarra:paint_studio,1
CVE-2019-25623,2026-03-23,3.1,6.2,MEDIUM,LOCAL,LOW,NONE,NONE,2.5,pixarra:luminance_studio,1
CVE-2019-25624,2026-03-23,3.1,6.2,MEDIUM,LOCAL,LOW,NONE,NONE,2.5,pixarra:liquid_studio,1
CVE-2019-25625,2026-03-23,3.1,6.2,MEDIUM,LOCAL,LOW,NONE,NONE,2.5,pixarra:blob_studio,1
CVE-2026-33297,2026-03-23,3.1,9.1,CRITICAL,NETWORK,LOW,NONE,NONE,3.9,wwbn:avideo,1
CVE-2026-33351,2026-03-23,3.1,9.1,CRITICAL,NETWORK,LOW,NONE,NONE,3.9,wwbn:avideo,1
CVE-2026-33352,2026-03-23,3.1,9.8,CRITICAL,NETWORK,LOW,NONE,NONE,3.9,wwbn:avideo,1
CVE-2026-3635,2026-03-23,3.1,6.1,MEDIUM,ADJACENT,HIGH,NONE,NONE,1.6,fastify:fastify,1
CVE-2026-4589,2026-03-23,3.1,6.3,MEDIUM,NETWORK,LOW,LOW,NONE,2.8,,0
CVE-2026-4647,2026-03-23,3.1,6.1,MEDIUM,LOCAL,LOW,NONE,REQUIRED,1.8,gnu:binutils|redhat:openshift_container_platform|redhat:enterprise_linux,3
CVE-2026-33354,2026-03-23,3.1,7.6,HIGH,NETWORK,LOW,LOW,NONE,2.8,wwbn:avideo,1
CVE-2026-33478,2026-03-23,3.1,10.0,CRITICAL,NETWORK,LOW,NONE,NONE,3.9,wwbn:avideo,1
CVE-2026-33479,2026-03-23,3.1,8.8,HIGH,NETWORK,LOW,NONE,REQUIRED,2.8,wwbn:avideo,1
CVE-2026-33480,2026-03-23,3.1,8.6,HIGH,NETWORK,LOW,NONE,NONE,3.9,wwbn:avideo,1
CVE-2026-33482,2026-03-23,3.1,8.1,HIGH,NETWORK,HIGH,NONE,NONE,2.2,wwbn:avideo,1
CVE-2026-33483,2026-03-23,3.1,7.5,HIGH,NETWORK,LOW,NONE,NONE,3.9,wwbn:avideo,1
CVE-2026-33485,2026-03-23,3.1,7.5,HIGH,NETWORK,LOW,NONE,NONE,3.9,wwbn:avideo,1
CVE-2026-4404,2026-03-23,3.1,9.4,CRITICAL,NETWORK,LOW,NONE,NONE,3.9,,0
CVE-2026-4590,2026-03-23,3.1,3.1,LOW,NETWORK,HIGH,NONE,REQUIRED,1.6,,0
CVE-2024-51222,2026-03-23,3.1,4.8,MEDIUM,NETWORK,LOW,HIGH,REQUIRED,1.7,phpgurukul:vehicle_record_management_system,1
CVE-2024-51223,2026-03-23,3.1,4.8,MEDIUM,NETWORK,LOW,HIGH,REQUIRED,1.7,phpgurukul:vehicle_record_management_system,1
CVE-2024-51224,2026-03-23,3.1,4.8,MEDIUM,NETWORK,LOW,HIGH,REQUIRED,1.7,phpgurukul:vehicle_record_management_system,1
CVE-2024-51225,2026-03-23,3.1,4.8,MEDIUM,NETWORK,LOW,HIGH,REQUIRED,1.7,phpgurukul:vehicle_record_management_system,1
CVE-2024-51226,2026-03-23,3.1,6.1,MEDIUM,NETWORK,LOW,NONE,REQUIRED,2.8,phpgurukul:vehicle_record_management_system,1
CVE-2026-32845,2026-03-23,3.1,8.4,HIGH,LOCAL,LOW,NONE,NONE,2.5,,0
CVE-2026-33488,2026-03-23,3.1,7.4,HIGH,NETWORK,HIGH,NONE,NONE,2.2,wwbn:avideo,1
CVE-2026-33492,2026-03-23,3.1,7.3,HIGH,NETWORK,LOW,LOW,REQUIRED,2.1,wwbn:avideo,1
CVE-2026-33493,2026-03-23,3.1,7.1,HIGH,NETWORK,LOW,LOW,NONE,2.8,wwbn:avideo,1
CVE-2026-4591,2026-03-23,3.1,4.7,MEDIUM,NETWORK,LOW,HIGH,NONE,1.2,,0
CVE-2026-4592,2026-03-23,3.1,5.6,MEDIUM,NETWORK,HIGH,NONE,NONE,2.2,,0
CVE-2026-24516,2026-03-23,3.1,8.8,HIGH,NETWORK,LOW,LOW,NONE,2.8,,0
CVE-2026-26828,2026-03-23,3.1,7.5,HIGH,NETWORK,LOW,NONE,NONE,3.9,,0
CVE-2026-26829,2026-03-23,3.1,7.5,HIGH,NETWORK,LOW,NONE,NONE,3.9,,0
CVE-2026-30006,2026-03-23,3.1,6.2,MEDIUM,LOCAL,LOW,NONE,NONE,2.5,xnview:nconvert,1
CVE-2026-30007,2026-03-23,3.1,6.2,MEDIUM,LOCAL,LOW,NONE,NONE,2.5,xnview:nconvert,1
CVE-2026-33499,2026-03-23,3.1,6.1,MEDIUM,NETWORK,LOW,NONE,REQUIRED,2.8,wwbn:avideo,1
CVE-2026-33500,2026-03-23,3.1,5.4,MEDIUM,NETWORK,LOW,LOW,REQUIRED,2.3,wwbn:avideo,1
CVE-2026-33501,2026-03-23,3.1,5.3,MEDIUM,NETWORK,LOW,NONE,NONE,3.9,wwbn:avideo,1
CVE-2026-33502,2026-03-23,3.1,9.3,CRITICAL,NETWORK,LOW,NONE,NONE,3.9,wwbn:avideo,1
CVE-2026-33507,2026-03-23,3.1,8.8,HIGH,NETWORK,LOW,NONE,REQUIRED,2.8,wwbn:avideo,1
CVE-2026-4593,2026-03-23,3.1,6.3,MEDIUM,NETWORK,LOW,LOW,NONE,2.8,,0
CVE-2025-15517,2026-03-23,3.1,8.1,HIGH,ADJACENT,LOW,NONE,NONE,2.8,tp-link:archer_nx600_firmware|tp-link:archer_nx500_firmware|tp-link:archer_nx210_firmware|tp-link:archer_nx200_firmware,4
CVE-2025-15518,2026-03-23,3.1,7.2,HIGH,NETWORK,LOW,HIGH,NONE,1.2,tp-link:archer_nx600_firmware|tp-link:archer_nx500_firmware|tp-link:archer_nx210_firmware|tp-link:archer_nx200_firmware,4
CVE-2025-15519,2026-03-23,3.1,7.2,HIGH,NETWORK,LOW,HIGH,NONE,1.2,tp-link:archer_nx600_firmware|tp-link:archer_nx500_firmware|tp-link:archer_nx210_firmware|tp-link:archer_nx200_firmware,4
CVE-2025-15605,2026-03-23,3.1,7.3,HIGH,ADJACENT,LOW,LOW,NONE,2.1,tp-link:archer_nx600_firmware|tp-link:archer_nx500_firmware|tp-link:archer_nx210_firmware|tp-link:archer_nx200_firmware,4
CVE-2026-4594,2026-03-23,3.1,7.3,HIGH,NETWORK,LOW,NONE,NONE,3.9,,0
CVE-2025-15606,2026-03-23,3.1,7.5,HIGH,NETWORK,LOW,NONE,NONE,3.9,tp-link:td-w8961nd_firmware,1
CVE-2026-25075,2026-03-23,3.1,7.5,HIGH,NETWORK,LOW,NONE,NONE,3.9,,0
CVE-2026-26209,2026-03-23,3.0,7.5,HIGH,NETWORK,LOW,NONE,NONE,3.9,agronholm:cbor2,1
CVE-2026-33512,2026-03-23,3.1,7.5,HIGH,NETWORK,LOW,NONE,NONE,3.9,wwbn:avideo,1
CVE-2026-33513,2026-03-23,3.1,8.6,HIGH,NETWORK,LOW,NONE,NONE,3.9,wwbn:avideo,1
CVE-2026-33647,2026-03-23,3.1,8.8,HIGH,NETWORK,LOW,LOW,NONE,2.8,wwbn:avideo,1
CVE-2026-33648,2026-03-23,3.1,8.8,HIGH,NETWORK,LOW,LOW,NONE,2.8,wwbn:avideo,1
CVE-2026-33649,2026-03-23,3.1,8.1,HIGH,NETWORK,LOW,NONE,REQUIRED,2.8,wwbn:avideo,1
CVE-2026-33650,2026-03-23,3.1,7.6,HIGH,NETWORK,LOW,LOW,NONE,2.8,wwbn:avideo,1
CVE-2026-33651,2026-03-23,3.1,8.1,HIGH,NETWORK,LOW,LOW,NONE,2.8,wwbn:avideo,1
CVE-2026-33681,2026-03-23,3.1,7.2,HIGH,NETWORK,LOW,HIGH,NONE,1.2,wwbn:avideo,1
CVE-2026-33683,2026-03-23,3.1,5.4,MEDIUM,NETWORK,LOW,LOW,REQUIRED,2.3,wwbn:avideo,1
CVE-2026-33685,2026-03-23,3.1,5.3,MEDIUM,NETWORK,LOW,NONE,NONE,3.9,wwbn:avideo,1
CVE-2026-33688,2026-03-23,3.1,5.3,MEDIUM,NETWORK,LOW,NONE,NONE,3.9,wwbn:avideo,1
CVE-2026-33690,2026-03-23,3.1,5.3,MEDIUM,NETWORK,LOW,NONE,NONE,3.9,wwbn:avideo,1
CVE-2026-33716,2026-03-23,3.1,9.4,CRITICAL,NETWORK,LOW,NONE,NONE,3.9,wwbn:avideo,1
CVE-2026-33717,2026-03-23,3.1,8.8,HIGH,NETWORK,LOW,LOW,NONE,2.8,wwbn:avideo,1
CVE-2026-33719,2026-03-23,3.1,8.6,HIGH,NETWORK,LOW,NONE,NONE,3.9,wwbn:avideo,1
CVE-2026-33723,2026-03-23,3.1,7.1,HIGH,NETWORK,LOW,LOW,NONE,2.8,wwbn:avideo,1
CVE-2026-4595,2026-03-23,3.1,2.4,LOW,NETWORK,LOW,HIGH,REQUIRED,0.9,,0
CVE-2024-46878,2026-03-23,3.1,5.4,MEDIUM,NETWORK,LOW,LOW,REQUIRED,2.3,tiki:tiki,1
CVE-2024-46879,2026-03-23,3.1,5.4,MEDIUM,NETWORK,LOW,LOW,REQUIRED,2.3,tiki:tiki,1
CVE-2025-52204,2026-03-23,3.1,6.1,MEDIUM,NETWORK,LOW,NONE,REQUIRED,2.8,,0
CVE-2026-27131,2026-03-23,3.1,5.5,MEDIUM,NETWORK,LOW,HIGH,NONE,1.2,,0
CVE-2026-2298,2026-03-23,3.1,9.4,CRITICAL,NETWORK,LOW,NONE,NONE,3.9,,0
CVE-2026-30849,2026-03-23,3.1,9.8,CRITICAL,NETWORK,LOW,NONE,NONE,3.9,mantisbt:mantisbt,1
CVE-2026-30886,2026-03-23,3.1,6.5,MEDIUM,NETWORK,LOW,LOW,NONE,2.8,newapi:new_api,1
CVE-2026-32850,2026-03-23,3.1,6.1,MEDIUM,NETWORK,LOW,NONE,REQUIRED,2.8,mailenable:mailenable,1
CVE-2026-32851,2026-03-23,3.1,6.1,MEDIUM,NETWORK,LOW,NONE,REQUIRED,2.8,mailenable:mailenable,1
CVE-2026-32852,2026-03-23,3.1,6.1,MEDIUM,NETWORK,LOW,NONE,REQUIRED,2.8,mailenable:mailenable,1
CVE-2026-32879,2026-03-23,3.1,4.9,MEDIUM,NETWORK,LOW,HIGH,NONE,1.2,newapi:new_api,1
CVE-2026-33517,2026-03-23,3.1,6.1,MEDIUM,NETWORK,LOW,NONE,REQUIRED,2.8,mantisbt:mantisbt,1
CVE-2026-33548,2026-03-23,3.1,6.1,MEDIUM,NETWORK,LOW,NONE,REQUIRED,2.8,mantisbt:mantisbt,1
CVE-2026-4596,2026-03-23,3.1,3.5,LOW,NETWORK,LOW,LOW,REQUIRED,2.1,projectworlds:online_lawyer_management_system,1
CVE-2026-23480,2026-03-23,3.1,8.8,HIGH,NETWORK,LOW,LOW,NONE,2.8,blinko:blinko,1
CVE-2026-23481,2026-03-23,3.1,6.5,MEDIUM,NETWORK,LOW,LOW,NONE,2.8,blinko:blinko,1
CVE-2026-23482,2026-03-23,3.1,7.5,HIGH,NETWORK,LOW,NONE,NONE,3.9,blinko:blinko,1
CVE-2026-23483,2026-03-23,3.1,5.3,MEDIUM,NETWORK,LOW,NONE,NONE,3.9,blinko:blinko,1
CVE-2026-23484,2026-03-23,3.1,6.5,MEDIUM,NETWORK,LOW,LOW,NONE,2.8,blinko:blinko,1
CVE-2026-23485,2026-03-23,3.1,5.3,MEDIUM,NETWORK,LOW,NONE,NONE,3.9,blinko:blinko,1
CVE-2026-23486,2026-03-23,3.1,5.3,MEDIUM,NETWORK,LOW,NONE,NONE,3.9,blinko:blinko,1
CVE-2026-23487,2026-03-23,3.1,6.5,MEDIUM,NETWORK,LOW,LOW,NONE,2.8,blinko:blinko,1
CVE-2026-23488,2026-03-23,3.1,5.3,MEDIUM,NETWORK,LOW,NONE,NONE,3.9,blinko:blinko,1
CVE-2026-23882,2026-03-23,3.1,7.2,HIGH,NETWORK,LOW,HIGH,NONE,1.2,blinko:blinko,1
CVE-2026-3055,2026-03-23,3.1,9.8,CRITICAL,NETWORK,LOW,NONE,NONE,3.9,citrix:netscaler_application_delivery_controller|citrix:netscaler_gateway,2
CVE-2026-4597,2026-03-23,3.1,6.3,MEDIUM,NETWORK,LOW,LOW,NONE,2.8,,0
CVE-2025-60946,2026-03-23,3.1,8.8,HIGH,NETWORK,LOW,LOW,NONE,2.8,csprousers:csweb,1
CVE-2025-60947,2026-03-23,3.1,8.8,HIGH,NETWORK,LOW,LOW,NONE,2.8,csprousers:csweb,1
CVE-2025-60948,2026-03-23,3.1,4.6,MEDIUM,NETWORK,LOW,LOW,REQUIRED,2.1,csprousers:csweb,1
CVE-2025-60949,2026-03-23,3.1,9.1,CRITICAL,NETWORK,LOW,NONE,NONE,3.9,csprousers:csweb,1
CVE-2026-1940,2026-03-23,3.1,5.1,MEDIUM,LOCAL,LOW,NONE,NONE,2.5,freedesktop:gst-plugins-good|gstreamer:gstreamer|debian:debian_linux|redhat:enterprise_linux,4
CVE-2026-27183,2026-03-23,3.1,5.3,MEDIUM,LOCAL,LOW,LOW,NONE,1.8,openclaw:openclaw,1
CVE-2026-27646,2026-03-23,3.1,6.1,MEDIUM,LOCAL,LOW,LOW,NONE,1.8,openclaw:openclaw,1
CVE-2026-29111,2026-03-23,3.1,5.5,MEDIUM,LOCAL,LOW,LOW,NONE,1.8,systemd_project:systemd,1
CVE-2026-32276,2026-03-23,3.1,8.8,HIGH,NETWORK,LOW,LOW,NONE,2.8,opensource-workshop:connect-cms,1
CVE-2026-32277,2026-03-23,3.1,8.7,HIGH,NETWORK,LOW,LOW,REQUIRED,2.3,opensource-workshop:connect-cms,1
CVE-2026-32278,2026-03-23,3.1,8.2,HIGH,NETWORK,HIGH,NONE,REQUIRED,1.6,opensource-workshop:connect-cms,1
CVE-2026-32279,2026-03-23,3.1,6.8,MEDIUM,NETWORK,LOW,HIGH,NONE,2.3,opensource-workshop:connect-cms,1
CVE-2026-32299,2026-03-23,3.1,7.5,HIGH,NETWORK,LOW,NONE,NONE,3.9,opensource-workshop:connect-cms,1
CVE-2026-32300,2026-03-23,3.1,8.1,HIGH,NETWORK,LOW,LOW,NONE,2.8,opensource-workshop:connect-cms,1
CVE-2026-32913,2026-03-23,3.1,9.3,CRITICAL,NETWORK,LOW,NONE,NONE,3.9,openclaw:openclaw,1
CVE-2026-33634,2026-03-23,3.1,8.8,HIGH,NETWORK,LOW,LOW,NONE,2.8,aquasec:setup-trivy|aquasec:trivy|aquasec:trivy_action|litellm:litellm|telnyx:telnyx,5
CVE-2026-4611,2026-03-23,3.1,7.2,HIGH,NETWORK,LOW,HIGH,NONE,1.2,totolink:x6000r_firmware,1
CVE-2026-4612,2026-03-23,3.1,7.3,HIGH,NETWORK,LOW,NONE,NONE,3.9,,0
CVE-2026-2412,2026-03-23,3.1,6.5,MEDIUM,NETWORK,LOW,LOW,NONE,2.8,,0
CVE-2026-33046,2026-03-23,3.1,8.8,HIGH,NETWORK,LOW,LOW,NONE,2.8,cern:indico,1
CVE-2026-3225,2026-03-23,3.1,4.3,MEDIUM,NETWORK,LOW,LOW,NONE,2.8,,0
CVE-2026-4066,2026-03-23,3.1,4.3,MEDIUM,NETWORK,LOW,LOW,NONE,2.8,,0
CVE-2026-4306,2026-03-23,3.1,7.5,HIGH,NETWORK,LOW,NONE,NONE,3.9,,0
CVE-2026-33169,2026-03-24,3.1,5.3,MEDIUM,NETWORK,LOW,NONE,NONE,3.9,rubyonrails:rails,1
CVE-2026-33170,2026-03-24,3.1,6.1,MEDIUM,NETWORK,LOW,NONE,REQUIRED,2.8,rubyonrails:rails,1
CVE-2026-33173,2026-03-24,3.1,5.3,MEDIUM,NETWORK,LOW,NONE,NONE,3.9,rubyonrails:rails,1
CVE-2026-33174,2026-03-24,3.1,7.5,HIGH,NETWORK,LOW,NONE,NONE,3.9,rubyonrails:rails,1
CVE-2026-33176,2026-03-24,3.1,7.5,HIGH,NETWORK,LOW,NONE,NONE,3.9,rubyonrails:rails,1
CVE-2026-33195,2026-03-24,3.1,9.8,CRITICAL,NETWORK,LOW,NONE,NONE,3.9,rubyonrails:rails,1
CVE-2026-33202,2026-03-24,3.1,9.1,CRITICAL,NETWORK,LOW,NONE,NONE,3.9,rubyonrails:rails,1
CVE-2026-33211,2026-03-24,3.1,9.6,CRITICAL,NETWORK,LOW,LOW,NONE,3.1,linuxfoundation:tekton_pipelines,1
CVE-2026-33241,2026-03-24,3.1,7.5,HIGH,NETWORK,LOW,NONE,NONE,3.9,salvo:salvo,1
CVE-2026-33242,2026-03-24,3.1,7.5,HIGH,NETWORK,LOW,NONE,NONE,3.9,salvo:salvo,1
CVE-2026-33250,2026-03-24,3.1,7.5,HIGH,NETWORK,LOW,NONE,NONE,3.9,,0
CVE-2026-33252,2026-03-24,3.1,7.1,HIGH,NETWORK,LOW,NONE,REQUIRED,2.8,lfprojects:mcp_go_sdk,1
CVE-2026-33281,2026-03-24,3.1,6.5,MEDIUM,NETWORK,LOW,LOW,NONE,2.8,ellanetworks:ella_core,1
CVE-2026-33282,2026-03-24,3.1,7.5,HIGH,NETWORK,LOW,NONE,NONE,3.9,ellanetworks:ella_core,1
CVE-2026-33283,2026-03-24,3.1,6.5,MEDIUM,NETWORK,LOW,LOW,NONE,2.8,ellanetworks:ella_core,1
CVE-2026-33286,2026-03-24,3.1,9.1,CRITICAL,NETWORK,LOW,NONE,NONE,3.9,graphiti:graphiti,1
CVE-2026-3533,2026-03-24,3.1,8.8,HIGH,NETWORK,LOW,LOW,NONE,2.8,,0
CVE-2026-4001,2026-03-24,3.1,9.8,CRITICAL,NETWORK,LOW,NONE,NONE,3.9,,0
CVE-2026-4021,2026-03-24,3.1,8.1,HIGH,NETWORK,HIGH,NONE,NONE,2.2,,0
CVE-2026-4056,2026-03-24,3.1,5.4,MEDIUM,NETWORK,LOW,LOW,NONE,2.8,,0
CVE-2026-4613,2026-03-24,3.1,7.3,HIGH,NETWORK,LOW,NONE,NONE,3.9,,0
CVE-2026-4614,2026-03-24,3.1,6.3,MEDIUM,NETWORK,LOW,LOW,NONE,2.8,,0
CVE-2026-4615,2026-03-24,3.1,7.3,HIGH,NETWORK,LOW,NONE,NONE,3.9,,0
CVE-2026-22739,2026-03-24,3.1,8.6,HIGH,NETWORK,LOW,NONE,NONE,3.9,,0
CVE-2026-33290,2026-03-24,3.1,4.3,MEDIUM,NETWORK,LOW,LOW,NONE,2.8,,0
CVE-2026-33298,2026-03-24,3.1,7.8,HIGH,LOCAL,LOW,NONE,REQUIRED,1.8,ggml:llama.cpp,1
CVE-2026-33306,2026-03-24,3.1,7.5,HIGH,NETWORK,LOW,NONE,NONE,3.9,bcrypt-ruby_project:bcrypt-ruby,1
CVE-2026-33320,2026-03-24,3.1,6.2,MEDIUM,LOCAL,LOW,NONE,NONE,2.5,tomwright:dasel,1
CVE-2026-4616,2026-03-24,3.1,2.4,LOW,NETWORK,LOW,HIGH,REQUIRED,0.9,,0
CVE-2026-4617,2026-03-24,3.1,7.3,HIGH,NETWORK,LOW,NONE,NONE,3.9,,0
CVE-2026-4673,2026-03-24,3.1,8.8,HIGH,NETWORK,LOW,NONE,REQUIRED,2.8,google:chrome,1
CVE-2026-4674,2026-03-24,3.1,8.8,HIGH,NETWORK,LOW,NONE,REQUIRED,2.8,google:chrome,1
CVE-2026-4675,2026-03-24,3.1,8.8,HIGH,NETWORK,LOW,NONE,REQUIRED,2.8,google:chrome,1
CVE-2026-4676,2026-03-24,3.1,8.8,HIGH,NETWORK,LOW,NONE,REQUIRED,2.8,google:chrome,1
CVE-2026-4677,2026-03-24,3.1,8.8,HIGH,NETWORK,LOW,NONE,REQUIRED,2.8,google:chrome,1
CVE-2026-4678,2026-03-24,3.1,8.8,HIGH,NETWORK,LOW,NONE,REQUIRED,2.8,google:chrome,1
CVE-2026-4679,2026-03-24,3.1,8.8,HIGH,NETWORK,LOW,NONE,REQUIRED,2.8,google:chrome,1
CVE-2026-4680,2026-03-24,3.1,8.8,HIGH,NETWORK,LOW,NONE,REQUIRED,2.8,google:chrome,1
CVE-2026-33307,2026-03-24,3.1,7.5,HIGH,NETWORK,LOW,NONE,NONE,3.9,mod_gnutls_project:mod_gnutls,1
CVE-2026-3079,2026-03-24,3.1,6.5,MEDIUM,NETWORK,LOW,LOW,NONE,2.8,,0
CVE-2026-33308,2026-03-24,3.1,6.8,MEDIUM,NETWORK,HIGH,NONE,NONE,2.2,mod_gnutls_project:mod_gnutls,1
CVE-2026-4623,2026-03-24,3.1,7.3,HIGH,NETWORK,LOW,NONE,NONE,3.9,,0
CVE-2026-4624,2026-03-24,3.1,7.3,HIGH,NETWORK,LOW,NONE,NONE,3.9,,0
CVE-2026-4625,2026-03-24,3.1,7.3,HIGH,NETWORK,LOW,NONE,NONE,3.9,,0
CVE-2026-4626,2026-03-24,3.1,3.5,LOW,NETWORK,LOW,LOW,REQUIRED,2.1,projectworlds:online_lawyer_management_system,1
CVE-2026-4733,2026-03-24,3.1,5.3,MEDIUM,NETWORK,LOW,NONE,NONE,3.9,,0
CVE-2026-3138,2026-03-24,3.1,6.5,MEDIUM,NETWORK,LOW,NONE,NONE,3.9,,0
CVE-2026-4283,2026-03-24,3.1,9.1,CRITICAL,NETWORK,LOW,NONE,NONE,3.9,,0
CVE-2026-4627,2026-03-24,3.1,7.2,HIGH,NETWORK,LOW,HIGH,NONE,1.2,,0
CVE-2026-4632,2026-03-24,3.1,7.3,HIGH,NETWORK,LOW,NONE,NONE,3.9,,0
CVE-2026-4639,2026-03-24,3.1,8.8,HIGH,NETWORK,LOW,LOW,NONE,2.8,gss:vitalsesp,1
CVE-2026-4640,2026-03-24,3.1,7.5,HIGH,NETWORK,LOW,NONE,NONE,3.9,gss:vitalsesp,1
CVE-2026-4662,2026-03-24,3.1,7.5,HIGH,NETWORK,LOW,NONE,NONE,3.9,,0
CVE-2026-33847,2026-03-24,3.1,7.8,HIGH,LOCAL,LOW,NONE,REQUIRED,1.8,linkingvision:rapidvms,1
CVE-2026-33848,2026-03-24,3.1,8.8,HIGH,NETWORK,LOW,NONE,REQUIRED,2.8,linkingvision:rapidvms,1
CVE-2026-33849,2026-03-24,3.1,8.8,HIGH,NETWORK,LOW,NONE,REQUIRED,2.8,linkingvision:rapidvms,1
CVE-2026-33850,2026-03-24,3.1,7.8,HIGH,LOCAL,LOW,NONE,REQUIRED,1.8,,0
CVE-2026-33851,2026-03-24,3.1,7.8,HIGH,LOCAL,LOW,NONE,REQUIRED,1.8,,0
CVE-2026-33853,2026-03-24,3.1,5.5,MEDIUM,LOCAL,LOW,NONE,REQUIRED,1.8,molotovcherry:android-imagemagick7,1
CVE-2026-33854,2026-03-24,3.1,8.8,HIGH,NETWORK,LOW,NONE,REQUIRED,2.8,molotovcherry:android-imagemagick7,1
CVE-2026-33855,2026-03-24,3.1,5.5,MEDIUM,LOCAL,LOW,NONE,REQUIRED,1.8,molotovcherry:android-imagemagick7,1
CVE-2026-33856,2026-03-24,3.1,7.5,HIGH,NETWORK,LOW,NONE,NONE,3.9,molotovcherry:android-imagemagick7,1
CVE-2026-4749,2026-03-24,3.1,6.5,MEDIUM,ADJACENT,LOW,NONE,NONE,2.8,,0
CVE-2026-4750,2026-03-24,3.1,9.1,CRITICAL,NETWORK,LOW,NONE,NONE,3.9,,0
CVE-2026-4751,2026-03-24,3.1,5.3,MEDIUM,NETWORK,LOW,NONE,NONE,3.9,,0
CVE-2026-4752,2026-03-24,3.1,6.4,MEDIUM,LOCAL,HIGH,HIGH,NONE,0.5,,0
CVE-2026-4753,2026-03-24,3.1,9.1,CRITICAL,NETWORK,LOW,NONE,NONE,3.9,,0
CVE-2026-33852,2026-03-24,3.1,7.5,HIGH,NETWORK,LOW,NONE,NONE,3.9,molotovcherry:android-imagemagick7,1
CVE-2026-4754,2026-03-24,3.1,6.1,MEDIUM,NETWORK,LOW,NONE,REQUIRED,2.8,molotovcherry:android-imagemagick7,1
CVE-2026-4755,2026-03-24,3.1,9.8,CRITICAL,NETWORK,LOW,NONE,NONE,3.9,molotovcherry:android-imagemagick7,1
CVE-2026-4756,2026-03-24,3.1,7.8,HIGH,LOCAL,LOW,NONE,REQUIRED,1.8,molotovcherry:android-imagemagick7,1
CVE-2025-41660,2026-03-24,3.1,8.8,HIGH,NETWORK,LOW,LOW,NONE,2.8,,0
CVE-2026-32642,2026-03-24,3.1,4.3,MEDIUM,NETWORK,LOW,LOW,NONE,2.8,apache:artemis,1
CVE-2026-3509,2026-03-24,3.1,7.5,HIGH,NETWORK,LOW,NONE,NONE,3.9,,0
CVE-2019-25626,2026-03-24,3.1,8.4,HIGH,LOCAL,LOW,NONE,NONE,2.5,river_past_cam_do_project:river_past_cam_do,1
CVE-2019-25627,2026-03-24,3.1,8.4,HIGH,LOCAL,LOW,NONE,NONE,2.5,flexhex:flexhex,1
CVE-2019-25628,2026-03-24,3.1,9.8,CRITICAL,NETWORK,LOW,NONE,NONE,3.9,,0
CVE-2019-25629,2026-03-24,3.1,8.4,HIGH,LOCAL,LOW,NONE,NONE,2.5,aida64:aida64,1
CVE-2019-25630,2026-03-24,3.1,8.8,HIGH,NETWORK,LOW,LOW,NONE,2.8,phreesoft:phreebookserp,1
CVE-2019-25631,2026-03-24,3.1,8.4,HIGH,LOCAL,LOW,NONE,NONE,2.5,aida64:aida64,1
CVE-2019-25632,2026-03-24,3.1,6.2,MEDIUM,LOCAL,LOW,NONE,NONE,2.5,dulldusk:phpfilemanager,1
CVE-2019-25633,2026-03-24,3.1,8.4,HIGH,LOCAL,LOW,NONE,NONE,2.5,aida64:aida64,1
CVE-2019-25634,2026-03-24,3.1,8.4,HIGH,LOCAL,LOW,NONE,NONE,2.5,4mhz:base64_decoder,1
CVE-2019-25635,2026-03-24,3.1,8.2,HIGH,NETWORK,LOW,NONE,NONE,3.9,zeeways:matrimony_cms,1
CVE-2019-25636,2026-03-24,3.1,8.2,HIGH,NETWORK,LOW,NONE,NONE,3.9,zeeways:jobsite_cms,1
CVE-2019-25637,2026-03-24,3.1,8.4,HIGH,LOCAL,LOW,NONE,NONE,2.5,,0
CVE-2019-25638,2026-03-24,3.1,7.1,HIGH,NETWORK,LOW,NONE,REQUIRED,2.8,,0
CVE-2019-25639,2026-03-24,3.1,8.2,HIGH,NETWORK,LOW,NONE,NONE,3.9,,0
CVE-2019-25640,2026-03-24,3.1,8.2,HIGH,NETWORK,LOW,NONE,NONE,3.9,,0
CVE-2019-25641,2026-03-24,3.1,8.2,HIGH,NETWORK,LOW,NONE,NONE,3.9,,0
CVE-2019-25642,2026-03-24,3.1,8.2,HIGH,NETWORK,LOW,NONE,NONE,3.9,,0
CVE-2019-25643,2026-03-24,3.1,8.2,HIGH,NETWORK,LOW,NONE,NONE,3.9,,0
CVE-2019-25644,2026-03-24,3.1,6.2,MEDIUM,LOCAL,LOW,NONE,NONE,2.5,direct-soft:winmpg_video_convert,1
CVE-2019-25645,2026-03-24,3.1,6.2,MEDIUM,LOCAL,LOW,NONE,NONE,2.5,,0
CVE-2019-25646,2026-03-24,3.1,9.8,CRITICAL,NETWORK,LOW,NONE,NONE,3.9,tabslab:mailcarrier,1
CVE-2019-25647,2026-03-24,3.1,8.8,HIGH,NETWORK,LOW,LOW,NONE,2.8,phreesoft:phreebookserp,1
CVE-2025-64998,2026-03-24,3.1,7.2,HIGH,NETWORK,LOW,HIGH,NONE,1.2,checkmk:checkmk,1
CVE-2026-33309,2026-03-24,3.1,9.9,CRITICAL,NETWORK,LOW,LOW,NONE,3.1,langflow:langflow,1
CVE-2026-33475,2026-03-24,3.1,9.1,CRITICAL,NETWORK,LOW,NONE,NONE,3.9,langflow:langflow,1
CVE-2026-4684,2026-03-24,3.1,7.5,HIGH,NETWORK,HIGH,NONE,REQUIRED,1.6,mozilla:firefox,1
CVE-2026-4685,2026-03-24,3.1,7.5,HIGH,NETWORK,LOW,NONE,NONE,3.9,mozilla:firefox,1
CVE-2026-4686,2026-03-24,3.1,7.5,HIGH,NETWORK,LOW,NONE,NONE,3.9,mozilla:firefox,1
CVE-2026-4687,2026-03-24,3.1,8.6,HIGH,NETWORK,LOW,NONE,NONE,3.9,mozilla:firefox,1
CVE-2026-4688,2026-03-24,3.1,10.0,CRITICAL,NETWORK,LOW,NONE,NONE,3.9,mozilla:firefox,1
CVE-2026-4689,2026-03-24,3.1,10.0,CRITICAL,NETWORK,LOW,NONE,NONE,3.9,mozilla:firefox|mozilla:thunderbird,2
CVE-2026-4690,2026-03-24,3.1,8.6,HIGH,NETWORK,LOW,NONE,NONE,3.9,mozilla:firefox,1
CVE-2026-4691,2026-03-24,3.1,9.8,CRITICAL,NETWORK,LOW,NONE,NONE,3.9,mozilla:firefox,1
CVE-2026-4692,2026-03-24,3.1,10.0,CRITICAL,NETWORK,LOW,NONE,NONE,3.9,mozilla:firefox|mozilla:thunderbird,2
CVE-2026-4693,2026-03-24,3.1,7.5,HIGH,NETWORK,LOW,NONE,NONE,3.9,mozilla:firefox,1
CVE-2026-4694,2026-03-24,3.1,7.5,HIGH,NETWORK,LOW,NONE,NONE,3.9,mozilla:firefox|mozilla:thunderbird,2
CVE-2026-4695,2026-03-24,3.1,7.5,HIGH,NETWORK,LOW,NONE,NONE,3.9,mozilla:firefox,1
CVE-2026-4696,2026-03-24,3.1,9.8,CRITICAL,NETWORK,LOW,NONE,NONE,3.9,mozilla:firefox,1
CVE-2026-4697,2026-03-24,3.1,7.5,HIGH,NETWORK,LOW,NONE,NONE,3.9,mozilla:firefox,1
CVE-2026-4698,2026-03-24,3.1,9.8,CRITICAL,NETWORK,LOW,NONE,NONE,3.9,mozilla:firefox,1
CVE-2026-4699,2026-03-24,3.1,7.5,HIGH,NETWORK,LOW,NONE,NONE,3.9,mozilla:firefox,1
CVE-2026-4700,2026-03-24,3.1,9.8,CRITICAL,NETWORK,LOW,NONE,NONE,3.9,mozilla:firefox,1
CVE-2026-4701,2026-03-24,3.1,9.8,CRITICAL,NETWORK,LOW,NONE,NONE,3.9,mozilla:firefox,1
CVE-2026-4702,2026-03-24,3.1,9.8,CRITICAL,NETWORK,LOW,NONE,NONE,3.9,mozilla:firefox,1
CVE-2026-4704,2026-03-24,3.1,7.5,HIGH,NETWORK,LOW,NONE,NONE,3.9,mozilla:firefox,1
CVE-2026-4705,2026-03-24,3.1,9.8,CRITICAL,NETWORK,LOW,NONE,NONE,3.9,mozilla:firefox,1
CVE-2026-4706,2026-03-24,3.1,7.5,HIGH,NETWORK,LOW,NONE,NONE,3.9,mozilla:firefox,1
CVE-2026-4707,2026-03-24,3.1,7.5,HIGH,NETWORK,LOW,NONE,NONE,3.9,mozilla:firefox,1
CVE-2026-4708,2026-03-24,3.1,7.5,HIGH,NETWORK,LOW,NONE,NONE,3.9,mozilla:firefox,1
CVE-2026-4709,2026-03-24,3.1,7.5,HIGH,NETWORK,LOW,NONE,NONE,3.9,mozilla:firefox,1
CVE-2026-4710,2026-03-24,3.1,9.8,CRITICAL,NETWORK,LOW,NONE,NONE,3.9,mozilla:firefox|mozilla:thunderbird,2
CVE-2026-4711,2026-03-24,3.1,9.8,CRITICAL,NETWORK,LOW,NONE,NONE,3.9,mozilla:firefox,1
CVE-2026-4712,2026-03-24,3.1,7.5,HIGH,NETWORK,LOW,NONE,NONE,3.9,mozilla:firefox,1
CVE-2026-4713,2026-03-24,3.1,7.5,HIGH,NETWORK,LOW,NONE,NONE,3.9,mozilla:firefox,1
CVE-2026-4714,2026-03-24,3.1,7.5,HIGH,NETWORK,LOW,NONE,NONE,3.9,mozilla:firefox,1
CVE-2026-4715,2026-03-24,3.1,9.1,CRITICAL,NETWORK,LOW,NONE,NONE,3.9,mozilla:firefox,1
CVE-2026-4716,2026-03-24,3.1,9.1,CRITICAL,NETWORK,LOW,NONE,NONE,3.9,mozilla:firefox,1
CVE-2026-4717,2026-03-24,3.1,9.8,CRITICAL,NETWORK,LOW,NONE,NONE,3.9,mozilla:firefox,1
CVE-2026-4718,2026-03-24,3.1,8.1,HIGH,NETWORK,LOW,NONE,REQUIRED,2.8,mozilla:firefox|mozilla:thunderbird,2
CVE-2026-4719,2026-03-24,3.1,7.5,HIGH,NETWORK,LOW,NONE,NONE,3.9,mozilla:firefox,1
CVE-2026-4720,2026-03-24,3.1,9.8,CRITICAL,NETWORK,LOW,NONE,NONE,3.9,mozilla:firefox|mozilla:thunderbird,2
CVE-2026-4721,2026-03-24,3.1,9.8,CRITICAL,NETWORK,LOW,NONE,NONE,3.9,mozilla:firefox|mozilla:thunderbird,2
CVE-2026-4722,2026-03-24,3.1,8.8,HIGH,NETWORK,LOW,NONE,REQUIRED,2.8,mozilla:firefox,1
CVE-2026-4723,2026-03-24,3.1,9.8,CRITICAL,NETWORK,LOW,NONE,NONE,3.9,mozilla:firefox,1
CVE-2026-4724,2026-03-24,3.1,9.1,CRITICAL,NETWORK,LOW,NONE,NONE,3.9,mozilla:firefox|mozilla:thunderbird,2
CVE-2026-4725,2026-03-24,3.1,10.0,CRITICAL,NETWORK,LOW,NONE,NONE,3.9,mozilla:firefox,1
CVE-2026-4726,2026-03-24,3.1,7.5,HIGH,NETWORK,LOW,NONE,NONE,3.9,mozilla:firefox|mozilla:thunderbird,2
CVE-2026-4727,2026-03-24,3.1,7.5,HIGH,NETWORK,LOW,NONE,NONE,3.9,mozilla:firefox|mozilla:thunderbird,2
CVE-2026-4728,2026-03-24,3.1,6.5,MEDIUM,NETWORK,LOW,NONE,REQUIRED,2.8,mozilla:firefox|mozilla:thunderbird,2
CVE-2026-4729,2026-03-24,3.1,9.8,CRITICAL,NETWORK,LOW,NONE,NONE,3.9,mozilla:firefox|mozilla:thunderbird,2
CVE-2026-33310,2026-03-24,3.1,8.8,HIGH,NETWORK,LOW,NONE,REQUIRED,2.8,intake:intake,1
CVE-2026-33311,2026-03-24,3.1,4.7,MEDIUM,NETWORK,HIGH,NONE,REQUIRED,1.6,dicebear:dicebear,1
CVE-2026-33418,2026-03-24,3.1,7.5,HIGH,NETWORK,LOW,NONE,NONE,3.9,dicebear:dicebear,1
CVE-2026-33484,2026-03-24,3.1,7.5,HIGH,NETWORK,LOW,NONE,NONE,3.9,langflow:langflow,1
CVE-2026-33497,2026-03-24,3.1,7.5,HIGH,NETWORK,LOW,NONE,NONE,3.9,langflow:langflow,1
CVE-2026-27651,2026-03-24,3.1,7.5,HIGH,NETWORK,LOW,NONE,NONE,3.9,f5:nginx_open_source|f5:nginx_plus,2
CVE-2026-27654,2026-03-24,3.1,8.2,HIGH,NETWORK,LOW,NONE,NONE,3.9,f5:nginx_plus|f5:nginx_open_source,2
CVE-2026-27784,2026-03-24,3.1,7.8,HIGH,LOCAL,LOW,LOW,NONE,1.8,f5:nginx_open_source,1
CVE-2026-28753,2026-03-24,3.1,3.7,LOW,NETWORK,HIGH,NONE,NONE,2.2,f5:nginx_plus|f5:nginx_open_source,2
CVE-2026-28755,2026-03-24,3.1,5.4,MEDIUM,NETWORK,LOW,LOW,NONE,2.8,f5:nginx_plus|f5:nginx_open_source,2
CVE-2026-30653,2026-03-24,3.1,7.5,HIGH,NETWORK,LOW,NONE,NONE,3.9,free5gc:free5gc,1
CVE-2026-30655,2026-03-24,3.1,6.5,MEDIUM,NETWORK,LOW,NONE,NONE,3.9,esiclivre:esiclivre,1
CVE-2026-30661,2026-03-24,3.1,6.1,MEDIUM,NETWORK,LOW,NONE,REQUIRED,2.8,idreamsoft:icms,1
CVE-2026-30662,2026-03-24,3.1,6.5,MEDIUM,NETWORK,LOW,LOW,NONE,2.8,concretecms:concrete_cms,1
CVE-2026-32647,2026-03-24,3.1,7.8,HIGH,LOCAL,LOW,LOW,NONE,1.8,f5:nginx_plus|f5:nginx_open_source,2
CVE-2026-33313,2026-03-24,3.1,4.3,MEDIUM,NETWORK,LOW,LOW,NONE,2.8,vikunja:vikunja,1
CVE-2026-33315,2026-03-24,3.1,4.3,MEDIUM,NETWORK,LOW,LOW,NONE,2.8,vikunja:vikunja,1
CVE-2026-33316,2026-03-24,3.1,8.1,HIGH,NETWORK,LOW,LOW,NONE,2.8,vikunja:vikunja,1
CVE-2026-33554,2026-03-24,3.1,7.5,HIGH,NETWORK,LOW,NONE,NONE,3.9,,0
CVE-2026-4775,2026-03-24,3.1,7.8,HIGH,LOCAL,LOW,NONE,REQUIRED,1.8,libtiff:libtiff|redhat:hardened_images|debian:debian_linux|redhat:enterprise_linux,4
CVE-2026-29839,2026-03-24,3.1,8.8,HIGH,NETWORK,LOW,NONE,REQUIRED,2.8,dedecms:dedecms,1
CVE-2026-29840,2026-03-24,3.1,5.4,MEDIUM,NETWORK,LOW,LOW,REQUIRED,2.3,jizhicms:jizhicms,1
CVE-2026-33334,2026-03-24,3.1,9.6,CRITICAL,NETWORK,LOW,NONE,REQUIRED,2.8,vikunja:vikunja,1
CVE-2026-33335,2026-03-24,3.1,8.0,HIGH,NETWORK,LOW,LOW,REQUIRED,2.1,vikunja:vikunja,1
CVE-2026-33336,2026-03-24,3.1,8.8,HIGH,NETWORK,LOW,NONE,REQUIRED,2.8,vikunja:vikunja,1
CVE-2026-33473,2026-03-24,3.1,5.7,MEDIUM,NETWORK,LOW,LOW,REQUIRED,2.1,vikunja:vikunja,1
CVE-2026-33474,2026-03-24,3.1,6.5,MEDIUM,NETWORK,LOW,LOW,NONE,2.8,vikunja:vikunja,1
CVE-2026-33668,2026-03-24,3.1,8.1,HIGH,NETWORK,LOW,LOW,NONE,2.8,vikunja:vikunja,1
CVE-2026-33675,2026-03-24,3.1,6.4,MEDIUM,NETWORK,LOW,LOW,NONE,3.1,vikunja:vikunja,1
CVE-2026-33676,2026-03-24,3.1,6.5,MEDIUM,NETWORK,LOW,LOW,NONE,2.8,vikunja:vikunja,1
CVE-2026-33677,2026-03-24,3.1,6.5,MEDIUM,NETWORK,LOW,LOW,NONE,2.8,vikunja:vikunja,1
CVE-2026-33678,2026-03-24,3.1,8.1,HIGH,NETWORK,LOW,LOW,NONE,2.8,vikunja:vikunja,1
CVE-2026-33679,2026-03-24,3.1,6.4,MEDIUM,NETWORK,LOW,LOW,NONE,3.1,vikunja:vikunja,1
CVE-2026-33680,2026-03-24,3.1,7.5,HIGH,NETWORK,LOW,NONE,NONE,3.9,vikunja:vikunja,1
CVE-2026-33700,2026-03-24,3.1,4.9,MEDIUM,NETWORK,LOW,HIGH,NONE,1.2,vikunja:vikunja,1
CVE-2026-33340,2026-03-24,3.1,9.1,CRITICAL,NETWORK,LOW,NONE,NONE,3.9,lollms:lollms_web_ui,1
CVE-2026-32853,2026-03-24,3.1,8.1,HIGH,NETWORK,LOW,NONE,REQUIRED,2.8,libvncserver_project:libvncserver,1
CVE-2026-32854,2026-03-24,3.1,7.5,HIGH,NETWORK,LOW,NONE,NONE,3.9,libvncserver_project:libvncserver,1
CVE-2026-33157,2026-03-24,3.1,7.2,HIGH,NETWORK,LOW,HIGH,NONE,1.2,craftcms:craft_cms,1
CVE-2026-33158,2026-03-24,3.1,6.5,MEDIUM,NETWORK,LOW,LOW,NONE,2.8,craftcms:craft_cms,1
CVE-2026-33159,2026-03-24,3.1,6.5,MEDIUM,NETWORK,LOW,NONE,NONE,3.9,craftcms:craft_cms,1
CVE-2026-33160,2026-03-24,3.1,5.3,MEDIUM,NETWORK,LOW,NONE,NONE,3.9,craftcms:craft_cms,1
CVE-2026-33161,2026-03-24,3.1,4.3,MEDIUM,NETWORK,LOW,LOW,NONE,2.8,craftcms:craft_cms,1
CVE-2026-33162,2026-03-24,3.1,6.5,MEDIUM,NETWORK,LOW,LOW,NONE,2.8,craftcms:craft_cms,1
CVE-2026-33399,2026-03-24,3.1,7.7,HIGH,NETWORK,LOW,LOW,NONE,3.1,wallosapp:wallos,1
CVE-2026-33400,2026-03-24,3.1,5.4,MEDIUM,NETWORK,LOW,LOW,REQUIRED,2.3,wallosapp:wallos,1
CVE-2026-33401,2026-03-24,3.1,6.5,MEDIUM,NETWORK,LOW,LOW,NONE,2.8,wallosapp:wallos,1
CVE-2026-33407,2026-03-24,3.1,9.1,CRITICAL,NETWORK,LOW,NONE,NONE,3.9,wallosapp:wallos,1
CVE-2026-1995,2026-03-24,3.1,7.8,HIGH,LOCAL,LOW,LOW,NONE,1.8,,0
CVE-2026-29772,2026-03-24,3.1,5.9,MEDIUM,NETWORK,HIGH,NONE,NONE,2.2,astro:\@astrojs\/node,1
CVE-2026-30932,2026-03-24,3.1,8.8,HIGH,NETWORK,LOW,LOW,NONE,2.8,froxlor:froxlor,1
CVE-2026-33323,2026-03-24,3.1,5.3,MEDIUM,NETWORK,LOW,NONE,NONE,3.9,parseplatform:parse-server,1
CVE-2026-33409,2026-03-24,3.1,9.1,CRITICAL,NETWORK,LOW,NONE,NONE,3.9,parseplatform:parse-server,1
CVE-2026-33417,2026-03-24,3.1,6.5,MEDIUM,NETWORK,HIGH,NONE,NONE,2.2,wallosapp:wallos,1
CVE-2026-33421,2026-03-24,3.1,6.5,MEDIUM,NETWORK,LOW,LOW,NONE,2.8,parseplatform:parse-server,1
CVE-2026-33429,2026-03-24,3.1,5.3,MEDIUM,NETWORK,LOW,NONE,NONE,3.9,parseplatform:parse-server,1
CVE-2026-33498,2026-03-24,3.1,7.5,HIGH,NETWORK,LOW,NONE,NONE,3.9,parseplatform:parse-server,1
CVE-2026-33508,2026-03-24,3.1,7.5,HIGH,NETWORK,LOW,NONE,NONE,3.9,parseplatform:parse-server,1
CVE-2026-33527,2026-03-24,3.1,4.3,MEDIUM,NETWORK,LOW,LOW,NONE,2.8,parseplatform:parse-server,1
CVE-2026-33538,2026-03-24,3.1,7.5,HIGH,NETWORK,LOW,NONE,NONE,3.9,parseplatform:parse-server,1
CVE-2026-33539,2026-03-24,3.1,7.2,HIGH,NETWORK,LOW,HIGH,NONE,1.2,parseplatform:parse-server,1
CVE-2026-33624,2026-03-24,3.1,2.7,LOW,NETWORK,LOW,HIGH,NONE,1.2,parseplatform:parse-server,1
CVE-2026-33627,2026-03-24,3.1,6.5,MEDIUM,NETWORK,LOW,LOW,NONE,2.8,parseplatform:parse-server,1
CVE-2026-33768,2026-03-24,3.1,6.5,MEDIUM,NETWORK,LOW,NONE,NONE,3.9,astro:\@astrojs\/vercel,1
CVE-2026-33769,2026-03-24,3.1,5.3,MEDIUM,NETWORK,LOW,NONE,NONE,3.9,astro:astro,1
CVE-2026-21783,2026-03-24,3.1,4.3,MEDIUM,NETWORK,LOW,LOW,NONE,2.8,hcltech:traveler,1
CVE-2026-22559,2026-03-24,3.1,8.8,HIGH,NETWORK,LOW,NONE,REQUIRED,2.8,,0
CVE-2026-32948,2026-03-24,3.1,7.8,HIGH,LOCAL,LOW,NONE,REQUIRED,1.8,scala.epfl:sbt,1
CVE-2026-33314,2026-03-24,3.1,6.5,MEDIUM,NETWORK,LOW,NONE,NONE,3.9,pyload-ng_project:pyload-ng,1
CVE-2026-33322,2026-03-24,3.1,9.8,CRITICAL,NETWORK,LOW,NONE,NONE,3.9,minio:minio,1
CVE-2026-33326,2026-03-24,3.1,4.3,MEDIUM,NETWORK,LOW,LOW,NONE,2.8,keystonejs:keystone,1
CVE-2026-33329,2026-03-24,3.1,8.1,HIGH,NETWORK,LOW,LOW,NONE,2.8,filerise:filerise,1
CVE-2026-33330,2026-03-24,3.1,7.1,HIGH,NETWORK,LOW,LOW,NONE,2.8,filerise:filerise,1
CVE-2026-33331,2026-03-24,3.1,8.2,HIGH,NETWORK,LOW,NONE,REQUIRED,2.8,orpc:orpc,1
CVE-2026-33332,2026-03-24,3.1,7.5,HIGH,NETWORK,LOW,NONE,NONE,3.9,zauberzeug:nicegui,1
CVE-2026-33344,2026-03-24,3.1,8.1,HIGH,NETWORK,LOW,LOW,NONE,2.8,dagu:dagu,1
CVE-2026-33345,2026-03-24,3.1,6.5,MEDIUM,NETWORK,LOW,LOW,NONE,2.8,solidtime:solidtime,1
CVE-2026-33347,2026-03-24,3.1,6.1,MEDIUM,NETWORK,LOW,NONE,REQUIRED,2.8,thephpleague:commonmark,1
CVE-2026-33349,2026-03-24,3.1,5.9,MEDIUM,NETWORK,HIGH,NONE,NONE,2.2,naturalintelligence:fast-xml-parser,1
CVE-2026-33353,2026-03-24,3.1,6.5,MEDIUM,NETWORK,LOW,LOW,NONE,2.8,charm:soft_serve,1
CVE-2026-33412,2026-03-24,3.1,5.6,MEDIUM,LOCAL,LOW,LOW,REQUIRED,1.3,vim:vim,1
CVE-2026-33419,2026-03-24,3.1,7.5,HIGH,NETWORK,LOW,NONE,NONE,3.9,minio:minio,1
CVE-2026-33509,2026-03-24,3.1,7.5,HIGH,NETWORK,HIGH,LOW,NONE,1.6,pyload:pyload|pyload-ng_project:pyload-ng,2
CVE-2026-33511,2026-03-24,3.1,9.8,CRITICAL,NETWORK,LOW,NONE,NONE,3.9,pyload:pyload|pyload-ng_project:pyload-ng,2
CVE-2025-33215,2026-03-24,3.1,6.8,MEDIUM,ADJACENT,LOW,LOW,NONE,2.3,,0
CVE-2025-33216,2026-03-24,3.1,6.8,MEDIUM,ADJACENT,LOW,LOW,NONE,2.3,,0
CVE-2025-33238,2026-03-24,3.1,7.5,HIGH,NETWORK,LOW,NONE,NONE,3.9,nvidia:triton_inference_server,1
CVE-2025-33242,2026-03-24,3.1,5.9,MEDIUM,NETWORK,HIGH,HIGH,NONE,0.7,,0
CVE-2025-33244,2026-03-24,3.1,9.0,CRITICAL,ADJACENT,LOW,LOW,NONE,2.3,,0
CVE-2025-33247,2026-03-24,3.1,7.8,HIGH,LOCAL,LOW,LOW,NONE,1.8,nvidia:megatron-lm,1
CVE-2025-33248,2026-03-24,3.1,7.8,HIGH,LOCAL,LOW,LOW,NONE,1.8,nvidia:megatron-lm,1
CVE-2025-33254,2026-03-24,3.1,7.5,HIGH,NETWORK,LOW,NONE,NONE,3.9,nvidia:triton_inference_server,1
CVE-2026-21790,2026-03-24,3.1,6.3,MEDIUM,NETWORK,LOW,LOW,NONE,2.8,,0
CVE-2026-24141,2026-03-24,3.1,7.8,HIGH,LOCAL,LOW,NONE,REQUIRED,1.8,,0
CVE-2026-24150,2026-03-24,3.1,7.8,HIGH,LOCAL,LOW,LOW,NONE,1.8,nvidia:megatron-lm,1
CVE-2026-24151,2026-03-24,3.1,7.8,HIGH,LOCAL,LOW,LOW,NONE,1.8,nvidia:megatron-lm,1
CVE-2026-24152,2026-03-24,3.1,7.8,HIGH,LOCAL,LOW,LOW,NONE,1.8,nvidia:megatron-lm,1
CVE-2026-24157,2026-03-24,3.1,7.8,HIGH,LOCAL,LOW,LOW,NONE,1.8,nvidia:nemo,1
CVE-2026-24158,2026-03-24,3.1,7.5,HIGH,NETWORK,LOW,NONE,NONE,3.9,nvidia:triton_inference_server,1
CVE-2026-24159,2026-03-24,3.1,7.8,HIGH,LOCAL,LOW,LOW,NONE,1.8,nvidia:nemo,1
CVE-2026-33215,2026-03-24,3.1,6.5,MEDIUM,NETWORK,HIGH,NONE,NONE,2.2,linuxfoundation:nats-server,1
CVE-2026-3889,2026-03-24,3.1,6.5,MEDIUM,NETWORK,LOW,NONE,REQUIRED,2.8,mozilla:thunderbird,1
CVE-2026-4371,2026-03-24,3.1,7.4,HIGH,NETWORK,HIGH,NONE,NONE,2.2,mozilla:thunderbird,1
CVE-2026-4777,2026-03-24,3.1,6.3,MEDIUM,NETWORK,LOW,LOW,NONE,2.8,ahsanriaz26gmailcom:sales_and_inventory_system,1
CVE-2026-4778,2026-03-24,3.1,6.3,MEDIUM,NETWORK,LOW,LOW,NONE,2.8,ahsanriaz26gmailcom:sales_and_inventory_system,1
CVE-2026-4779,2026-03-24,3.1,6.3,MEDIUM,NETWORK,LOW,LOW,NONE,2.8,ahsanriaz26gmailcom:sales_and_inventory_system,1
CVE-2026-4780,2026-03-25,3.1,6.3,MEDIUM,NETWORK,LOW,LOW,NONE,2.8,ahsanriaz26gmailcom:sales_and_inventory_system,1
CVE-2026-4781,2026-03-25,3.1,6.3,MEDIUM,NETWORK,LOW,LOW,NONE,2.8,ahsanriaz26gmailcom:sales_and_inventory_system,1
CVE-2025-43534,2026-03-25,3.1,6.8,MEDIUM,PHYSICAL,LOW,NONE,NONE,0.9,apple:ipados|apple:iphone_os,2
CVE-2026-20607,2026-03-25,3.1,4.0,MEDIUM,LOCAL,LOW,NONE,NONE,2.5,apple:macos,1
CVE-2026-20622,2026-03-25,3.1,7.5,HIGH,NETWORK,LOW,NONE,NONE,3.9,apple:macos,1
CVE-2026-20631,2026-03-25,3.1,8.8,HIGH,NETWORK,LOW,LOW,NONE,2.8,apple:macos,1
CVE-2026-20632,2026-03-25,3.1,5.3,MEDIUM,NETWORK,LOW,NONE,NONE,3.9,apple:macos,1
CVE-2026-20633,2026-03-25,3.1,5.5,MEDIUM,LOCAL,LOW,NONE,REQUIRED,1.8,apple:macos,1
CVE-2026-20637,2026-03-25,3.1,6.2,MEDIUM,LOCAL,LOW,NONE,NONE,2.5,apple:ipados|apple:iphone_os|apple:macos|apple:tvos|apple:visionos|apple:watchos,6
CVE-2026-20639,2026-03-25,3.1,7.5,HIGH,NETWORK,LOW,NONE,NONE,3.9,apple:macos,1
CVE-2026-20651,2026-03-25,3.1,6.2,MEDIUM,LOCAL,LOW,NONE,NONE,2.5,apple:macos,1
CVE-2026-20657,2026-03-25,3.1,6.5,MEDIUM,NETWORK,LOW,NONE,REQUIRED,2.8,apple:ipados|apple:iphone_os|apple:macos,3
CVE-2026-20664,2026-03-25,3.1,4.3,MEDIUM,NETWORK,LOW,NONE,REQUIRED,2.8,apple:safari|apple:ipados|apple:iphone_os|apple:macos|apple:visionos,5
CVE-2026-20665,2026-03-25,3.1,6.5,MEDIUM,NETWORK,LOW,NONE,NONE,3.9,apple:safari|apple:ipados|apple:iphone_os|apple:macos|apple:tvos|apple:visionos|apple:watchos,7
CVE-2026-20668,2026-03-25,3.1,5.5,MEDIUM,LOCAL,LOW,NONE,REQUIRED,1.8,apple:ipados|apple:iphone_os|apple:macos|apple:visionos,4
CVE-2026-20670,2026-03-25,3.1,5.5,MEDIUM,LOCAL,LOW,LOW,NONE,1.8,apple:macos,1
CVE-2026-20684,2026-03-25,3.1,3.3,LOW,LOCAL,LOW,NONE,REQUIRED,1.8,apple:macos,1
CVE-2026-20686,2026-03-25,3.1,5.3,MEDIUM,NETWORK,LOW,NONE,NONE,3.9,apple:ipados|apple:iphone_os,2
CVE-2026-20687,2026-03-25,3.1,7.1,HIGH,LOCAL,LOW,NONE,REQUIRED,1.8,apple:ipados|apple:iphone_os|apple:macos|apple:tvos|apple:watchos,5
CVE-2026-20688,2026-03-25,3.1,9.3,CRITICAL,LOCAL,LOW,NONE,NONE,2.5,apple:ipados|apple:iphone_os|apple:macos|apple:visionos,4
CVE-2026-20690,2026-03-25,3.1,6.5,MEDIUM,NETWORK,LOW,NONE,REQUIRED,2.8,apple:ipados|apple:iphone_os|apple:macos|apple:tvos|apple:visionos|apple:watchos,6
CVE-2026-20691,2026-03-25,3.1,4.3,MEDIUM,NETWORK,LOW,NONE,REQUIRED,2.8,apple:safari|apple:ipados|apple:iphone_os|apple:macos|apple:visionos|apple:watchos,6
CVE-2026-20692,2026-03-25,3.1,5.3,MEDIUM,NETWORK,LOW,NONE,NONE,3.9,apple:ipados|apple:iphone_os|apple:macos,3
CVE-2026-20693,2026-03-25,3.1,4.9,MEDIUM,NETWORK,LOW,HIGH,NONE,1.2,apple:macos,1
CVE-2026-20694,2026-03-25,3.1,5.5,MEDIUM,LOCAL,LOW,LOW,NONE,1.8,apple:ipados|apple:iphone_os|apple:macos,3
CVE-2026-20695,2026-03-25,3.1,6.2,MEDIUM,LOCAL,LOW,NONE,NONE,2.5,apple:macos,1
CVE-2026-20697,2026-03-25,3.1,5.3,MEDIUM,NETWORK,LOW,NONE,NONE,3.9,apple:macos,1
CVE-2026-20698,2026-03-25,3.1,7.8,HIGH,LOCAL,LOW,LOW,NONE,1.8,apple:ipados|apple:iphone_os|apple:macos|apple:tvos|apple:visionos|apple:watchos,6
CVE-2026-20699,2026-03-25,3.1,6.2,MEDIUM,LOCAL,LOW,NONE,NONE,2.5,apple:macos,1
CVE-2026-20701,2026-03-25,3.1,7.5,HIGH,NETWORK,LOW,NONE,NONE,3.9,apple:macos,1
CVE-2026-28816,2026-03-25,3.1,4.0,MEDIUM,LOCAL,LOW,NONE,NONE,2.5,apple:macos,1
CVE-2026-28817,2026-03-25,3.1,8.1,HIGH,LOCAL,HIGH,NONE,NONE,1.4,apple:macos,1
CVE-2026-28818,2026-03-25,3.1,5.3,MEDIUM,NETWORK,LOW,NONE,NONE,3.9,apple:macos,1
CVE-2026-28820,2026-03-25,3.1,5.3,MEDIUM,NETWORK,LOW,NONE,NONE,3.9,apple:macos,1
CVE-2026-28821,2026-03-25,3.1,8.4,HIGH,LOCAL,LOW,NONE,NONE,2.5,apple:macos,1
CVE-2026-28822,2026-03-25,3.1,6.2,MEDIUM,LOCAL,LOW,NONE,NONE,2.5,apple:ipados|apple:iphone_os|apple:macos|apple:tvos|apple:visionos|apple:watchos,6
CVE-2026-28823,2026-03-25,3.1,4.9,MEDIUM,NETWORK,LOW,HIGH,NONE,1.2,apple:macos,1
CVE-2026-28824,2026-03-25,3.1,5.3,MEDIUM,NETWORK,LOW,NONE,NONE,3.9,apple:macos,1
CVE-2026-28825,2026-03-25,3.1,7.1,HIGH,NETWORK,LOW,NONE,REQUIRED,2.8,apple:macos,1
CVE-2026-28826,2026-03-25,3.1,4.0,MEDIUM,LOCAL,LOW,NONE,NONE,2.5,apple:macos,1
CVE-2026-28827,2026-03-25,3.1,9.3,CRITICAL,LOCAL,LOW,NONE,NONE,2.5,apple:macos,1
CVE-2026-28828,2026-03-25,3.1,5.3,MEDIUM,NETWORK,LOW,NONE,NONE,3.9,apple:macos,1
CVE-2026-28829,2026-03-25,3.1,5.5,MEDIUM,LOCAL,LOW,NONE,REQUIRED,1.8,apple:macos,1
CVE-2026-28831,2026-03-25,3.1,5.5,MEDIUM,LOCAL,LOW,LOW,NONE,1.8,apple:macos,1
CVE-2026-28832,2026-03-25,3.1,8.4,HIGH,LOCAL,LOW,NONE,NONE,2.5,apple:macos,1
CVE-2026-28833,2026-03-25,3.1,6.2,MEDIUM,LOCAL,LOW,NONE,NONE,2.5,apple:ipados|apple:iphone_os|apple:macos|apple:visionos,4
CVE-2026-28834,2026-03-25,3.1,5.1,MEDIUM,LOCAL,HIGH,NONE,NONE,1.4,apple:macos,1
CVE-2026-28835,2026-03-25,3.1,6.5,MEDIUM,NETWORK,LOW,NONE,REQUIRED,2.8,apple:macos,1
CVE-2026-28837,2026-03-25,3.1,7.5,HIGH,NETWORK,LOW,NONE,NONE,3.9,apple:macos,1
CVE-2026-28838,2026-03-25,3.1,5.3,MEDIUM,NETWORK,LOW,NONE,NONE,3.9,apple:macos,1
CVE-2026-28839,2026-03-25,3.1,5.3,MEDIUM,NETWORK,LOW,NONE,NONE,3.9,apple:macos,1
CVE-2026-28841,2026-03-25,3.1,6.2,MEDIUM,LOCAL,LOW,NONE,NONE,2.5,apple:macos,1
CVE-2026-28842,2026-03-25,3.1,7.5,HIGH,NETWORK,LOW,NONE,NONE,3.9,apple:macos,1
CVE-2026-28844,2026-03-25,3.1,6.5,MEDIUM,NETWORK,LOW,NONE,REQUIRED,2.8,apple:macos,1
CVE-2026-28845,2026-03-25,3.1,5.5,MEDIUM,LOCAL,LOW,NONE,REQUIRED,1.8,apple:macos,1
CVE-2026-28852,2026-03-25,3.1,5.5,MEDIUM,LOCAL,LOW,NONE,REQUIRED,1.8,apple:ipados|apple:iphone_os|apple:macos|apple:tvos|apple:visionos|apple:watchos,6
CVE-2026-28855,2026-03-25,3.1,7.5,HIGH,NETWORK,LOW,NONE,NONE,3.9,apple:ipados|apple:iphone_os|apple:macos,3
CVE-2026-28856,2026-03-25,3.1,4.6,MEDIUM,PHYSICAL,LOW,NONE,NONE,0.9,apple:ipados|apple:iphone_os|apple:visionos|apple:watchos,4
CVE-2026-28857,2026-03-25,3.1,6.5,MEDIUM,NETWORK,LOW,NONE,REQUIRED,2.8,apple:safari|apple:ipados|apple:iphone_os|apple:macos|apple:visionos,5
CVE-2026-28858,2026-03-25,3.1,9.8,CRITICAL,NETWORK,LOW,NONE,NONE,3.9,apple:ipados|apple:iphone_os,2
CVE-2026-28859,2026-03-25,3.1,4.3,MEDIUM,NETWORK,LOW,NONE,REQUIRED,2.8,apple:safari|apple:ipados|apple:iphone_os|apple:macos|apple:tvos|apple:visionos|apple:watchos,7
CVE-2026-28861,2026-03-25,3.1,4.3,MEDIUM,NETWORK,LOW,NONE,REQUIRED,2.8,apple:safari|apple:ipados|apple:iphone_os|apple:macos|apple:visionos,5
CVE-2026-28862,2026-03-25,3.1,5.3,MEDIUM,NETWORK,LOW,NONE,NONE,3.9,apple:macos,1
CVE-2026-28863,2026-03-25,3.1,6.5,MEDIUM,NETWORK,LOW,NONE,REQUIRED,2.8,apple:ipados|apple:iphone_os|apple:tvos|apple:visionos|apple:watchos,5
CVE-2026-28864,2026-03-25,3.1,3.3,LOW,LOCAL,LOW,NONE,REQUIRED,1.8,apple:ipados|apple:iphone_os|apple:macos|apple:visionos|apple:watchos,5
CVE-2026-28865,2026-03-25,3.1,7.5,HIGH,NETWORK,LOW,NONE,NONE,3.9,apple:ipados|apple:iphone_os|apple:macos|apple:tvos|apple:visionos|apple:watchos,6
CVE-2026-28866,2026-03-25,3.1,6.2,MEDIUM,LOCAL,LOW,NONE,NONE,2.5,apple:ipados|apple:iphone_os|apple:macos,3
CVE-2026-28867,2026-03-25,3.1,6.2,MEDIUM,LOCAL,LOW,NONE,NONE,2.5,apple:ipados|apple:iphone_os|apple:macos|apple:tvos|apple:visionos|apple:watchos,6
CVE-2026-28868,2026-03-25,3.1,5.5,MEDIUM,LOCAL,LOW,NONE,REQUIRED,1.8,apple:ipados|apple:iphone_os|apple:macos|apple:visionos|apple:watchos,5
CVE-2026-28870,2026-03-25,3.1,5.5,MEDIUM,LOCAL,LOW,LOW,NONE,1.8,apple:ipados|apple:iphone_os|apple:macos|apple:tvos|apple:visionos|apple:watchos,6
CVE-2026-28871,2026-03-25,3.1,4.3,MEDIUM,NETWORK,LOW,NONE,REQUIRED,2.8,apple:safari|apple:ipados|apple:iphone_os|apple:macos,4
CVE-2026-28874,2026-03-25,3.1,7.5,HIGH,NETWORK,LOW,NONE,NONE,3.9,apple:ipados|apple:iphone_os,2
CVE-2026-28875,2026-03-25,3.1,7.5,HIGH,NETWORK,LOW,NONE,NONE,3.9,apple:ipados|apple:iphone_os,2
CVE-2026-28876,2026-03-25,3.1,7.5,HIGH,NETWORK,LOW,NONE,NONE,3.9,apple:ipados|apple:iphone_os|apple:macos|apple:visionos,4
CVE-2026-28877,2026-03-25,3.1,5.5,MEDIUM,LOCAL,LOW,LOW,NONE,1.8,apple:ipados|apple:iphone_os|apple:macos|apple:visionos|apple:watchos,5
CVE-2026-28878,2026-03-25,3.1,6.5,MEDIUM,NETWORK,LOW,NONE,NONE,3.9,apple:ipados|apple:iphone_os|apple:macos|apple:tvos|apple:visionos|apple:watchos,6
CVE-2026-28879,2026-03-25,3.1,6.5,MEDIUM,NETWORK,LOW,NONE,REQUIRED,2.8,apple:ipados|apple:iphone_os|apple:macos|apple:tvos|apple:visionos|apple:watchos,6
CVE-2026-28880,2026-03-25,3.1,6.5,MEDIUM,NETWORK,LOW,NONE,NONE,3.9,apple:ipados|apple:iphone_os|apple:macos|apple:visionos,4
CVE-2026-28881,2026-03-25,3.1,5.5,MEDIUM,LOCAL,LOW,LOW,NONE,1.8,apple:macos,1
CVE-2026-28882,2026-03-25,3.1,4.0,MEDIUM,LOCAL,LOW,NONE,NONE,2.5,apple:ipados|apple:iphone_os|apple:macos|apple:tvos|apple:visionos|apple:watchos,6
CVE-2026-28886,2026-03-25,3.1,5.9,MEDIUM,NETWORK,HIGH,NONE,NONE,2.2,apple:ipados|apple:iphone_os|apple:macos|apple:tvos|apple:visionos|apple:watchos,6
CVE-2026-28888,2026-03-25,3.1,5.1,MEDIUM,LOCAL,HIGH,NONE,NONE,1.4,apple:macos,1
CVE-2026-28889,2026-03-25,3.1,6.2,MEDIUM,LOCAL,LOW,NONE,NONE,2.5,apple:xcode,1
CVE-2026-28890,2026-03-25,3.1,5.5,MEDIUM,LOCAL,LOW,NONE,REQUIRED,1.8,apple:xcode,1
CVE-2026-28891,2026-03-25,3.1,8.1,HIGH,LOCAL,HIGH,NONE,NONE,1.4,apple:macos,1
CVE-2026-28892,2026-03-25,3.1,5.5,MEDIUM,LOCAL,LOW,LOW,NONE,1.8,apple:macos,1
CVE-2026-28893,2026-03-25,3.1,3.3,LOW,LOCAL,LOW,LOW,NONE,1.8,apple:macos,1
CVE-2026-28894,2026-03-25,3.1,7.5,HIGH,NETWORK,LOW,NONE,NONE,3.9,apple:ipados|apple:iphone_os|apple:macos,3
CVE-2026-28895,2026-03-25,3.1,4.6,MEDIUM,PHYSICAL,LOW,NONE,NONE,0.9,apple:ipados|apple:iphone_os,2
CVE-2026-4783,2026-03-25,3.1,6.3,MEDIUM,NETWORK,LOW,LOW,NONE,2.8,,0
CVE-2026-4766,2026-03-25,3.1,6.4,MEDIUM,NETWORK,LOW,LOW,NONE,3.1,,0
CVE-2026-4784,2026-03-25,3.1,7.3,HIGH,NETWORK,LOW,NONE,NONE,3.9,code-projects:simple_laundry_system,1
CVE-2026-1166,2026-03-25,3.1,4.3,MEDIUM,NETWORK,LOW,NONE,REQUIRED,2.8,,0
CVE-2026-2072,2026-03-25,3.1,8.2,HIGH,NETWORK,LOW,LOW,REQUIRED,2.3,,0
CVE-2026-26306,2026-03-25,3.0,7.8,HIGH,LOCAL,LOW,NONE,REQUIRED,1.8,,0
CVE-2026-2343,2026-03-25,3.1,5.3,MEDIUM,NETWORK,LOW,NONE,NONE,3.9,,0
CVE-2026-33253,2026-03-25,3.0,6.7,MEDIUM,LOCAL,LOW,HIGH,NONE,0.8,,0
CVE-2026-32326,2026-03-25,3.0,5.7,MEDIUM,ADJACENT,LOW,LOW,NONE,2.1,,0
CVE-2026-3608,2026-03-25,3.1,7.5,HIGH,NETWORK,LOW,NONE,NONE,3.9,,0
CVE-2026-23279,2026-03-25,3.1,5.5,MEDIUM,LOCAL,LOW,LOW,NONE,1.8,linux:linux_kernel,1
CVE-2026-23280,2026-03-25,3.1,7.8,HIGH,LOCAL,LOW,LOW,NONE,1.8,linux:linux_kernel,1
CVE-2026-23281,2026-03-25,3.1,7.8,HIGH,LOCAL,LOW,LOW,NONE,1.8,linux:linux_kernel,1
CVE-2026-23282,2026-03-25,3.1,5.5,MEDIUM,LOCAL,LOW,LOW,NONE,1.8,linux:linux_kernel,1
CVE-2026-23283,2026-03-25,3.1,5.5,MEDIUM,LOCAL,LOW,LOW,NONE,1.8,linux:linux_kernel,1
CVE-2026-23284,2026-03-25,3.1,5.5,MEDIUM,LOCAL,LOW,LOW,NONE,1.8,linux:linux_kernel,1
CVE-2026-23285,2026-03-25,3.1,5.5,MEDIUM,LOCAL,LOW,LOW,NONE,1.8,linux:linux_kernel,1
CVE-2026-23286,2026-03-25,3.1,5.5,MEDIUM,LOCAL,LOW,LOW,NONE,1.8,linux:linux_kernel,1
CVE-2026-23287,2026-03-25,3.1,5.5,MEDIUM,LOCAL,LOW,LOW,NONE,1.8,linux:linux_kernel,1
CVE-2026-23288,2026-03-25,3.1,7.8,HIGH,LOCAL,LOW,LOW,NONE,1.8,linux:linux_kernel,1
CVE-2026-23289,2026-03-25,3.1,5.5,MEDIUM,LOCAL,LOW,LOW,NONE,1.8,linux:linux_kernel,1
CVE-2026-23290,2026-03-25,3.1,5.5,MEDIUM,LOCAL,LOW,LOW,NONE,1.8,linux:linux_kernel,1
CVE-2026-23291,2026-03-25,3.1,5.5,MEDIUM,LOCAL,LOW,LOW,NONE,1.8,linux:linux_kernel,1
CVE-2026-23292,2026-03-25,3.1,5.5,MEDIUM,LOCAL,LOW,LOW,NONE,1.8,linux:linux_kernel,1
CVE-2026-23293,2026-03-25,3.1,5.5,MEDIUM,LOCAL,LOW,LOW,NONE,1.8,linux:linux_kernel,1
CVE-2026-23294,2026-03-25,3.1,7.0,HIGH,LOCAL,HIGH,LOW,NONE,1.0,linux:linux_kernel,1
CVE-2026-23295,2026-03-25,3.1,5.5,MEDIUM,LOCAL,LOW,LOW,NONE,1.8,linux:linux_kernel,1
CVE-2026-23296,2026-03-25,3.1,5.5,MEDIUM,LOCAL,LOW,LOW,NONE,1.8,linux:linux_kernel,1
CVE-2026-23297,2026-03-25,3.1,5.5,MEDIUM,LOCAL,LOW,LOW,NONE,1.8,linux:linux_kernel,1
CVE-2026-23298,2026-03-25,3.1,5.5,MEDIUM,LOCAL,LOW,LOW,NONE,1.8,linux:linux_kernel,1
CVE-2026-23299,2026-03-25,3.1,5.5,MEDIUM,LOCAL,LOW,LOW,NONE,1.8,linux:linux_kernel,1
CVE-2026-23300,2026-03-25,3.1,5.5,MEDIUM,LOCAL,LOW,LOW,NONE,1.8,linux:linux_kernel,1
CVE-2026-23301,2026-03-25,3.1,5.5,MEDIUM,LOCAL,LOW,LOW,NONE,1.8,linux:linux_kernel,1
CVE-2026-23302,2026-03-25,3.1,4.7,MEDIUM,LOCAL,HIGH,LOW,NONE,1.0,linux:linux_kernel,1
CVE-2026-23303,2026-03-25,3.1,5.5,MEDIUM,LOCAL,LOW,LOW,NONE,1.8,linux:linux_kernel,1
CVE-2026-23304,2026-03-25,3.1,5.5,MEDIUM,LOCAL,LOW,LOW,NONE,1.8,linux:linux_kernel,1
CVE-2026-23305,2026-03-25,3.1,7.1,HIGH,LOCAL,LOW,LOW,NONE,1.8,linux:linux_kernel,1
CVE-2026-23306,2026-03-25,3.1,7.8,HIGH,LOCAL,LOW,LOW,NONE,1.8,linux:linux_kernel,1
CVE-2026-23307,2026-03-25,3.1,5.5,MEDIUM,LOCAL,LOW,LOW,NONE,1.8,linux:linux_kernel,1
CVE-2026-23308,2026-03-25,3.1,5.5,MEDIUM,LOCAL,LOW,LOW,NONE,1.8,linux:linux_kernel,1
CVE-2026-23309,2026-03-25,3.1,5.5,MEDIUM,LOCAL,LOW,LOW,NONE,1.8,linux:linux_kernel,1
CVE-2026-23310,2026-03-25,3.1,5.5,MEDIUM,LOCAL,LOW,LOW,NONE,1.8,linux:linux_kernel,1
CVE-2026-23311,2026-03-25,3.1,5.5,MEDIUM,LOCAL,LOW,LOW,NONE,1.8,linux:linux_kernel,1
CVE-2026-23312,2026-03-25,3.1,5.5,MEDIUM,LOCAL,LOW,LOW,NONE,1.8,linux:linux_kernel,1
CVE-2026-23313,2026-03-25,3.1,5.5,MEDIUM,LOCAL,LOW,LOW,NONE,1.8,linux:linux_kernel,1
CVE-2026-23314,2026-03-25,3.1,5.5,MEDIUM,LOCAL,LOW,LOW,NONE,1.8,linux:linux_kernel,1
CVE-2026-23315,2026-03-25,3.1,7.1,HIGH,LOCAL,LOW,LOW,NONE,1.8,linux:linux_kernel,1
CVE-2026-23316,2026-03-25,3.1,5.5,MEDIUM,LOCAL,LOW,LOW,NONE,1.8,linux:linux_kernel,1
CVE-2026-23317,2026-03-25,3.1,7.8,HIGH,LOCAL,LOW,LOW,NONE,1.8,linux:linux_kernel,1
CVE-2026-23318,2026-03-25,3.1,7.1,HIGH,LOCAL,LOW,LOW,NONE,1.8,linux:linux_kernel,1
CVE-2026-23319,2026-03-25,3.1,7.8,HIGH,LOCAL,LOW,LOW,NONE,1.8,linux:linux_kernel,1
CVE-2026-23321,2026-03-25,3.1,5.5,MEDIUM,LOCAL,LOW,LOW,NONE,1.8,linux:linux_kernel,1
CVE-2026-23322,2026-03-25,3.1,7.8,HIGH,LOCAL,LOW,LOW,NONE,1.8,linux:linux_kernel,1
CVE-2026-23323,2026-03-25,3.1,7.8,HIGH,LOCAL,LOW,LOW,NONE,1.8,linux:linux_kernel,1
CVE-2026-23324,2026-03-25,3.1,5.5,MEDIUM,LOCAL,LOW,LOW,NONE,1.8,linux:linux_kernel,1
CVE-2026-23325,2026-03-25,3.1,7.1,HIGH,LOCAL,LOW,LOW,NONE,1.8,linux:linux_kernel,1
CVE-2026-23326,2026-03-25,3.1,7.8,HIGH,LOCAL,LOW,LOW,NONE,1.8,linux:linux_kernel,1
CVE-2026-23327,2026-03-25,3.1,7.1,HIGH,LOCAL,LOW,LOW,NONE,1.8,linux:linux_kernel,1
CVE-2026-23328,2026-03-25,3.1,5.5,MEDIUM,LOCAL,LOW,LOW,NONE,1.8,linux:linux_kernel,1
CVE-2026-23329,2026-03-25,3.1,5.5,MEDIUM,LOCAL,LOW,LOW,NONE,1.8,linux:linux_kernel,1
CVE-2026-23330,2026-03-25,3.1,5.5,MEDIUM,LOCAL,LOW,LOW,NONE,1.8,linux:linux_kernel,1
CVE-2026-23331,2026-03-25,3.1,5.5,MEDIUM,LOCAL,LOW,LOW,NONE,1.8,linux:linux_kernel,1
CVE-2026-23332,2026-03-25,3.1,5.5,MEDIUM,LOCAL,LOW,LOW,NONE,1.8,linux:linux_kernel,1
CVE-2026-23334,2026-03-25,3.1,5.5,MEDIUM,LOCAL,LOW,LOW,NONE,1.8,linux:linux_kernel,1
CVE-2026-23335,2026-03-25,3.1,5.5,MEDIUM,LOCAL,LOW,LOW,NONE,1.8,linux:linux_kernel,1
CVE-2026-23336,2026-03-25,3.1,7.8,HIGH,LOCAL,LOW,LOW,NONE,1.8,linux:linux_kernel,1
CVE-2026-23337,2026-03-25,3.1,5.5,MEDIUM,LOCAL,LOW,LOW,NONE,1.8,linux:linux_kernel,1
CVE-2026-23338,2026-03-25,3.1,5.5,MEDIUM,LOCAL,LOW,LOW,NONE,1.8,linux:linux_kernel,1
CVE-2026-23339,2026-03-25,3.1,5.5,MEDIUM,LOCAL,LOW,LOW,NONE,1.8,linux:linux_kernel,1
CVE-2026-23340,2026-03-25,3.1,7.8,HIGH,LOCAL,LOW,LOW,NONE,1.8,linux:linux_kernel,1
CVE-2026-23341,2026-03-25,3.1,5.5,MEDIUM,LOCAL,LOW,LOW,NONE,1.8,linux:linux_kernel,1
CVE-2026-23342,2026-03-25,3.1,4.7,MEDIUM,LOCAL,HIGH,LOW,NONE,1.0,linux:linux_kernel,1
CVE-2026-23343,2026-03-25,3.1,7.8,HIGH,LOCAL,LOW,LOW,NONE,1.8,linux:linux_kernel,1
CVE-2026-23344,2026-03-25,3.1,7.8,HIGH,LOCAL,LOW,LOW,NONE,1.8,linux:linux_kernel,1
CVE-2026-23345,2026-03-25,3.1,5.5,MEDIUM,LOCAL,LOW,LOW,NONE,1.8,linux:linux_kernel,1
CVE-2026-23346,2026-03-25,3.1,5.5,MEDIUM,LOCAL,LOW,LOW,NONE,1.8,linux:linux_kernel,1
CVE-2026-23347,2026-03-25,3.1,5.5,MEDIUM,LOCAL,LOW,LOW,NONE,1.8,linux:linux_kernel,1
CVE-2026-23348,2026-03-25,3.1,4.7,MEDIUM,LOCAL,HIGH,LOW,NONE,1.0,linux:linux_kernel,1
CVE-2026-23349,2026-03-25,3.1,5.5,MEDIUM,LOCAL,LOW,LOW,NONE,1.8,linux:linux_kernel,1
CVE-2026-23350,2026-03-25,3.1,7.8,HIGH,LOCAL,LOW,LOW,NONE,1.8,linux:linux_kernel,1
CVE-2026-23351,2026-03-25,3.1,7.8,HIGH,LOCAL,LOW,LOW,NONE,1.8,linux:linux_kernel,1
CVE-2026-23352,2026-03-25,3.1,5.5,MEDIUM,LOCAL,LOW,LOW,NONE,1.8,linux:linux_kernel,1
CVE-2026-23353,2026-03-25,3.1,5.5,MEDIUM,LOCAL,LOW,LOW,NONE,1.8,linux:linux_kernel,1
CVE-2026-23354,2026-03-25,3.1,7.8,HIGH,LOCAL,LOW,LOW,NONE,1.8,linux:linux_kernel,1
CVE-2026-23355,2026-03-25,3.1,5.5,MEDIUM,LOCAL,LOW,LOW,NONE,1.8,linux:linux_kernel,1
CVE-2026-23356,2026-03-25,3.1,5.5,MEDIUM,LOCAL,LOW,LOW,NONE,1.8,linux:linux_kernel,1
CVE-2026-23357,2026-03-25,3.1,5.5,MEDIUM,LOCAL,LOW,LOW,NONE,1.8,linux:linux_kernel,1
CVE-2026-23358,2026-03-25,3.1,5.5,MEDIUM,LOCAL,LOW,LOW,NONE,1.8,linux:linux_kernel,1
CVE-2026-23359,2026-03-25,3.1,7.8,HIGH,LOCAL,LOW,LOW,NONE,1.8,linux:linux_kernel,1
CVE-2026-23360,2026-03-25,3.1,5.5,MEDIUM,LOCAL,LOW,LOW,NONE,1.8,linux:linux_kernel,1
CVE-2026-23361,2026-03-25,3.1,7.8,HIGH,LOCAL,LOW,LOW,NONE,1.8,linux:linux_kernel,1
CVE-2026-23362,2026-03-25,3.1,5.5,MEDIUM,LOCAL,LOW,LOW,NONE,1.8,linux:linux_kernel,1
CVE-2026-23363,2026-03-25,3.1,7.1,HIGH,LOCAL,LOW,LOW,NONE,1.8,linux:linux_kernel,1
CVE-2026-23364,2026-03-25,3.1,7.4,HIGH,NETWORK,HIGH,NONE,NONE,2.2,linux:linux_kernel,1
CVE-2026-23365,2026-03-25,3.1,5.5,MEDIUM,LOCAL,LOW,LOW,NONE,1.8,linux:linux_kernel,1
CVE-2026-23366,2026-03-25,3.1,5.5,MEDIUM,LOCAL,LOW,LOW,NONE,1.8,linux:linux_kernel,1
CVE-2026-23367,2026-03-25,3.1,5.5,MEDIUM,LOCAL,LOW,LOW,NONE,1.8,linux:linux_kernel,1
CVE-2026-23368,2026-03-25,3.1,5.5,MEDIUM,LOCAL,LOW,LOW,NONE,1.8,linux:linux_kernel,1
CVE-2026-23369,2026-03-25,3.1,5.5,MEDIUM,LOCAL,LOW,LOW,NONE,1.8,linux:linux_kernel,1
CVE-2026-23370,2026-03-25,3.1,5.5,MEDIUM,LOCAL,LOW,LOW,NONE,1.8,linux:linux_kernel,1
CVE-2026-23371,2026-03-25,3.1,5.5,MEDIUM,LOCAL,LOW,LOW,NONE,1.8,linux:linux_kernel,1
CVE-2026-23372,2026-03-25,3.1,7.8,HIGH,LOCAL,LOW,LOW,NONE,1.8,linux:linux_kernel,1
CVE-2026-23373,2026-03-25,3.1,5.5,MEDIUM,LOCAL,LOW,LOW,NONE,1.8,linux:linux_kernel,1
CVE-2026-23374,2026-03-25,3.1,5.5,MEDIUM,LOCAL,LOW,LOW,NONE,1.8,linux:linux_kernel,1
CVE-2026-23375,2026-03-25,3.1,5.5,MEDIUM,LOCAL,LOW,LOW,NONE,1.8,linux:linux_kernel,1
CVE-2026-23376,2026-03-25,3.1,5.5,MEDIUM,LOCAL,LOW,LOW,NONE,1.8,linux:linux_kernel,1
CVE-2026-23377,2026-03-25,3.1,5.5,MEDIUM,LOCAL,LOW,LOW,NONE,1.8,linux:linux_kernel,1
CVE-2026-23378,2026-03-25,3.1,7.8,HIGH,LOCAL,LOW,LOW,NONE,1.8,linux:linux_kernel,1
CVE-2026-23379,2026-03-25,3.1,5.5,MEDIUM,LOCAL,LOW,LOW,NONE,1.8,linux:linux_kernel,1
CVE-2026-23380,2026-03-25,3.1,5.5,MEDIUM,LOCAL,LOW,LOW,NONE,1.8,linux:linux_kernel,1
CVE-2026-23381,2026-03-25,3.1,5.5,MEDIUM,LOCAL,LOW,LOW,NONE,1.8,linux:linux_kernel,1
CVE-2026-23382,2026-03-25,3.1,5.5,MEDIUM,LOCAL,LOW,LOW,NONE,1.8,linux:linux_kernel,1
CVE-2026-23383,2026-03-25,3.1,7.8,HIGH,LOCAL,LOW,LOW,NONE,1.8,linux:linux_kernel,1
CVE-2026-23384,2026-03-25,3.1,5.5,MEDIUM,LOCAL,LOW,LOW,NONE,1.8,linux:linux_kernel,1
CVE-2026-23385,2026-03-25,3.1,5.5,MEDIUM,LOCAL,LOW,LOW,NONE,1.8,linux:linux_kernel,1
CVE-2026-23386,2026-03-25,3.1,5.5,MEDIUM,LOCAL,LOW,LOW,NONE,1.8,linux:linux_kernel,1
CVE-2026-23387,2026-03-25,3.1,7.8,HIGH,LOCAL,LOW,LOW,NONE,1.8,linux:linux_kernel,1
CVE-2026-23388,2026-03-25,3.1,7.1,HIGH,LOCAL,LOW,LOW,NONE,1.8,linux:linux_kernel,1
CVE-2026-23389,2026-03-25,3.1,5.5,MEDIUM,LOCAL,LOW,LOW,NONE,1.8,linux:linux_kernel,1
CVE-2026-23390,2026-03-25,3.1,7.8,HIGH,LOCAL,LOW,LOW,NONE,1.8,linux:linux_kernel,1
CVE-2026-23391,2026-03-25,3.1,7.8,HIGH,LOCAL,LOW,LOW,NONE,1.8,linux:linux_kernel,1
CVE-2026-23392,2026-03-25,3.1,7.8,HIGH,LOCAL,LOW,LOW,NONE,1.8,linux:linux_kernel,1
CVE-2026-23393,2026-03-25,3.1,7.8,HIGH,LOCAL,LOW,LOW,NONE,1.8,linux:linux_kernel,1
CVE-2026-23394,2026-03-25,3.1,4.7,MEDIUM,LOCAL,HIGH,LOW,NONE,1.0,linux:linux_kernel,1
CVE-2026-23395,2026-03-25,3.1,8.8,HIGH,ADJACENT,LOW,NONE,NONE,2.8,linux:linux_kernel,1
CVE-2026-31788,2026-03-25,3.1,8.2,HIGH,LOCAL,LOW,HIGH,NONE,1.5,linux:linux_kernel,1
CVE-2026-4761,2026-03-25,3.1,7.5,HIGH,NETWORK,LOW,NONE,NONE,3.9,codra:panorama_collaborative_operation_\&_execution|codra:panorama_com|codra:panorama_e2|codra:panorama_h2,4
CVE-2024-51346,2026-03-25,3.1,7.7,HIGH,LOCAL,LOW,NONE,NONE,2.5,,0
CVE-2024-51347,2026-03-25,3.1,7.2,HIGH,NETWORK,LOW,HIGH,NONE,1.2,,0
CVE-2024-51348,2026-03-25,3.1,8.8,HIGH,ADJACENT,LOW,NONE,NONE,2.8,,0
CVE-2025-27260,2026-03-25,3.1,7.5,HIGH,NETWORK,LOW,NONE,NONE,3.9,ericsson:indoor_connect_8855_firmware,1
CVE-2025-40841,2026-03-25,3.1,4.3,MEDIUM,NETWORK,LOW,NONE,REQUIRED,2.8,ericsson:indoor_connect_8855_firmware,1
CVE-2025-40842,2026-03-25,3.1,6.1,MEDIUM,NETWORK,LOW,NONE,REQUIRED,2.8,ericsson:indoor_connect_8855_firmware,1
CVE-2026-1519,2026-03-25,3.1,7.5,HIGH,NETWORK,LOW,NONE,NONE,3.9,isc:bind,1
CVE-2026-3104,2026-03-25,3.1,7.5,HIGH,NETWORK,LOW,NONE,NONE,3.9,isc:bind,1
CVE-2026-3119,2026-03-25,3.1,6.5,MEDIUM,NETWORK,LOW,LOW,NONE,2.8,isc:bind,1
CVE-2026-3591,2026-03-25,3.1,5.4,MEDIUM,NETWORK,LOW,LOW,NONE,2.8,isc:bind,1
CVE-2026-4815,2026-03-25,3.1,8.8,HIGH,NETWORK,LOW,LOW,NONE,2.8,schiocco:support_board,1
CVE-2026-4816,2026-03-25,3.1,5.4,MEDIUM,NETWORK,LOW,LOW,REQUIRED,2.3,schiocco:support_board,1
CVE-2025-32991,2026-03-25,3.1,9.0,CRITICAL,NETWORK,HIGH,NONE,NONE,2.2,n2w:backup\&_recovery,1
CVE-2025-59706,2026-03-25,3.1,9.8,CRITICAL,NETWORK,LOW,NONE,NONE,3.9,n2ws:n2w,1
CVE-2025-59707,2026-03-25,3.1,9.8,CRITICAL,NETWORK,LOW,NONE,NONE,3.9,n2ws:n2w,1
CVE-2026-23514,2026-03-25,3.1,8.8,HIGH,NETWORK,LOW,LOW,NONE,2.8,accellion:kiteworks,1
CVE-2026-26830,2026-03-25,3.1,9.8,CRITICAL,NETWORK,LOW,NONE,NONE,3.9,pdf-image_project:pdf-image,1
CVE-2026-33268,2026-03-25,3.1,6.5,MEDIUM,NETWORK,LOW,NONE,NONE,3.9,,0
CVE-2026-4363,2026-03-25,3.1,3.7,LOW,NETWORK,HIGH,LOW,REQUIRED,1.2,gitlab:gitlab,1
CVE-2024-58341,2026-03-25,3.1,8.2,HIGH,NETWORK,LOW,NONE,NONE,3.9,opencart:opencart,1
CVE-2026-1917,2026-03-25,3.1,4.3,MEDIUM,NETWORK,LOW,LOW,NONE,2.8,budda:login_disable,1
CVE-2026-20004,2026-03-25,3.1,7.4,HIGH,ADJACENT,LOW,NONE,NONE,2.8,,0
CVE-2026-20012,2026-03-25,3.1,8.6,HIGH,NETWORK,LOW,NONE,NONE,3.9,,0
CVE-2026-20083,2026-03-25,3.1,6.5,MEDIUM,LOCAL,LOW,LOW,NONE,2.0,,0
CVE-2026-20084,2026-03-25,3.1,8.6,HIGH,NETWORK,LOW,NONE,NONE,3.9,,0
CVE-2026-20086,2026-03-25,3.1,8.6,HIGH,NETWORK,LOW,NONE,NONE,3.9,,0
CVE-2026-20104,2026-03-25,3.1,6.1,MEDIUM,PHYSICAL,LOW,NONE,NONE,0.9,,0
CVE-2026-20108,2026-03-25,3.1,5.4,MEDIUM,NETWORK,LOW,LOW,REQUIRED,2.3,cisco:catalyst_sd-wan_manager,1
CVE-2026-20110,2026-03-25,3.1,6.5,MEDIUM,LOCAL,LOW,LOW,NONE,2.0,,0
CVE-2026-20112,2026-03-25,3.1,4.8,MEDIUM,NETWORK,LOW,HIGH,REQUIRED,1.7,,0
CVE-2026-20113,2026-03-25,3.1,5.3,MEDIUM,NETWORK,LOW,NONE,NONE,3.9,,0
CVE-2026-20114,2026-03-25,3.1,5.4,MEDIUM,NETWORK,LOW,LOW,NONE,2.8,,0
CVE-2026-20115,2026-03-25,3.1,6.1,MEDIUM,NETWORK,HIGH,NONE,REQUIRED,1.6,,0
CVE-2026-20125,2026-03-25,3.1,7.7,HIGH,NETWORK,LOW,LOW,NONE,3.1,,0
CVE-2026-24750,2026-03-25,3.1,7.6,HIGH,NETWORK,LOW,LOW,REQUIRED,2.1,accellion:kiteworks,1
CVE-2026-26831,2026-03-25,3.1,9.8,CRITICAL,NETWORK,LOW,NONE,NONE,3.9,dbashford:textract,1
CVE-2026-26832,2026-03-25,3.1,9.8,CRITICAL,NETWORK,LOW,NONE,NONE,3.9,zapolnoch:tesseract_ocr,1
CVE-2026-26833,2026-03-25,3.1,9.8,CRITICAL,NETWORK,LOW,NONE,NONE,3.9,mmahrous:thumbler,1
CVE-2026-2348,2026-03-25,3.1,5.4,MEDIUM,NETWORK,LOW,LOW,REQUIRED,2.3,wim-leers:quick_edit,1
CVE-2026-2349,2026-03-25,3.1,6.1,MEDIUM,NETWORK,LOW,NONE,REQUIRED,2.8,beyris:ui_icons,1
CVE-2026-3210,2026-03-25,3.1,5.3,MEDIUM,NETWORK,LOW,NONE,NONE,3.9,imagexmedia:material_icons,1
CVE-2026-3211,2026-03-25,3.1,4.3,MEDIUM,NETWORK,LOW,NONE,REQUIRED,2.8,webikon:theme_negotiation_by_rules,1
CVE-2026-3212,2026-03-25,3.1,5.4,MEDIUM,NETWORK,LOW,LOW,REQUIRED,2.3,factorial:tagify,1
CVE-2026-3213,2026-03-25,3.1,4.7,MEDIUM,NETWORK,HIGH,NONE,REQUIRED,1.6,cleantalk:anti-spam,1
CVE-2026-3214,2026-03-25,3.1,6.5,MEDIUM,NETWORK,LOW,NONE,NONE,3.9,arnabdotorg:captcha,1
CVE-2026-3215,2026-03-25,3.1,5.4,MEDIUM,NETWORK,LOW,LOW,REQUIRED,2.3,islandora:islandora,1
CVE-2026-3216,2026-03-25,3.1,5.0,MEDIUM,NETWORK,LOW,LOW,NONE,3.1,drupal_canvas_project:drupal_canvas,1
CVE-2026-3217,2026-03-25,3.1,6.1,MEDIUM,NETWORK,LOW,NONE,REQUIRED,2.8,miniorange:saml_sso_-_service_provider,1
CVE-2026-3218,2026-03-25,3.1,4.8,MEDIUM,NETWORK,LOW,HIGH,REQUIRED,1.7,pixelite:responsive_favicons,1
CVE-2025-13078,2026-03-25,3.1,6.5,MEDIUM,NETWORK,LOW,LOW,NONE,2.8,gitlab:gitlab,1
CVE-2025-13436,2026-03-25,3.1,6.5,MEDIUM,NETWORK,LOW,LOW,NONE,2.8,gitlab:gitlab,1
CVE-2025-14595,2026-03-25,3.1,4.3,MEDIUM,NETWORK,LOW,LOW,NONE,2.8,gitlab:gitlab,1
CVE-2025-69096,2026-03-25,3.1,7.1,HIGH,NETWORK,LOW,NONE,REQUIRED,2.8,,0
CVE-2025-69347,2026-03-25,3.1,8.6,HIGH,NETWORK,LOW,NONE,NONE,3.9,,0
CVE-2025-69358,2026-03-25,3.1,7.5,HIGH,NETWORK,LOW,NONE,NONE,3.9,,0
CVE-2026-1724,2026-03-25,3.1,6.8,MEDIUM,NETWORK,HIGH,NONE,NONE,2.2,gitlab:gitlab,1
CVE-2026-20719,2026-03-25,3.1,4.3,MEDIUM,NETWORK,LOW,LOW,NONE,2.8,mattermost:mattermost_server,1
CVE-2026-22448,2026-03-25,3.1,7.5,HIGH,NETWORK,LOW,NONE,NONE,3.9,,0
CVE-2026-22480,2026-03-25,3.1,7.2,HIGH,NETWORK,LOW,HIGH,NONE,1.2,,0
CVE-2026-22484,2026-03-25,3.1,9.3,CRITICAL,NETWORK,LOW,NONE,NONE,3.9,,0
CVE-2026-22485,2026-03-25,3.1,6.5,MEDIUM,NETWORK,LOW,LOW,NONE,2.8,,0
CVE-2026-22491,2026-03-25,3.1,7.1,HIGH,NETWORK,LOW,NONE,REQUIRED,2.8,,0
CVE-2026-22493,2026-03-25,3.1,8.1,HIGH,NETWORK,HIGH,NONE,NONE,2.2,,0
CVE-2026-22494,2026-03-25,3.1,8.1,HIGH,NETWORK,HIGH,NONE,NONE,2.2,,0
CVE-2026-22495,2026-03-25,3.1,8.1,HIGH,NETWORK,HIGH,NONE,NONE,2.2,,0
CVE-2026-22496,2026-03-25,3.1,8.1,HIGH,NETWORK,HIGH,NONE,NONE,2.2,,0
CVE-2026-22498,2026-03-25,3.1,8.1,HIGH,NETWORK,HIGH,NONE,NONE,2.2,,0
CVE-2026-22499,2026-03-25,3.1,8.1,HIGH,NETWORK,HIGH,NONE,NONE,2.2,,0
CVE-2026-22500,2026-03-25,3.1,9.8,CRITICAL,NETWORK,LOW,NONE,NONE,3.9,,0
CVE-2026-22502,2026-03-25,3.1,8.1,HIGH,NETWORK,HIGH,NONE,NONE,2.2,,0
CVE-2026-22503,2026-03-25,3.1,8.1,HIGH,NETWORK,HIGH,NONE,NONE,2.2,,0
CVE-2026-22504,2026-03-25,3.1,8.1,HIGH,NETWORK,HIGH,NONE,NONE,2.2,,0
CVE-2026-22505,2026-03-25,3.1,8.1,HIGH,NETWORK,HIGH,NONE,NONE,2.2,,0
CVE-2026-22506,2026-03-25,3.1,8.1,HIGH,NETWORK,HIGH,NONE,NONE,2.2,,0
CVE-2026-22507,2026-03-25,3.1,9.8,CRITICAL,NETWORK,LOW,NONE,NONE,3.9,,0
CVE-2026-22508,2026-03-25,3.1,8.1,HIGH,NETWORK,HIGH,NONE,NONE,2.2,,0
CVE-2026-22509,2026-03-25,3.1,8.1,HIGH,NETWORK,HIGH,NONE,NONE,2.2,,0
CVE-2026-22510,2026-03-25,3.1,8.1,HIGH,NETWORK,HIGH,NONE,NONE,2.2,,0
CVE-2026-22511,2026-03-25,3.1,8.1,HIGH,NETWORK,HIGH,NONE,NONE,2.2,,0
CVE-2026-22512,2026-03-25,3.1,8.1,HIGH,NETWORK,HIGH,NONE,NONE,2.2,,0
CVE-2026-22513,2026-03-25,3.1,8.1,HIGH,NETWORK,HIGH,NONE,NONE,2.2,,0
CVE-2026-22514,2026-03-25,3.1,8.1,HIGH,NETWORK,HIGH,NONE,NONE,2.2,,0
CVE-2026-22515,2026-03-25,3.1,8.1,HIGH,NETWORK,HIGH,NONE,NONE,2.2,,0
CVE-2026-22516,2026-03-25,3.1,8.1,HIGH,NETWORK,HIGH,NONE,NONE,2.2,,0
CVE-2026-22520,2026-03-25,3.1,7.1,HIGH,NETWORK,LOW,NONE,REQUIRED,2.8,,0
CVE-2026-22523,2026-03-25,3.1,7.1,HIGH,NETWORK,LOW,NONE,REQUIRED,2.8,,0
CVE-2026-22524,2026-03-25,3.1,7.1,HIGH,NETWORK,LOW,NONE,REQUIRED,2.8,,0
CVE-2026-23635,2026-03-25,3.1,6.5,MEDIUM,NETWORK,HIGH,NONE,NONE,2.2,accellion:kiteworks,1
CVE-2026-23636,2026-03-25,3.1,5.5,MEDIUM,NETWORK,LOW,HIGH,NONE,1.2,accellion:kiteworks,1
CVE-2026-23806,2026-03-25,3.1,7.5,HIGH,NETWORK,LOW,NONE,NONE,3.9,,0
CVE-2026-23807,2026-03-25,3.1,7.1,HIGH,NETWORK,LOW,NONE,REQUIRED,2.8,,0
CVE-2026-23971,2026-03-25,3.1,8.1,HIGH,NETWORK,HIGH,NONE,NONE,2.2,,0
CVE-2026-23972,2026-03-25,3.1,6.5,MEDIUM,NETWORK,LOW,LOW,NONE,2.8,,0
CVE-2026-23973,2026-03-25,3.1,7.1,HIGH,NETWORK,LOW,NONE,REQUIRED,2.8,,0
CVE-2026-23977,2026-03-25,3.1,7.5,HIGH,NETWORK,LOW,NONE,NONE,3.9,,0
CVE-2026-23979,2026-03-25,3.1,7.1,HIGH,NETWORK,LOW,NONE,REQUIRED,2.8,,0
CVE-2026-24359,2026-03-25,3.1,8.8,HIGH,NETWORK,LOW,LOW,NONE,2.8,,0
CVE-2026-24362,2026-03-25,3.1,6.4,MEDIUM,NETWORK,LOW,LOW,NONE,3.1,,0
CVE-2026-24363,2026-03-25,3.1,7.5,HIGH,NETWORK,LOW,NONE,NONE,3.9,,0
CVE-2026-24364,2026-03-25,3.1,6.5,MEDIUM,NETWORK,LOW,LOW,NONE,2.8,,0
CVE-2026-24369,2026-03-25,3.1,7.1,HIGH,NETWORK,LOW,LOW,NONE,2.8,,0
CVE-2026-24370,2026-03-25,3.1,6.5,MEDIUM,NETWORK,LOW,LOW,REQUIRED,2.3,,0
CVE-2026-24372,2026-03-25,3.1,7.5,HIGH,NETWORK,LOW,NONE,NONE,3.9,,0
CVE-2026-24373,2026-03-25,3.1,8.1,HIGH,NETWORK,HIGH,NONE,NONE,2.2,,0
CVE-2026-24376,2026-03-25,3.1,6.5,MEDIUM,NETWORK,LOW,LOW,NONE,2.8,,0
CVE-2026-24378,2026-03-25,3.1,9.8,CRITICAL,NETWORK,LOW,NONE,NONE,3.9,,0
CVE-2026-24382,2026-03-25,3.1,7.5,HIGH,NETWORK,LOW,NONE,NONE,3.9,,0
CVE-2026-24391,2026-03-25,3.1,7.1,HIGH,NETWORK,LOW,NONE,REQUIRED,2.8,,0
CVE-2026-24964,2026-03-25,3.1,6.4,MEDIUM,NETWORK,LOW,LOW,NONE,3.1,,0
CVE-2026-24968,2026-03-25,3.1,9.8,CRITICAL,NETWORK,LOW,NONE,NONE,3.9,,0
CVE-2026-24969,2026-03-25,3.1,7.7,HIGH,NETWORK,LOW,LOW,NONE,3.1,,0
CVE-2026-24970,2026-03-25,3.1,7.7,HIGH,NETWORK,LOW,LOW,NONE,3.1,,0
CVE-2026-24971,2026-03-25,3.1,9.8,CRITICAL,NETWORK,LOW,NONE,NONE,3.9,,0
CVE-2026-24972,2026-03-25,3.1,6.5,MEDIUM,NETWORK,LOW,LOW,NONE,2.8,,0
CVE-2026-24973,2026-03-25,3.1,7.1,HIGH,NETWORK,LOW,NONE,REQUIRED,2.8,,0
CVE-2026-24974,2026-03-25,3.1,8.8,HIGH,NETWORK,LOW,LOW,NONE,2.8,,0
CVE-2026-24975,2026-03-25,3.1,7.1,HIGH,NETWORK,LOW,NONE,REQUIRED,2.8,,0
CVE-2026-24976,2026-03-25,3.1,8.8,HIGH,NETWORK,LOW,LOW,NONE,2.8,,0
CVE-2026-24977,2026-03-25,3.1,8.5,HIGH,NETWORK,LOW,LOW,NONE,3.1,,0
CVE-2026-24978,2026-03-25,3.1,8.8,HIGH,NETWORK,LOW,LOW,NONE,2.8,,0
CVE-2026-24979,2026-03-25,3.1,7.1,HIGH,NETWORK,LOW,NONE,REQUIRED,2.8,,0
CVE-2026-24980,2026-03-25,3.1,7.1,HIGH,NETWORK,LOW,NONE,REQUIRED,2.8,,0
CVE-2026-24981,2026-03-25,3.1,8.8,HIGH,NETWORK,LOW,LOW,NONE,2.8,,0
CVE-2026-24983,2026-03-25,3.1,7.1,HIGH,NETWORK,LOW,NONE,REQUIRED,2.8,,0
CVE-2026-24987,2026-03-25,3.1,6.5,MEDIUM,NETWORK,LOW,LOW,NONE,2.8,,0
CVE-2026-24989,2026-03-25,3.1,9.8,CRITICAL,NETWORK,LOW,NONE,NONE,3.9,,0
CVE-2026-24993,2026-03-25,3.1,9.3,CRITICAL,NETWORK,LOW,NONE,NONE,3.9,,0
CVE-2026-25001,2026-03-25,3.1,8.5,HIGH,NETWORK,HIGH,LOW,NONE,1.8,,0
CVE-2026-25002,2026-03-25,3.1,7.5,HIGH,NETWORK,LOW,NONE,NONE,3.9,,0
CVE-2026-25007,2026-03-25,3.1,8.5,HIGH,NETWORK,LOW,LOW,NONE,3.1,,0
CVE-2026-25009,2026-03-25,3.1,6.5,MEDIUM,NETWORK,LOW,NONE,NONE,3.9,,0
CVE-2026-25013,2026-03-25,3.1,7.1,HIGH,NETWORK,LOW,NONE,REQUIRED,2.8,,0
CVE-2026-25017,2026-03-25,3.1,8.1,HIGH,NETWORK,HIGH,NONE,NONE,2.2,,0
CVE-2026-25018,2026-03-25,3.1,7.1,HIGH,NETWORK,LOW,NONE,REQUIRED,2.8,,0
CVE-2026-25025,2026-03-25,3.1,7.1,HIGH,NETWORK,LOW,NONE,REQUIRED,2.8,,0
CVE-2026-25026,2026-03-25,3.1,7.5,HIGH,NETWORK,LOW,NONE,NONE,3.9,,0
CVE-2026-25029,2026-03-25,3.1,9.8,CRITICAL,NETWORK,LOW,NONE,NONE,3.9,,0
CVE-2026-25030,2026-03-25,3.1,9.8,CRITICAL,NETWORK,LOW,NONE,NONE,3.9,,0
CVE-2026-25031,2026-03-25,3.1,9.8,CRITICAL,NETWORK,LOW,NONE,NONE,3.9,,0
CVE-2026-25032,2026-03-25,3.1,9.8,CRITICAL,NETWORK,LOW,NONE,NONE,3.9,,0
CVE-2026-25033,2026-03-25,3.1,7.1,HIGH,NETWORK,LOW,NONE,REQUIRED,2.8,,0
CVE-2026-25034,2026-03-25,3.1,6.5,MEDIUM,NETWORK,LOW,NONE,NONE,3.9,,0
CVE-2026-25035,2026-03-25,3.1,9.8,CRITICAL,NETWORK,LOW,NONE,NONE,3.9,,0
CVE-2026-25304,2026-03-25,3.1,7.1,HIGH,NETWORK,LOW,NONE,REQUIRED,2.8,,0
CVE-2026-25306,2026-03-25,3.1,7.1,HIGH,NETWORK,LOW,NONE,REQUIRED,2.8,,0
CVE-2026-25309,2026-03-25,3.1,7.5,HIGH,NETWORK,LOW,NONE,NONE,3.9,,0
CVE-2026-25317,2026-03-25,3.1,7.5,HIGH,NETWORK,LOW,NONE,NONE,3.9,,0
CVE-2026-25327,2026-03-25,3.1,6.5,MEDIUM,NETWORK,LOW,NONE,NONE,3.9,,0
CVE-2026-25328,2026-03-25,3.1,6.8,MEDIUM,NETWORK,HIGH,NONE,NONE,2.2,,0
CVE-2026-25334,2026-03-25,3.1,8.1,HIGH,NETWORK,HIGH,NONE,NONE,2.2,,0
CVE-2026-25339,2026-03-25,3.1,6.5,MEDIUM,NETWORK,LOW,NONE,REQUIRED,2.8,,0
CVE-2026-25340,2026-03-25,3.1,9.3,CRITICAL,NETWORK,LOW,NONE,NONE,3.9,,0
CVE-2026-25341,2026-03-25,3.1,7.1,HIGH,NETWORK,LOW,NONE,REQUIRED,2.8,,0
CVE-2026-25342,2026-03-25,3.1,7.1,HIGH,NETWORK,LOW,NONE,REQUIRED,2.8,,0
CVE-2026-25344,2026-03-25,3.1,6.5,MEDIUM,NETWORK,LOW,LOW,NONE,2.8,,0
CVE-2026-25345,2026-03-25,3.1,9.9,CRITICAL,NETWORK,LOW,LOW,NONE,3.1,,0
CVE-2026-25346,2026-03-25,3.1,7.1,HIGH,NETWORK,LOW,NONE,REQUIRED,2.8,,0
CVE-2026-25347,2026-03-25,3.1,7.1,HIGH,NETWORK,LOW,NONE,REQUIRED,2.8,,0
CVE-2026-25349,2026-03-25,3.1,7.1,HIGH,NETWORK,LOW,NONE,REQUIRED,2.8,,0
CVE-2026-25350,2026-03-25,3.1,7.1,HIGH,NETWORK,LOW,NONE,REQUIRED,2.8,,0
CVE-2026-25351,2026-03-25,3.1,7.1,HIGH,NETWORK,LOW,NONE,REQUIRED,2.8,,0
CVE-2026-25352,2026-03-25,3.1,7.1,HIGH,NETWORK,LOW,NONE,REQUIRED,2.8,,0
CVE-2026-25353,2026-03-25,3.1,7.1,HIGH,NETWORK,LOW,NONE,REQUIRED,2.8,,0
CVE-2026-25354,2026-03-25,3.1,7.1,HIGH,NETWORK,LOW,NONE,REQUIRED,2.8,,0
CVE-2026-25355,2026-03-25,3.1,6.5,MEDIUM,NETWORK,LOW,LOW,REQUIRED,2.3,,0
CVE-2026-25356,2026-03-25,3.1,7.1,HIGH,NETWORK,LOW,NONE,REQUIRED,2.8,,0
CVE-2026-25357,2026-03-25,3.1,8.1,HIGH,NETWORK,HIGH,NONE,NONE,2.2,,0
CVE-2026-25358,2026-03-25,3.1,8.8,HIGH,NETWORK,LOW,LOW,NONE,2.8,,0
CVE-2026-25359,2026-03-25,3.1,8.8,HIGH,NETWORK,LOW,LOW,NONE,2.8,,0
CVE-2026-25360,2026-03-25,3.1,8.8,HIGH,NETWORK,LOW,LOW,NONE,2.8,,0
CVE-2026-25361,2026-03-25,3.1,7.1,HIGH,NETWORK,LOW,NONE,REQUIRED,2.8,,0
CVE-2026-25365,2026-03-25,3.1,6.5,MEDIUM,NETWORK,LOW,LOW,NONE,2.8,,0
CVE-2026-25366,2026-03-25,3.1,9.9,CRITICAL,NETWORK,LOW,LOW,NONE,3.1,,0
CVE-2026-25371,2026-03-25,3.1,9.3,CRITICAL,NETWORK,LOW,NONE,NONE,3.9,,0
CVE-2026-25373,2026-03-25,3.1,7.1,HIGH,NETWORK,LOW,NONE,REQUIRED,2.8,,0
CVE-2026-25376,2026-03-25,3.1,7.1,HIGH,NETWORK,LOW,NONE,REQUIRED,2.8,,0
CVE-2026-25377,2026-03-25,3.1,9.3,CRITICAL,NETWORK,LOW,NONE,NONE,3.9,,0
CVE-2026-25379,2026-03-25,3.1,8.1,HIGH,NETWORK,HIGH,NONE,NONE,2.2,,0
CVE-2026-25380,2026-03-25,3.1,8.1,HIGH,NETWORK,HIGH,NONE,NONE,2.2,,0
CVE-2026-25381,2026-03-25,3.1,8.1,HIGH,NETWORK,HIGH,NONE,NONE,2.2,,0
CVE-2026-25382,2026-03-25,3.1,8.1,HIGH,NETWORK,HIGH,NONE,NONE,2.2,,0
CVE-2026-25383,2026-03-25,3.1,7.1,HIGH,NETWORK,LOW,NONE,REQUIRED,2.8,,0
CVE-2026-25390,2026-03-25,3.1,6.5,MEDIUM,NETWORK,LOW,LOW,NONE,2.8,,0
CVE-2026-25396,2026-03-25,3.1,7.5,HIGH,NETWORK,LOW,NONE,NONE,3.9,,0
CVE-2026-25397,2026-03-25,3.1,7.5,HIGH,NETWORK,LOW,NONE,NONE,3.9,,0
CVE-2026-25398,2026-03-25,3.1,6.5,MEDIUM,NETWORK,LOW,LOW,NONE,2.8,,0
CVE-2026-25400,2026-03-25,3.1,8.8,HIGH,NETWORK,LOW,LOW,NONE,2.8,,0
CVE-2026-25401,2026-03-25,3.1,7.5,HIGH,NETWORK,LOW,NONE,NONE,3.9,,0
CVE-2026-25406,2026-03-25,3.1,8.1,HIGH,NETWORK,HIGH,NONE,NONE,2.2,,0
CVE-2026-25413,2026-03-25,3.1,9.9,CRITICAL,NETWORK,LOW,LOW,NONE,3.1,,0
CVE-2026-25414,2026-03-25,3.1,8.8,HIGH,NETWORK,LOW,LOW,NONE,2.8,,0
CVE-2026-25417,2026-03-25,3.1,6.5,MEDIUM,NETWORK,LOW,LOW,REQUIRED,2.3,,0
CVE-2026-25429,2026-03-25,3.1,9.8,CRITICAL,NETWORK,LOW,NONE,NONE,3.9,,0
CVE-2026-25430,2026-03-25,3.1,6.5,MEDIUM,NETWORK,LOW,LOW,NONE,2.8,,0
CVE-2026-25435,2026-03-25,3.1,7.1,HIGH,NETWORK,LOW,NONE,REQUIRED,2.8,,0
CVE-2026-25437,2026-03-25,3.1,6.5,MEDIUM,NETWORK,LOW,NONE,NONE,3.9,,0
CVE-2026-25447,2026-03-25,3.1,9.1,CRITICAL,NETWORK,LOW,HIGH,NONE,2.3,,0
CVE-2026-25452,2026-03-25,3.1,7.1,HIGH,NETWORK,LOW,NONE,REQUIRED,2.8,,0
CVE-2026-25454,2026-03-25,3.1,6.5,MEDIUM,NETWORK,LOW,LOW,NONE,2.8,,0
CVE-2026-25455,2026-03-25,3.1,6.5,MEDIUM,NETWORK,LOW,LOW,NONE,2.8,,0
CVE-2026-25456,2026-03-25,3.1,7.3,HIGH,NETWORK,LOW,NONE,NONE,3.9,,0
CVE-2026-25457,2026-03-25,3.1,8.1,HIGH,NETWORK,HIGH,NONE,NONE,2.2,,0
CVE-2026-25458,2026-03-25,3.1,8.1,HIGH,NETWORK,HIGH,NONE,NONE,2.2,,0
CVE-2026-25460,2026-03-25,3.1,6.3,MEDIUM,NETWORK,LOW,LOW,NONE,2.8,,0
CVE-2026-25461,2026-03-25,3.1,7.1,HIGH,NETWORK,LOW,NONE,REQUIRED,2.8,,0
CVE-2026-25462,2026-03-25,3.1,6.5,MEDIUM,NETWORK,LOW,NONE,NONE,3.9,,0
CVE-2026-25464,2026-03-25,3.1,8.1,HIGH,NETWORK,HIGH,NONE,NONE,2.2,,0
CVE-2026-25465,2026-03-25,3.1,6.5,MEDIUM,NETWORK,LOW,LOW,REQUIRED,2.3,,0
CVE-2026-25469,2026-03-25,3.1,6.5,MEDIUM,NETWORK,LOW,NONE,NONE,3.9,,0
CVE-2026-25645,2026-03-25,3.1,4.4,MEDIUM,LOCAL,HIGH,LOW,REQUIRED,0.8,python:requests,1
CVE-2026-26233,2026-03-25,3.1,4.3,MEDIUM,NETWORK,LOW,LOW,NONE,2.8,mattermost:mattermost_server,1
CVE-2026-27039,2026-03-25,3.1,8.5,HIGH,NETWORK,LOW,LOW,NONE,3.1,,0
CVE-2026-27040,2026-03-25,3.1,8.8,HIGH,NETWORK,LOW,LOW,NONE,2.8,,0
CVE-2026-27044,2026-03-25,3.1,9.9,CRITICAL,NETWORK,LOW,LOW,NONE,3.1,,0
CVE-2026-27045,2026-03-25,3.1,8.8,HIGH,NETWORK,LOW,LOW,NONE,2.8,,0
CVE-2026-27046,2026-03-25,3.1,6.5,MEDIUM,NETWORK,LOW,LOW,NONE,2.8,,0
CVE-2026-27047,2026-03-25,3.1,8.1,HIGH,NETWORK,HIGH,NONE,NONE,2.2,,0
CVE-2026-27048,2026-03-25,3.1,8.1,HIGH,NETWORK,HIGH,NONE,NONE,2.2,,0
CVE-2026-27049,2026-03-25,3.1,9.8,CRITICAL,NETWORK,LOW,NONE,NONE,3.9,,0
CVE-2026-27051,2026-03-25,3.1,9.8,CRITICAL,NETWORK,LOW,NONE,NONE,3.9,,0
CVE-2026-27054,2026-03-25,3.1,7.1,HIGH,NETWORK,LOW,NONE,REQUIRED,2.8,,0
CVE-2026-27071,2026-03-25,3.1,9.1,CRITICAL,NETWORK,LOW,NONE,NONE,3.9,,0
CVE-2026-27073,2026-03-25,3.1,7.5,HIGH,NETWORK,LOW,NONE,NONE,3.9,,0
CVE-2026-27075,2026-03-25,3.1,8.1,HIGH,NETWORK,HIGH,NONE,NONE,2.2,,0
CVE-2026-27076,2026-03-25,3.1,8.1,HIGH,NETWORK,HIGH,NONE,NONE,2.2,,0
CVE-2026-27077,2026-03-25,3.1,8.1,HIGH,NETWORK,HIGH,NONE,NONE,2.2,,0
CVE-2026-27078,2026-03-25,3.1,8.1,HIGH,NETWORK,HIGH,NONE,NONE,2.2,,0
CVE-2026-27079,2026-03-25,3.1,8.1,HIGH,NETWORK,HIGH,NONE,NONE,2.2,,0
CVE-2026-27080,2026-03-25,3.1,8.1,HIGH,NETWORK,HIGH,NONE,NONE,2.2,,0
CVE-2026-27081,2026-03-25,3.1,8.1,HIGH,NETWORK,HIGH,NONE,NONE,2.2,,0
CVE-2026-27082,2026-03-25,3.1,9.8,CRITICAL,NETWORK,LOW,NONE,NONE,3.9,,0
CVE-2026-27083,2026-03-25,3.1,9.8,CRITICAL,NETWORK,LOW,NONE,NONE,3.9,,0
CVE-2026-27084,2026-03-25,3.1,9.8,CRITICAL,NETWORK,LOW,NONE,NONE,3.9,,0
CVE-2026-27087,2026-03-25,3.1,7.1,HIGH,NETWORK,LOW,NONE,REQUIRED,2.8,,0
CVE-2026-27088,2026-03-25,3.1,7.1,HIGH,NETWORK,LOW,NONE,REQUIRED,2.8,,0
CVE-2026-27095,2026-03-25,3.1,9.8,CRITICAL,NETWORK,LOW,NONE,NONE,3.9,,0
CVE-2026-27656,2026-03-25,3.1,5.7,MEDIUM,NETWORK,HIGH,HIGH,REQUIRED,0.5,mattermost:mattermost_server,1
CVE-2026-27659,2026-03-25,3.1,4.6,MEDIUM,NETWORK,LOW,LOW,REQUIRED,2.1,mattermost:mattermost_server,1
CVE-2026-29092,2026-03-25,3.1,4.9,MEDIUM,NETWORK,LOW,HIGH,NONE,1.2,accellion:kiteworks,1
CVE-2026-2414,2026-03-25,3.1,9.8,CRITICAL,NETWORK,LOW,NONE,NONE,3.9,hypr:hypr,1
CVE-2026-2726,2026-03-25,3.1,4.3,MEDIUM,NETWORK,LOW,LOW,NONE,2.8,gitlab:gitlab,1
CVE-2026-2745,2026-03-25,3.1,6.8,MEDIUM,NETWORK,HIGH,LOW,NONE,1.6,gitlab:gitlab,1
CVE-2026-2973,2026-03-25,3.1,5.4,MEDIUM,NETWORK,LOW,LOW,REQUIRED,2.3,gitlab:gitlab,1
CVE-2026-2995,2026-03-25,3.1,7.7,HIGH,NETWORK,HIGH,LOW,REQUIRED,1.3,gitlab:gitlab,1
CVE-2026-31913,2026-03-25,3.1,8.6,HIGH,NETWORK,LOW,NONE,NONE,3.9,,0
CVE-2026-31914,2026-03-25,3.1,6.5,MEDIUM,NETWORK,LOW,LOW,REQUIRED,2.3,,0
CVE-2026-31920,2026-03-25,3.1,9.3,CRITICAL,NETWORK,LOW,NONE,NONE,3.9,,0
CVE-2026-31921,2026-03-25,3.1,8.2,HIGH,NETWORK,LOW,NONE,NONE,3.9,,0
CVE-2026-32441,2026-03-25,3.1,7.7,HIGH,NETWORK,LOW,LOW,NONE,3.1,,0
CVE-2026-32482,2026-03-25,3.1,9.9,CRITICAL,NETWORK,LOW,LOW,NONE,3.1,,0
CVE-2026-32483,2026-03-25,3.1,6.5,MEDIUM,NETWORK,LOW,LOW,NONE,2.8,,0
CVE-2026-32484,2026-03-25,3.1,8.8,HIGH,NETWORK,LOW,NONE,REQUIRED,2.8,,0
CVE-2026-32485,2026-03-25,3.1,7.5,HIGH,NETWORK,LOW,NONE,NONE,3.9,,0
CVE-2026-32488,2026-03-25,3.1,8.1,HIGH,NETWORK,HIGH,NONE,NONE,2.2,,0
CVE-2026-32489,2026-03-25,3.1,6.5,MEDIUM,NETWORK,LOW,NONE,NONE,3.9,,0
CVE-2026-32490,2026-03-25,3.1,6.5,MEDIUM,NETWORK,LOW,LOW,REQUIRED,2.3,,0
CVE-2026-32491,2026-03-25,3.1,6.5,MEDIUM,NETWORK,LOW,LOW,REQUIRED,2.3,,0
CVE-2026-32492,2026-03-25,3.1,5.3,MEDIUM,NETWORK,LOW,NONE,NONE,3.9,,0
CVE-2026-32493,2026-03-25,3.1,7.1,HIGH,NETWORK,LOW,NONE,REQUIRED,2.8,,0
CVE-2026-32494,2026-03-25,3.1,7.1,HIGH,NETWORK,LOW,NONE,REQUIRED,2.8,,0
CVE-2026-32495,2026-03-25,3.1,7.5,HIGH,NETWORK,LOW,NONE,NONE,3.9,,0
CVE-2026-32496,2026-03-25,3.1,6.8,MEDIUM,NETWORK,LOW,HIGH,NONE,2.3,,0
CVE-2026-32497,2026-03-25,3.1,5.3,MEDIUM,NETWORK,LOW,NONE,NONE,3.9,,0
CVE-2026-32498,2026-03-25,3.1,7.5,HIGH,NETWORK,LOW,NONE,NONE,3.9,,0
CVE-2026-32499,2026-03-25,3.1,9.3,CRITICAL,NETWORK,LOW,NONE,NONE,3.9,,0
CVE-2026-32500,2026-03-25,3.1,8.1,HIGH,NETWORK,HIGH,NONE,NONE,2.2,,0
CVE-2026-32501,2026-03-25,3.1,7.1,HIGH,NETWORK,LOW,LOW,NONE,2.8,,0
CVE-2026-32502,2026-03-25,3.1,9.8,CRITICAL,NETWORK,LOW,NONE,NONE,3.9,,0
CVE-2026-32503,2026-03-25,3.1,8.1,HIGH,NETWORK,HIGH,NONE,NONE,2.2,,0
CVE-2026-32504,2026-03-25,3.1,8.1,HIGH,NETWORK,HIGH,NONE,NONE,2.2,,0
CVE-2026-32505,2026-03-25,3.1,8.1,HIGH,NETWORK,HIGH,NONE,NONE,2.2,,0
CVE-2026-32506,2026-03-25,3.1,5.4,MEDIUM,NETWORK,LOW,LOW,NONE,2.8,,0
CVE-2026-32507,2026-03-25,3.1,5.4,MEDIUM,NETWORK,LOW,LOW,NONE,2.8,,0
CVE-2026-32508,2026-03-25,3.1,5.4,MEDIUM,NETWORK,LOW,LOW,NONE,2.8,,0
CVE-2026-32509,2026-03-25,3.1,5.4,MEDIUM,NETWORK,LOW,LOW,NONE,2.8,,0
CVE-2026-32510,2026-03-25,3.1,5.4,MEDIUM,NETWORK,LOW,LOW,NONE,2.8,,0
CVE-2026-32511,2026-03-25,3.1,5.4,MEDIUM,NETWORK,LOW,LOW,NONE,2.8,,0
CVE-2026-32512,2026-03-25,3.1,9.8,CRITICAL,NETWORK,LOW,NONE,NONE,3.9,,0
CVE-2026-32513,2026-03-25,3.1,8.8,HIGH,NETWORK,LOW,LOW,NONE,2.8,,0
CVE-2026-32514,2026-03-25,3.1,6.5,MEDIUM,NETWORK,LOW,LOW,NONE,2.8,,0
CVE-2026-32515,2026-03-25,3.1,7.5,HIGH,NETWORK,LOW,NONE,NONE,3.9,,0
CVE-2026-32516,2026-03-25,3.1,8.5,HIGH,NETWORK,LOW,LOW,NONE,3.1,,0
CVE-2026-32517,2026-03-25,3.1,7.1,HIGH,NETWORK,LOW,NONE,REQUIRED,2.8,,0
CVE-2026-32518,2026-03-25,3.1,7.1,HIGH,NETWORK,LOW,NONE,REQUIRED,2.8,,0
CVE-2026-32519,2026-03-25,3.1,9.0,CRITICAL,NETWORK,HIGH,NONE,NONE,2.2,,0
CVE-2026-32520,2026-03-25,3.1,9.8,CRITICAL,NETWORK,LOW,NONE,NONE,3.9,,0
CVE-2026-32521,2026-03-25,3.1,6.5,MEDIUM,NETWORK,LOW,LOW,REQUIRED,2.3,,0
CVE-2026-32522,2026-03-25,3.1,8.6,HIGH,NETWORK,LOW,NONE,NONE,3.9,,0
CVE-2026-32523,2026-03-25,3.1,9.9,CRITICAL,NETWORK,LOW,LOW,NONE,3.1,,0
CVE-2026-32524,2026-03-25,3.1,9.1,CRITICAL,NETWORK,LOW,HIGH,NONE,2.3,,0
CVE-2026-32525,2026-03-25,3.1,9.9,CRITICAL,NETWORK,LOW,LOW,NONE,3.1,,0
CVE-2026-32526,2026-03-25,3.1,7.1,HIGH,NETWORK,LOW,NONE,REQUIRED,2.8,,0
CVE-2026-32527,2026-03-25,3.1,6.5,MEDIUM,NETWORK,LOW,LOW,NONE,2.8,,0
CVE-2026-32528,2026-03-25,3.1,7.1,HIGH,NETWORK,LOW,NONE,REQUIRED,2.8,,0
CVE-2026-32529,2026-03-25,3.1,7.1,HIGH,NETWORK,LOW,NONE,REQUIRED,2.8,,0
CVE-2026-32530,2026-03-25,3.1,8.8,HIGH,NETWORK,LOW,LOW,NONE,2.8,,0
CVE-2026-32531,2026-03-25,3.1,8.1,HIGH,NETWORK,HIGH,NONE,NONE,2.2,,0
CVE-2026-32532,2026-03-25,3.1,7.1,HIGH,NETWORK,LOW,NONE,REQUIRED,2.8,,0
CVE-2026-32533,2026-03-25,3.1,6.5,MEDIUM,NETWORK,LOW,NONE,NONE,3.9,,0
CVE-2026-32534,2026-03-25,3.1,8.5,HIGH,NETWORK,LOW,LOW,NONE,3.1,,0
CVE-2026-32535,2026-03-25,3.1,6.5,MEDIUM,NETWORK,LOW,LOW,NONE,2.8,,0
CVE-2026-32536,2026-03-25,3.1,9.9,CRITICAL,NETWORK,LOW,LOW,NONE,3.1,,0
CVE-2026-32537,2026-03-25,3.1,7.5,HIGH,NETWORK,HIGH,LOW,NONE,1.6,,0
CVE-2026-32538,2026-03-25,3.1,7.5,HIGH,NETWORK,LOW,NONE,NONE,3.9,,0
CVE-2026-32539,2026-03-25,3.1,9.3,CRITICAL,NETWORK,LOW,NONE,NONE,3.9,,0
CVE-2026-32540,2026-03-25,3.1,7.1,HIGH,NETWORK,LOW,NONE,REQUIRED,2.8,,0
CVE-2026-32541,2026-03-25,3.1,6.5,MEDIUM,NETWORK,LOW,LOW,NONE,2.8,,0
CVE-2026-32542,2026-03-25,3.1,7.1,HIGH,NETWORK,LOW,NONE,REQUIRED,2.8,,0
CVE-2026-32544,2026-03-25,3.1,7.1,HIGH,NETWORK,LOW,NONE,REQUIRED,2.8,,0
CVE-2026-32545,2026-03-25,3.1,7.1,HIGH,NETWORK,LOW,NONE,REQUIRED,2.8,,0
CVE-2026-32546,2026-03-25,3.1,7.5,HIGH,NETWORK,LOW,NONE,NONE,3.9,,0
CVE-2026-32562,2026-03-25,3.1,5.4,MEDIUM,NETWORK,LOW,LOW,NONE,2.8,,0
CVE-2026-32567,2026-03-25,3.1,6.8,MEDIUM,NETWORK,LOW,HIGH,NONE,2.3,,0
CVE-2026-32573,2026-03-25,3.1,9.1,CRITICAL,NETWORK,LOW,HIGH,NONE,2.3,,0
CVE-2026-34085,2026-03-25,3.1,5.9,MEDIUM,LOCAL,LOW,NONE,NONE,2.5,fontconfig_project:fontconfig,1
CVE-2026-3857,2026-03-25,3.1,8.1,HIGH,NETWORK,LOW,NONE,REQUIRED,2.8,gitlab:gitlab,1
CVE-2026-3988,2026-03-25,3.1,7.5,HIGH,NETWORK,LOW,NONE,NONE,3.9,gitlab:gitlab,1
CVE-2025-67030,2026-03-25,3.1,8.8,HIGH,NETWORK,LOW,NONE,REQUIRED,2.8,codehaus-plexus:plexus-utils,1
CVE-2026-27496,2026-03-25,3.1,6.5,MEDIUM,NETWORK,LOW,LOW,NONE,2.8,n8n:n8n,1
CVE-2026-30587,2026-03-25,3.1,8.7,HIGH,NETWORK,LOW,LOW,REQUIRED,2.3,seafile:seafile_server,1
CVE-2026-33660,2026-03-25,3.1,8.8,HIGH,NETWORK,LOW,LOW,NONE,2.8,n8n:n8n,1
CVE-2026-33663,2026-03-25,3.1,6.5,MEDIUM,NETWORK,LOW,LOW,NONE,2.8,n8n:n8n,1
CVE-2026-33665,2026-03-25,3.1,7.5,HIGH,NETWORK,HIGH,LOW,NONE,1.6,n8n:n8n,1
CVE-2026-33696,2026-03-25,3.1,8.8,HIGH,NETWORK,LOW,LOW,NONE,2.8,n8n:n8n,1
CVE-2026-33713,2026-03-25,3.1,8.8,HIGH,NETWORK,LOW,LOW,NONE,2.8,n8n:n8n,1
CVE-2025-70887,2026-03-25,3.1,8.8,HIGH,NETWORK,LOW,LOW,NONE,2.8,ralphje:signify,1
CVE-2025-70952,2026-03-25,3.1,7.5,HIGH,NETWORK,LOW,NONE,NONE,3.9,pf4j_project:pf4j,1
CVE-2026-1001,2026-03-25,3.1,4.8,MEDIUM,NETWORK,LOW,HIGH,REQUIRED,1.7,domoticz:domoticz,1
CVE-2026-27602,2026-03-25,3.1,7.2,HIGH,NETWORK,LOW,HIGH,NONE,1.2,modoboa:modoboa,1
CVE-2026-33720,2026-03-25,3.1,4.2,MEDIUM,NETWORK,HIGH,NONE,REQUIRED,1.6,n8n:n8n,1
CVE-2026-33722,2026-03-25,3.1,5.3,MEDIUM,NETWORK,HIGH,LOW,NONE,1.6,n8n:n8n,1
CVE-2026-33724,2026-03-25,3.1,7.4,HIGH,NETWORK,HIGH,NONE,NONE,2.2,n8n:n8n,1
CVE-2026-33749,2026-03-25,3.1,9.0,CRITICAL,NETWORK,LOW,LOW,REQUIRED,2.3,n8n:n8n,1
CVE-2026-33751,2026-03-25,3.1,4.8,MEDIUM,NETWORK,HIGH,NONE,NONE,2.2,n8n:n8n,1
CVE-2026-33809,2026-03-25,3.1,5.3,MEDIUM,NETWORK,LOW,NONE,NONE,3.9,golang:tiff,1
CVE-2025-12708,2026-03-25,3.1,6.2,MEDIUM,LOCAL,LOW,NONE,NONE,2.5,ibm:concert,1
CVE-2025-14790,2026-03-25,3.1,6.5,MEDIUM,NETWORK,LOW,LOW,NONE,2.8,ibm:infosphere_information_server,1
CVE-2025-70888,2026-03-25,3.1,9.8,CRITICAL,NETWORK,LOW,NONE,NONE,3.9,osslsigncode_project:osslsigncode,1
CVE-2026-27889,2026-03-25,3.1,7.5,HIGH,NETWORK,LOW,NONE,NONE,3.9,linuxfoundation:nats-server,1
CVE-2026-29785,2026-03-25,3.1,7.5,HIGH,NETWORK,LOW,NONE,NONE,3.9,linuxfoundation:nats-server,1
CVE-2026-33216,2026-03-25,3.1,8.6,HIGH,NETWORK,LOW,NONE,NONE,3.9,linuxfoundation:nats-server,1
CVE-2026-33217,2026-03-25,3.1,7.1,HIGH,NETWORK,LOW,LOW,NONE,2.8,linuxfoundation:nats-server,1
CVE-2026-33218,2026-03-25,3.1,7.5,HIGH,NETWORK,LOW,NONE,NONE,3.9,linuxfoundation:nats-server,1
CVE-2026-33219,2026-03-25,3.1,5.3,MEDIUM,NETWORK,LOW,NONE,NONE,3.9,linuxfoundation:nats-server,1
CVE-2026-33246,2026-03-25,3.1,6.4,MEDIUM,NETWORK,LOW,LOW,NONE,3.1,linuxfoundation:nats-server,1
CVE-2026-33247,2026-03-25,3.1,7.4,HIGH,NETWORK,HIGH,NONE,NONE,2.2,linuxfoundation:nats-server,1
CVE-2025-14807,2026-03-25,3.1,6.5,MEDIUM,NETWORK,LOW,NONE,NONE,3.9,ibm:infosphere_information_server,1
CVE-2025-14808,2026-03-25,3.1,3.1,LOW,NETWORK,HIGH,LOW,NONE,1.6,ibm:infosphere_information_server,1
CVE-2025-14810,2026-03-25,3.1,6.3,MEDIUM,NETWORK,LOW,LOW,NONE,2.8,ibm:infosphere_information_server,1
CVE-2025-14912,2026-03-25,3.1,5.4,MEDIUM,NETWORK,LOW,LOW,NONE,2.8,ibm:infosphere_information_server,1
CVE-2025-14915,2026-03-25,3.1,6.5,MEDIUM,NETWORK,LOW,HIGH,NONE,1.2,ibm:websphere_application_server,1
CVE-2025-14917,2026-03-25,3.1,6.7,MEDIUM,LOCAL,LOW,HIGH,NONE,0.8,ibm:websphere_application_server,1
CVE-2025-14974,2026-03-25,3.1,5.7,MEDIUM,ADJACENT,LOW,LOW,NONE,2.1,ibm:infosphere_information_server,1
CVE-2025-36258,2026-03-25,3.1,7.1,HIGH,LOCAL,LOW,NONE,NONE,2.5,ibm:infosphere_information_server,1
CVE-2025-36422,2026-03-25,3.1,4.3,MEDIUM,NETWORK,LOW,NONE,REQUIRED,2.8,ibm:infosphere_information_server,1
CVE-2025-36438,2026-03-25,3.1,5.1,MEDIUM,LOCAL,HIGH,NONE,NONE,1.4,ibm:concert,1
CVE-2025-36440,2026-03-25,3.1,5.1,MEDIUM,LOCAL,LOW,NONE,NONE,2.5,ibm:concert,1
CVE-2025-64646,2026-03-25,3.1,6.2,MEDIUM,LOCAL,LOW,NONE,NONE,2.5,ibm:concert,1
CVE-2025-64647,2026-03-25,3.1,5.9,MEDIUM,NETWORK,HIGH,NONE,NONE,2.2,ibm:concert,1
CVE-2025-64648,2026-03-25,3.1,5.9,MEDIUM,NETWORK,HIGH,NONE,NONE,2.2,ibm:concert,1
CVE-2026-1014,2026-03-25,3.1,6.5,MEDIUM,NETWORK,LOW,LOW,NONE,2.8,ibm:infosphere_information_server,1
CVE-2026-1015,2026-03-25,3.1,5.4,MEDIUM,NETWORK,LOW,LOW,NONE,2.8,ibm:infosphere_information_server,1
CVE-2026-1262,2026-03-25,3.1,4.3,MEDIUM,NETWORK,LOW,LOW,NONE,2.8,ibm:infosphere_information_server,1
CVE-2026-1561,2026-03-25,3.1,5.4,MEDIUM,NETWORK,LOW,LOW,NONE,2.8,ibm:websphere_application_server,1
CVE-2026-2483,2026-03-25,3.1,5.4,MEDIUM,NETWORK,LOW,LOW,REQUIRED,2.3,ibm:infosphere_information_server,1
CVE-2026-2484,2026-03-25,3.1,4.3,MEDIUM,NETWORK,LOW,LOW,NONE,2.8,ibm:infosphere_information_server,1
CVE-2026-2485,2026-03-25,3.1,4.8,MEDIUM,NETWORK,LOW,HIGH,REQUIRED,1.7,ibm:infosphere_information_server,1
CVE-2026-30975,2026-03-25,3.1,8.1,HIGH,NETWORK,LOW,NONE,REQUIRED,2.8,sonarr:sonarr,1
CVE-2026-30976,2026-03-25,3.1,8.6,HIGH,NETWORK,LOW,NONE,NONE,3.9,sonarr:sonarr,1
CVE-2026-33222,2026-03-25,3.1,4.9,MEDIUM,NETWORK,LOW,HIGH,NONE,1.2,linuxfoundation:nats-server,1
CVE-2026-33223,2026-03-25,3.1,6.4,MEDIUM,NETWORK,LOW,LOW,NONE,3.1,linuxfoundation:nats-server,1
CVE-2026-33248,2026-03-25,3.1,4.2,MEDIUM,NETWORK,HIGH,LOW,NONE,1.6,linuxfoundation:nats-server,1
CVE-2026-33249,2026-03-25,3.1,4.3,MEDIUM,NETWORK,LOW,LOW,NONE,2.8,linuxfoundation:nats-server,1
CVE-2026-4822,2026-03-25,3.1,7.0,HIGH,LOCAL,HIGH,LOW,NONE,1.0,,0
CVE-2025-14684,2026-03-25,3.1,4.0,MEDIUM,LOCAL,LOW,NONE,NONE,2.5,ibm:maximo_application_suite,1
CVE-2025-36187,2026-03-25,3.1,4.4,MEDIUM,LOCAL,LOW,HIGH,NONE,0.8,ibm:knowledge_catalog,1
CVE-2026-4823,2026-03-25,3.1,2.5,LOW,LOCAL,HIGH,LOW,NONE,1.0,,0
CVE-2026-4824,2026-03-25,3.1,7.0,HIGH,LOCAL,HIGH,LOW,NONE,1.0,,0
CVE-2026-29187,2026-03-25,3.1,8.1,HIGH,NETWORK,LOW,LOW,NONE,2.8,open-emr:openemr,1
CVE-2026-32120,2026-03-25,3.1,6.5,MEDIUM,NETWORK,LOW,LOW,NONE,2.8,open-emr:openemr,1
CVE-2026-33348,2026-03-25,3.1,8.7,HIGH,NETWORK,LOW,LOW,REQUIRED,2.3,open-emr:openemr,1
CVE-2026-33909,2026-03-25,3.1,5.9,MEDIUM,NETWORK,HIGH,HIGH,NONE,0.7,open-emr:openemr,1
CVE-2026-33910,2026-03-25,3.1,7.2,HIGH,NETWORK,LOW,HIGH,NONE,1.2,open-emr:openemr,1
CVE-2026-33911,2026-03-25,3.1,5.4,MEDIUM,NETWORK,LOW,LOW,REQUIRED,2.3,open-emr:openemr,1
CVE-2026-33912,2026-03-25,3.1,5.4,MEDIUM,NETWORK,LOW,LOW,REQUIRED,2.3,open-emr:openemr,1
CVE-2026-33913,2026-03-25,3.1,7.7,HIGH,NETWORK,LOW,LOW,NONE,3.1,open-emr:openemr,1
CVE-2026-4825,2026-03-25,3.1,6.3,MEDIUM,NETWORK,LOW,LOW,NONE,2.8,ahsanriaz26gmailcom:sales_and_inventory_system,1
CVE-2026-30892,2026-03-26,3.1,0.0,NONE,LOCAL,LOW,NONE,NONE,2.5,crun_project:crun,1
CVE-2026-33914,2026-03-26,3.1,7.2,HIGH,NETWORK,LOW,HIGH,NONE,1.2,open-emr:openemr,1
CVE-2026-33915,2026-03-26,3.1,5.4,MEDIUM,NETWORK,LOW,LOW,NONE,2.8,open-emr:openemr,1
CVE-2026-33917,2026-03-26,3.1,8.8,HIGH,NETWORK,LOW,LOW,NONE,2.8,open-emr:openemr,1
CVE-2026-33918,2026-03-26,3.1,7.6,HIGH,NETWORK,LOW,LOW,NONE,2.8,open-emr:openemr,1
CVE-2026-33931,2026-03-26,3.1,6.5,MEDIUM,NETWORK,LOW,LOW,NONE,2.8,open-emr:openemr,1
CVE-2026-33932,2026-03-26,3.1,7.6,HIGH,NETWORK,LOW,LOW,REQUIRED,2.3,open-emr:openemr,1
CVE-2026-33933,2026-03-26,3.1,6.1,MEDIUM,NETWORK,LOW,NONE,REQUIRED,2.8,open-emr:openemr,1
CVE-2026-33934,2026-03-26,3.1,4.3,MEDIUM,NETWORK,LOW,LOW,NONE,2.8,open-emr:openemr,1
CVE-2026-34051,2026-03-26,3.1,5.4,MEDIUM,NETWORK,LOW,LOW,NONE,2.8,open-emr:openemr,1
CVE-2026-34053,2026-03-26,3.1,7.1,HIGH,NETWORK,LOW,LOW,NONE,2.8,open-emr:openemr,1
CVE-2026-34055,2026-03-26,3.1,8.1,HIGH,NETWORK,LOW,LOW,NONE,2.8,open-emr:openemr,1
CVE-2026-34056,2026-03-26,3.1,7.7,HIGH,NETWORK,LOW,LOW,NONE,3.1,open-emr:openemr,1
CVE-2026-4758,2026-03-26,3.1,8.8,HIGH,NETWORK,LOW,LOW,NONE,2.8,,0
CVE-2026-4826,2026-03-26,3.1,6.3,MEDIUM,NETWORK,LOW,LOW,NONE,2.8,ahsanriaz26gmailcom:sales_and_inventory_system,1
CVE-2026-32748,2026-03-26,3.1,7.5,HIGH,NETWORK,LOW,NONE,NONE,3.9,squid-cache:squid,1
CVE-2026-33182,2026-03-26,3.1,7.5,HIGH,NETWORK,LOW,NONE,NONE,3.9,saloon:saloon,1
CVE-2026-33183,2026-03-26,3.1,9.1,CRITICAL,NETWORK,LOW,NONE,NONE,3.9,saloon:saloon,1
CVE-2026-33285,2026-03-26,3.1,7.5,HIGH,NETWORK,LOW,NONE,NONE,3.9,liquidjs:liquidjs,1
CVE-2026-33287,2026-03-26,3.1,7.5,HIGH,NETWORK,LOW,NONE,NONE,3.9,liquidjs:liquidjs,1
CVE-2026-33515,2026-03-26,3.1,6.5,MEDIUM,NETWORK,LOW,NONE,NONE,3.9,squid-cache:squid,1
CVE-2026-33526,2026-03-26,3.1,7.5,HIGH,NETWORK,LOW,NONE,NONE,3.9,squid-cache:squid,1
CVE-2026-33942,2026-03-26,3.1,9.8,CRITICAL,NETWORK,LOW,NONE,NONE,3.9,saloon:saloon,1
CVE-2026-4830,2026-03-26,3.1,5.6,MEDIUM,NETWORK,HIGH,NONE,NONE,2.2,,0
CVE-2026-4484,2026-03-26,3.1,8.8,HIGH,NETWORK,LOW,LOW,NONE,2.8,,0
CVE-2026-4831,2026-03-26,3.1,3.7,LOW,NETWORK,HIGH,NONE,NONE,2.2,,0
CVE-2026-4833,2026-03-26,3.1,3.3,LOW,LOCAL,LOW,LOW,NONE,1.8,,0
CVE-2014-125112,2026-03-26,3.1,9.8,CRITICAL,NETWORK,LOW,NONE,NONE,3.9,miyagawa:plack\,1
CVE-2025-15101,2026-03-26,3.1,8.8,HIGH,NETWORK,LOW,NONE,REQUIRED,2.8,asus:asus_firmware,1
CVE-2026-4835,2026-03-26,3.1,3.5,LOW,NETWORK,LOW,LOW,REQUIRED,2.1,,0
CVE-2026-4836,2026-03-26,3.1,6.3,MEDIUM,NETWORK,LOW,LOW,NONE,2.8,,0
CVE-2026-1986,2026-03-26,3.1,6.1,MEDIUM,NETWORK,LOW,NONE,REQUIRED,2.8,,0
CVE-2026-3328,2026-03-26,3.1,7.2,HIGH,NETWORK,LOW,HIGH,NONE,1.2,,0
CVE-2026-4075,2026-03-26,3.1,6.4,MEDIUM,NETWORK,LOW,LOW,NONE,3.1,,0
CVE-2026-4335,2026-03-26,3.1,5.4,MEDIUM,NETWORK,LOW,LOW,REQUIRED,2.3,,0
CVE-2026-4838,2026-03-26,3.1,7.3,HIGH,NETWORK,LOW,NONE,NONE,3.9,,0
CVE-2026-4839,2026-03-26,3.1,7.3,HIGH,NETWORK,LOW,NONE,NONE,3.9,,0
CVE-2026-2931,2026-03-26,3.1,8.8,HIGH,NETWORK,LOW,LOW,NONE,2.8,,0
CVE-2026-33201,2026-03-26,3.0,6.8,MEDIUM,PHYSICAL,LOW,NONE,NONE,0.9,,0
CVE-2026-4278,2026-03-26,3.1,6.4,MEDIUM,NETWORK,LOW,LOW,NONE,3.1,,0
CVE-2026-4281,2026-03-26,3.1,5.3,MEDIUM,NETWORK,LOW,NONE,NONE,3.9,,0
CVE-2026-4329,2026-03-26,3.1,7.2,HIGH,NETWORK,LOW,NONE,NONE,3.9,,0
CVE-2026-4331,2026-03-26,3.1,4.3,MEDIUM,NETWORK,LOW,LOW,NONE,2.8,,0
CVE-2026-4389,2026-03-26,3.1,6.4,MEDIUM,NETWORK,LOW,LOW,NONE,3.1,,0
CVE-2026-4840,2026-03-26,3.1,8.8,HIGH,NETWORK,LOW,LOW,NONE,2.8,,0
CVE-2026-4841,2026-03-26,3.1,7.3,HIGH,NETWORK,LOW,NONE,NONE,3.9,,0
CVE-2026-4842,2026-03-26,3.1,7.3,HIGH,NETWORK,LOW,NONE,NONE,3.9,,0
CVE-2026-4844,2026-03-26,3.1,7.3,HIGH,NETWORK,LOW,NONE,NONE,3.9,,0
CVE-2026-1206,2026-03-26,3.1,4.3,MEDIUM,NETWORK,LOW,LOW,NONE,2.8,,0
CVE-2026-4845,2026-03-26,3.1,4.3,MEDIUM,NETWORK,LOW,NONE,REQUIRED,2.8,,0
CVE-2026-4846,2026-03-26,3.1,4.3,MEDIUM,NETWORK,LOW,NONE,REQUIRED,2.8,,0
CVE-2025-15433,2026-03-26,3.1,6.8,MEDIUM,NETWORK,LOW,HIGH,NONE,2.3,,0
CVE-2025-15488,2026-03-26,3.1,6.5,MEDIUM,NETWORK,LOW,NONE,NONE,3.9,,0
CVE-2026-1430,2026-03-26,3.1,4.8,MEDIUM,NETWORK,LOW,HIGH,REQUIRED,1.7,,0
CVE-2026-1890,2026-03-26,3.1,5.3,MEDIUM,NETWORK,LOW,NONE,NONE,3.9,,0
CVE-2026-28760,2026-03-26,3.0,7.8,HIGH,LOCAL,LOW,NONE,REQUIRED,1.8,,0
CVE-2026-32680,2026-03-26,3.0,7.8,HIGH,LOCAL,LOW,LOW,NONE,1.8,,0
CVE-2026-4247,2026-03-26,3.1,7.5,HIGH,NETWORK,LOW,NONE,NONE,3.9,freebsd:freebsd,1
CVE-2026-4652,2026-03-26,3.1,7.5,HIGH,NETWORK,LOW,NONE,NONE,3.9,freebsd:freebsd,1
CVE-2026-4747,2026-03-26,3.1,8.8,HIGH,NETWORK,LOW,LOW,NONE,2.8,freebsd:freebsd,1
CVE-2026-4847,2026-03-26,3.1,4.3,MEDIUM,NETWORK,LOW,NONE,REQUIRED,2.8,,0
CVE-2026-4848,2026-03-26,3.1,4.3,MEDIUM,NETWORK,LOW,NONE,REQUIRED,2.8,,0
CVE-2026-4849,2026-03-26,3.1,4.3,MEDIUM,NETWORK,LOW,NONE,REQUIRED,2.8,code-projects:simple_laundry_system,1
CVE-2026-4850,2026-03-26,3.1,7.3,HIGH,NETWORK,LOW,NONE,NONE,3.9,code-projects:simple_laundry_system,1
CVE-2026-4874,2026-03-26,3.1,3.1,LOW,NETWORK,HIGH,LOW,NONE,1.6,redhat:build_of_keycloak|redhat:jboss_enterprise_application_platform|redhat:jboss_enterprise_application_platform_expansion_pack|redhat:single_sign-on,4
CVE-2026-4860,2026-03-26,3.1,7.3,HIGH,NETWORK,LOW,NONE,NONE,3.9,,0
CVE-2026-4861,2026-03-26,3.1,8.8,HIGH,NETWORK,LOW,LOW,NONE,2.8,wavlink:wl-nu516u1_firmware,1
CVE-2026-4862,2026-03-26,3.1,8.8,HIGH,NETWORK,LOW,LOW,NONE,2.8,,0
CVE-2026-23396,2026-03-26,3.1,5.5,MEDIUM,LOCAL,LOW,LOW,NONE,1.8,linux:linux_kernel,1
CVE-2026-23397,2026-03-26,3.1,7.1,HIGH,LOCAL,LOW,LOW,NONE,1.8,linux:linux_kernel,1
CVE-2026-23398,2026-03-26,3.1,5.5,MEDIUM,LOCAL,LOW,LOW,NONE,1.8,linux:linux_kernel,1
CVE-2026-24068,2026-03-26,3.1,8.8,HIGH,NETWORK,LOW,LOW,NONE,2.8,,0
CVE-2026-4274,2026-03-26,3.1,5.4,MEDIUM,NETWORK,LOW,LOW,NONE,2.8,mattermost:mattermost_server,1
CVE-2026-4809,2026-03-26,3.1,9.8,CRITICAL,NETWORK,LOW,NONE,NONE,3.9,,0
CVE-2018-25183,2026-03-26,3.1,8.2,HIGH,NETWORK,LOW,NONE,NONE,3.9,wecodex:shipping_system_cms,1
CVE-2018-25185,2026-03-26,3.1,8.2,HIGH,NETWORK,LOW,NONE,NONE,3.9,wecodex:restaurant_cms,1
CVE-2018-25195,2026-03-26,3.1,8.2,HIGH,NETWORK,LOW,NONE,NONE,3.9,wecodex:hotel_cms,1
CVE-2018-25201,2026-03-26,3.1,7.1,HIGH,NETWORK,LOW,LOW,NONE,2.8,wecodex:school_management_system_cms,1
CVE-2018-25202,2026-03-26,3.1,8.2,HIGH,NETWORK,LOW,NONE,NONE,3.9,,0
CVE-2018-25203,2026-03-26,3.1,8.2,HIGH,NETWORK,LOW,NONE,NONE,3.9,,0
CVE-2018-25204,2026-03-26,3.1,8.2,HIGH,NETWORK,LOW,NONE,NONE,3.9,wecodex:library_cms,1
CVE-2018-25205,2026-03-26,3.1,8.2,HIGH,NETWORK,LOW,NONE,NONE,3.9,,0
CVE-2018-25206,2026-03-26,3.1,8.2,HIGH,NETWORK,LOW,NONE,NONE,3.9,,0
CVE-2018-25207,2026-03-26,3.1,7.1,HIGH,NETWORK,LOW,LOW,NONE,2.8,,0
CVE-2018-25208,2026-03-26,3.1,8.2,HIGH,NETWORK,LOW,NONE,NONE,3.9,qdpm:qdpm,1
CVE-2018-25209,2026-03-26,3.1,8.2,HIGH,NETWORK,LOW,NONE,NONE,3.9,,0
CVE-2018-25210,2026-03-26,3.1,8.2,HIGH,NETWORK,LOW,NONE,NONE,3.9,web-ofisi:e-ticaret,1
CVE-2025-41368,2026-03-26,3.1,8.1,HIGH,NETWORK,LOW,LOW,NONE,2.8,smallsrv:small_http_server,1
CVE-2025-41026,2026-03-26,3.1,6.1,MEDIUM,NETWORK,LOW,NONE,REQUIRED,2.8,gdtaller:gdtaller,1
CVE-2025-41027,2026-03-26,3.1,6.1,MEDIUM,NETWORK,LOW,NONE,REQUIRED,2.8,gdtaller:gdtaller,1
CVE-2025-41359,2026-03-26,3.1,7.8,HIGH,LOCAL,LOW,LOW,NONE,1.8,smallsrv:small_http_server,1
CVE-2025-55265,2026-03-26,3.1,6.5,MEDIUM,NETWORK,LOW,NONE,REQUIRED,2.8,hcltech:aftermarket_cloud,1
CVE-2025-55266,2026-03-26,3.1,5.9,MEDIUM,NETWORK,HIGH,NONE,REQUIRED,1.6,hcltech:aftermarket_cloud,1
CVE-2025-55267,2026-03-26,3.1,5.7,MEDIUM,NETWORK,LOW,LOW,REQUIRED,2.1,hcltech:aftermarket_cloud,1
CVE-2025-55268,2026-03-26,3.1,4.3,MEDIUM,NETWORK,LOW,NONE,REQUIRED,2.8,hcltech:aftermarket_cloud,1
CVE-2025-55269,2026-03-26,3.1,4.2,MEDIUM,NETWORK,HIGH,NONE,REQUIRED,1.6,hcltech:aftermarket_cloud,1
CVE-2025-55270,2026-03-26,3.1,3.5,LOW,NETWORK,LOW,LOW,REQUIRED,2.1,hcltech:aftermarket_cloud,1
CVE-2025-55271,2026-03-26,3.1,3.1,LOW,NETWORK,HIGH,NONE,REQUIRED,1.6,hcltech:aftermarket_cloud,1
CVE-2025-55272,2026-03-26,3.1,3.1,LOW,NETWORK,HIGH,NONE,REQUIRED,1.6,hcltech:aftermarket_cloud,1
CVE-2025-55273,2026-03-26,3.1,4.3,MEDIUM,NETWORK,LOW,NONE,REQUIRED,2.8,hcltech:aftermarket_cloud,1
CVE-2025-55274,2026-03-26,3.1,2.6,LOW,NETWORK,HIGH,LOW,REQUIRED,1.2,hcltech:aftermarket_cloud,1
CVE-2025-55275,2026-03-26,3.1,3.7,LOW,NETWORK,HIGH,LOW,REQUIRED,1.2,hcltech:aftermarket_cloud,1
CVE-2025-55276,2026-03-26,3.1,3.1,LOW,NETWORK,HIGH,NONE,REQUIRED,1.6,hcltech:aftermarket_cloud,1
CVE-2025-55277,2026-03-26,3.1,2.6,LOW,NETWORK,HIGH,LOW,REQUIRED,1.2,hcltech:aftermarket_cloud,1
CVE-2026-1961,2026-03-26,3.1,8.0,HIGH,NETWORK,LOW,LOW,REQUIRED,2.1,,0
CVE-2026-4875,2026-03-26,3.1,4.7,MEDIUM,NETWORK,LOW,HIGH,NONE,1.2,,0
CVE-2026-4887,2026-03-26,3.1,6.1,MEDIUM,LOCAL,LOW,NONE,REQUIRED,1.8,gimp:gimp,1
CVE-2018-25211,2026-03-26,3.1,7.8,HIGH,LOCAL,LOW,NONE,REQUIRED,1.8,alloksoft:video_splitter,1
CVE-2018-25212,2026-03-26,3.1,8.4,HIGH,LOCAL,LOW,NONE,NONE,2.5,boxoft:wav_to_wma_converter,1
CVE-2018-25213,2026-03-26,3.1,8.4,HIGH,LOCAL,LOW,NONE,NONE,2.5,nsasoft:nsauditor,1
CVE-2018-25214,2026-03-26,3.1,6.2,MEDIUM,LOCAL,LOW,NONE,NONE,2.5,magnetosoft:megaping,1
CVE-2018-25215,2026-03-26,3.1,5.5,MEDIUM,LOCAL,LOW,NONE,REQUIRED,1.8,passfab:excel_password_recovery,1
CVE-2018-25216,2026-03-26,3.1,6.2,MEDIUM,LOCAL,LOW,NONE,NONE,2.5,powersoftware:anyburn,1
CVE-2018-25217,2026-03-26,3.1,8.4,HIGH,LOCAL,LOW,NONE,NONE,2.5,rttsoftware:pdf_explorer,1
CVE-2018-25218,2026-03-26,3.1,8.4,HIGH,LOCAL,LOW,NONE,NONE,2.5,passfab:rar_password_recovery,1
CVE-2018-25219,2026-03-26,3.1,8.4,HIGH,LOCAL,LOW,NONE,NONE,2.5,passfab:excel_password_recovery,1
CVE-2019-25648,2026-03-26,3.1,6.2,MEDIUM,LOCAL,LOW,NONE,NONE,2.5,,0
CVE-2019-25649,2026-03-26,3.1,5.5,MEDIUM,LOCAL,LOW,NONE,REQUIRED,1.8,,0
CVE-2019-25650,2026-03-26,3.1,8.4,HIGH,LOCAL,LOW,NONE,NONE,2.5,,0
CVE-2025-55261,2026-03-26,3.1,8.1,HIGH,NETWORK,LOW,NONE,REQUIRED,2.8,hcltech:aftermarket_cloud,1
CVE-2025-55262,2026-03-26,3.1,8.3,HIGH,NETWORK,LOW,NONE,REQUIRED,2.8,hcltech:aftermarket_cloud,1
CVE-2025-55263,2026-03-26,3.1,7.3,HIGH,NETWORK,LOW,LOW,REQUIRED,2.1,hcltech:aftermarket_cloud,1
CVE-2025-55264,2026-03-26,3.1,5.5,MEDIUM,NETWORK,LOW,LOW,REQUIRED,2.1,hcltech:aftermarket_cloud,1
CVE-2026-1032,2026-03-26,3.1,4.3,MEDIUM,NETWORK,LOW,NONE,REQUIRED,2.8,,0
CVE-2026-2231,2026-03-26,3.1,7.2,HIGH,NETWORK,LOW,NONE,NONE,3.9,,0
CVE-2026-2389,2026-03-26,3.1,4.9,MEDIUM,NETWORK,HIGH,LOW,NONE,1.8,,0
CVE-2026-2511,2026-03-26,3.1,7.5,HIGH,NETWORK,LOW,NONE,NONE,3.9,,0
CVE-2026-33343,2026-03-26,3.1,0.0,NONE,NETWORK,LOW,NONE,NONE,3.9,etcd:etcd,1
CVE-2026-33396,2026-03-26,3.1,9.9,CRITICAL,NETWORK,LOW,LOW,NONE,3.1,hackerbay:oneuptime,1
CVE-2026-33413,2026-03-26,3.1,8.8,HIGH,NETWORK,LOW,LOW,NONE,2.8,etcd:etcd,1
CVE-2026-4876,2026-03-26,3.1,6.3,MEDIUM,NETWORK,LOW,LOW,NONE,2.8,,0
CVE-2026-4877,2026-03-26,3.1,4.3,MEDIUM,NETWORK,LOW,NONE,REQUIRED,2.8,,0
CVE-2026-22593,2026-03-26,3.1,8.4,HIGH,LOCAL,LOW,NONE,NONE,2.5,linuxfoundation:everest,1
CVE-2026-22790,2026-03-26,3.1,8.8,HIGH,ADJACENT,LOW,NONE,NONE,2.8,linuxfoundation:everest,1
CVE-2026-23995,2026-03-26,3.1,8.4,HIGH,LOCAL,LOW,NONE,NONE,2.5,linuxfoundation:everest,1
CVE-2026-26008,2026-03-26,3.1,7.5,HIGH,NETWORK,LOW,NONE,NONE,3.9,linuxfoundation:everest,1
CVE-2026-26070,2026-03-26,3.1,4.6,MEDIUM,PHYSICAL,LOW,NONE,NONE,0.9,linuxfoundation:everest,1
CVE-2026-26071,2026-03-26,3.1,4.2,MEDIUM,PHYSICAL,HIGH,NONE,NONE,0.5,linuxfoundation:everest,1
CVE-2026-26072,2026-03-26,3.1,4.2,MEDIUM,PHYSICAL,HIGH,NONE,NONE,0.5,linuxfoundation:everest,1
CVE-2026-27663,2026-03-26,3.1,6.5,MEDIUM,ADJACENT,LOW,NONE,NONE,2.8,,0
CVE-2026-27664,2026-03-26,3.1,7.5,HIGH,NETWORK,LOW,NONE,NONE,3.9,,0
CVE-2026-28297,2026-03-26,3.1,6.1,MEDIUM,ADJACENT,LOW,HIGH,NONE,0.9,solarwinds:observability_self-hosted,1
CVE-2026-28298,2026-03-26,3.1,5.9,MEDIUM,ADJACENT,LOW,HIGH,REQUIRED,0.7,solarwinds:observability_self-hosted,1
CVE-2026-29933,2026-03-26,3.1,6.1,MEDIUM,NETWORK,LOW,NONE,REQUIRED,2.8,yzmcms:yzmcms,1
CVE-2026-29934,2026-03-26,3.1,6.1,MEDIUM,NETWORK,LOW,NONE,REQUIRED,2.8,lightcms_project:lightcms,1
CVE-2026-29976,2026-03-26,3.1,6.2,MEDIUM,LOCAL,LOW,NONE,NONE,2.5,zerbea:hcxtools,1
CVE-2026-30162,2026-03-26,3.1,6.1,MEDIUM,NETWORK,LOW,NONE,REQUIRED,2.8,auntvt:timo,1
CVE-2026-33397,2026-03-26,3.1,6.1,MEDIUM,NETWORK,LOW,NONE,REQUIRED,2.8,angular:angular_cli,1
CVE-2026-4897,2026-03-26,3.1,5.5,MEDIUM,LOCAL,LOW,LOW,NONE,1.8,freedesktop:polkit|redhat:openshift_container_platform|redhat:enterprise_linux,3
CVE-2026-26073,2026-03-26,3.1,5.9,MEDIUM,NETWORK,HIGH,NONE,NONE,2.2,linuxfoundation:everest,1
CVE-2026-26074,2026-03-26,3.1,7.0,HIGH,NETWORK,HIGH,NONE,NONE,2.2,linuxfoundation:everest,1
CVE-2026-27813,2026-03-26,3.1,5.3,MEDIUM,PHYSICAL,HIGH,NONE,NONE,0.5,linuxfoundation:everest,1
CVE-2026-27814,2026-03-26,3.1,4.2,MEDIUM,ADJACENT,HIGH,NONE,NONE,1.6,linuxfoundation:everest,1
CVE-2026-27815,2026-03-26,3.1,9.1,CRITICAL,NETWORK,LOW,NONE,NONE,3.9,linuxfoundation:everest,1
CVE-2026-27816,2026-03-26,3.1,9.1,CRITICAL,NETWORK,LOW,NONE,NONE,3.9,linuxfoundation:everest,1
CVE-2026-27828,2026-03-26,3.1,7.5,HIGH,NETWORK,LOW,NONE,NONE,3.9,linuxfoundation:everest,1
CVE-2026-29044,2026-03-26,3.1,5.0,MEDIUM,NETWORK,HIGH,HIGH,NONE,0.7,linuxfoundation:everest,1
CVE-2026-29905,2026-03-26,3.1,6.5,MEDIUM,NETWORK,LOW,LOW,NONE,2.8,getkirby:kirby,1
CVE-2026-32846,2026-03-26,3.1,7.5,HIGH,NETWORK,LOW,NONE,NONE,3.9,openclaw:openclaw,1
CVE-2026-33009,2026-03-26,3.1,8.2,HIGH,NETWORK,LOW,NONE,NONE,3.9,linuxfoundation:everest,1
CVE-2026-33014,2026-03-26,3.1,5.2,MEDIUM,PHYSICAL,LOW,NONE,NONE,0.9,linuxfoundation:everest,1
CVE-2026-33015,2026-03-26,3.1,5.2,MEDIUM,PHYSICAL,LOW,NONE,NONE,0.9,linuxfoundation:everest,1
CVE-2026-33402,2026-03-26,3.1,6.1,MEDIUM,NETWORK,LOW,NONE,REQUIRED,2.8,sakailms:sakai,1
CVE-2026-33416,2026-03-26,3.1,7.5,HIGH,NETWORK,HIGH,NONE,REQUIRED,1.6,libpng:libpng,1
CVE-2026-33430,2026-03-26,3.1,7.3,HIGH,LOCAL,LOW,LOW,REQUIRED,1.3,beeware:briefcase,1
CVE-2026-33438,2026-03-26,3.1,6.5,MEDIUM,NETWORK,LOW,LOW,NONE,2.8,stirling:stirling_pdf,1
CVE-2026-33442,2026-03-26,3.1,8.1,HIGH,NETWORK,HIGH,NONE,NONE,2.2,kysely:kysely,1
CVE-2026-33468,2026-03-26,3.1,8.1,HIGH,NETWORK,HIGH,NONE,NONE,2.2,kysely:kysely,1
CVE-2026-33469,2026-03-26,3.1,6.5,MEDIUM,NETWORK,LOW,LOW,NONE,2.8,frigate:frigate,1
CVE-2026-33470,2026-03-26,3.1,6.5,MEDIUM,NETWORK,LOW,LOW,NONE,2.8,frigate:frigate,1
CVE-2026-33636,2026-03-26,3.1,7.6,HIGH,NETWORK,LOW,NONE,REQUIRED,2.8,libpng:libpng,1
CVE-2026-34071,2026-03-26,3.1,5.4,MEDIUM,NETWORK,LOW,NONE,REQUIRED,2.8,stirling:stirling_pdf,1
CVE-2026-3108,2026-03-26,3.1,8.0,HIGH,NETWORK,HIGH,LOW,REQUIRED,1.3,mattermost:mattermost_server,1
CVE-2026-3109,2026-03-26,3.1,2.2,LOW,NETWORK,HIGH,HIGH,NONE,0.7,mattermost:mattermost_server,1
CVE-2026-3112,2026-03-26,3.1,6.8,MEDIUM,NETWORK,LOW,HIGH,NONE,2.3,mattermost:mattermost_server,1
CVE-2026-3113,2026-03-26,3.1,5.0,MEDIUM,LOCAL,LOW,LOW,REQUIRED,1.3,mattermost:mattermost_server,1
CVE-2026-3114,2026-03-26,3.1,6.5,MEDIUM,NETWORK,LOW,LOW,NONE,2.8,mattermost:mattermost_server,1
CVE-2026-3115,2026-03-26,3.1,4.3,MEDIUM,NETWORK,LOW,LOW,NONE,2.8,mattermost:mattermost_server,1
CVE-2026-3116,2026-03-26,3.1,4.9,MEDIUM,NETWORK,LOW,HIGH,NONE,1.2,mattermost:mattermost_server,1
CVE-2026-4867,2026-03-26,3.1,7.5,HIGH,NETWORK,LOW,NONE,NONE,3.9,pillarjs:path-to-regexp,1
CVE-2026-32857,2026-03-26,3.1,8.6,HIGH,NETWORK,LOW,NONE,NONE,3.9,,0
CVE-2026-33477,2026-03-26,3.1,4.3,MEDIUM,NETWORK,LOW,LOW,NONE,2.8,filerise:filerise,1
CVE-2026-33481,2026-03-26,3.1,5.3,MEDIUM,NETWORK,LOW,NONE,NONE,3.9,anchore:syft,1
CVE-2026-33486,2026-03-26,3.1,6.8,MEDIUM,NETWORK,LOW,HIGH,NONE,2.3,roadiz:core-bundle-dev-app,1
CVE-2026-33487,2026-03-26,3.1,7.5,HIGH,NETWORK,LOW,NONE,NONE,3.9,goxmldsig_project:goxmldsig,1
CVE-2026-33490,2026-03-26,3.1,3.7,LOW,NETWORK,HIGH,NONE,NONE,2.2,h3:h3,1
CVE-2026-33494,2026-03-26,3.1,10.0,CRITICAL,NETWORK,LOW,NONE,NONE,3.9,ory:oathkeeper,1
CVE-2026-33495,2026-03-26,3.1,6.5,MEDIUM,NETWORK,LOW,NONE,NONE,3.9,ory:oathkeeper,1
CVE-2026-33496,2026-03-26,3.1,8.1,HIGH,NETWORK,LOW,LOW,NONE,2.8,ory:oathkeeper,1
CVE-2026-33503,2026-03-26,3.1,7.2,HIGH,NETWORK,LOW,HIGH,NONE,1.2,ory:kratos,1
CVE-2026-33504,2026-03-26,3.1,7.2,HIGH,NETWORK,LOW,HIGH,NONE,1.2,ory:hydra,1
CVE-2026-33732,2026-03-26,3.1,4.8,MEDIUM,NETWORK,HIGH,NONE,NONE,2.2,h3:srvx,1
CVE-2026-26213,2026-03-26,3.1,9.8,CRITICAL,NETWORK,LOW,NONE,NONE,3.9,thingino:thingino_firmware,1
CVE-2026-28503,2026-03-26,3.1,6.5,MEDIUM,NETWORK,LOW,HIGH,NONE,1.2,tandoor:recipes,1
CVE-2026-29055,2026-03-26,3.1,5.3,MEDIUM,NETWORK,LOW,NONE,NONE,3.9,tandoor:recipes,1
CVE-2026-29969,2026-03-26,3.1,6.1,MEDIUM,NETWORK,LOW,NONE,REQUIRED,2.8,workflowfirst:staffwiki,1
CVE-2026-30457,2026-03-26,3.1,9.8,CRITICAL,NETWORK,LOW,NONE,NONE,3.9,thedaylightstudio:dwoo|thedaylightstudio:fuel_cms,2
CVE-2026-30458,2026-03-26,3.1,9.1,CRITICAL,NETWORK,LOW,NONE,NONE,3.9,thedaylightstudio:fuel_cms,1
CVE-2026-30463,2026-03-26,3.1,7.7,HIGH,NETWORK,HIGH,NONE,NONE,2.2,thedaylightstudio:fuel_cms,1
CVE-2026-33148,2026-03-26,3.1,6.5,MEDIUM,NETWORK,LOW,LOW,NONE,2.8,tandoor:recipes,1
CVE-2026-33149,2026-03-26,3.1,8.1,HIGH,NETWORK,LOW,HIGH,REQUIRED,1.7,tandoor:recipes,1
CVE-2026-33152,2026-03-26,3.1,9.1,CRITICAL,NETWORK,LOW,NONE,NONE,3.9,tandoor:recipes,1
CVE-2026-33153,2026-03-26,3.1,6.5,MEDIUM,NETWORK,LOW,LOW,NONE,2.8,tandoor:recipes,1
CVE-2026-33491,2026-03-26,3.1,7.8,HIGH,LOCAL,LOW,NONE,REQUIRED,1.8,zenc-lang:zen_c,1
CVE-2026-33505,2026-03-26,3.1,7.2,HIGH,NETWORK,LOW,HIGH,NONE,1.2,ory:keto,1
CVE-2026-33506,2026-03-26,3.1,8.8,HIGH,NETWORK,LOW,NONE,REQUIRED,2.8,ory:polis,1
CVE-2026-3121,2026-03-26,3.1,6.5,MEDIUM,NETWORK,LOW,HIGH,NONE,1.2,redhat:build_of_keycloak|redhat:jboss_enterprise_application_platform|redhat:jboss_enterprise_application_platform_expansion_pack|redhat:single_sign-on,4
CVE-2026-3190,2026-03-26,3.1,4.3,MEDIUM,NETWORK,LOW,LOW,NONE,2.8,redhat:build_of_keycloak,1
CVE-2026-4923,2026-03-26,3.1,5.9,MEDIUM,NETWORK,HIGH,NONE,NONE,2.2,pillarjs:path-to-regexp,1
CVE-2026-4926,2026-03-26,3.1,7.5,HIGH,NETWORK,LOW,NONE,NONE,3.9,pillarjs:path-to-regexp,1
CVE-2021-4474,2026-03-26,3.1,4.9,MEDIUM,NETWORK,LOW,HIGH,NONE,1.2,,0
CVE-2023-7338,2026-03-26,3.1,7.5,HIGH,NETWORK,HIGH,LOW,NONE,1.6,,0
CVE-2026-2436,2026-03-26,3.1,6.5,MEDIUM,NETWORK,HIGH,NONE,NONE,2.2,gnome:libsoup|redhat:enterprise_linux,2
CVE-2026-32284,2026-03-26,3.1,7.5,HIGH,NETWORK,LOW,NONE,NONE,3.9,shamaton:msgpack,1
CVE-2026-32285,2026-03-26,3.1,7.5,HIGH,NETWORK,LOW,NONE,NONE,3.9,jsonparser_project:jsonparser,1
CVE-2026-32286,2026-03-26,3.1,7.5,HIGH,NETWORK,LOW,NONE,NONE,3.9,jackc:pgproto3,1
CVE-2026-32287,2026-03-26,3.1,7.5,HIGH,NETWORK,LOW,NONE,NONE,3.9,antchfx:xpath,1
CVE-2026-33525,2026-03-26,3.1,6.1,MEDIUM,NETWORK,LOW,NONE,REQUIRED,2.8,authelia:authelia,1
CVE-2026-33528,2026-03-26,3.1,6.5,MEDIUM,NETWORK,LOW,HIGH,NONE,1.2,godoxy:godoxy,1
CVE-2026-33529,2026-03-26,3.1,3.3,LOW,NETWORK,HIGH,HIGH,NONE,0.7,zoraxy:zoraxy,1
CVE-2026-33530,2026-03-26,3.1,7.7,HIGH,NETWORK,LOW,LOW,NONE,3.1,inventree_project:inventree,1
CVE-2026-33531,2026-03-26,3.1,6.5,MEDIUM,NETWORK,LOW,LOW,NONE,2.8,inventree_project:inventree,1
CVE-2026-33532,2026-03-26,3.1,4.3,MEDIUM,NETWORK,LOW,LOW,NONE,2.8,eemeli:yaml,1
CVE-2026-33535,2026-03-26,3.1,4.0,MEDIUM,LOCAL,LOW,NONE,NONE,2.5,imagemagick:imagemagick,1
CVE-2026-33536,2026-03-26,3.1,5.1,MEDIUM,LOCAL,HIGH,NONE,NONE,1.4,imagemagick:imagemagick,1
CVE-2026-33631,2026-03-26,3.1,8.7,HIGH,LOCAL,LOW,LOW,NONE,2.0,craigjbass:clearancekit,1
CVE-2026-33632,2026-03-26,3.1,7.8,HIGH,LOCAL,LOW,LOW,NONE,1.8,craigjbass:clearancekit,1
CVE-2026-0964,2026-03-26,3.1,6.3,MEDIUM,NETWORK,LOW,NONE,REQUIRED,2.8,libssh:libssh|redhat:hardened_images|redhat:openshift_container_platform|redhat:enterprise_linux,4
CVE-2026-0965,2026-03-26,3.0,3.3,LOW,LOCAL,LOW,LOW,NONE,1.8,libssh:libssh|redhat:enterprise_linux,2
CVE-2026-0966,2026-03-26,3.1,8.2,HIGH,NETWORK,LOW,NONE,NONE,3.9,libssh:libssh|redhat:hardened_images|redhat:openshift_container_platform|redhat:enterprise_linux,4
CVE-2026-0967,2026-03-26,3.1,5.5,MEDIUM,LOCAL,LOW,NONE,REQUIRED,1.8,libssh:libssh|redhat:enterprise_linux,2
CVE-2026-0968,2026-03-26,3.1,3.1,LOW,NETWORK,HIGH,NONE,REQUIRED,1.6,libssh:libssh|redhat:enterprise_linux,2
CVE-2026-21724,2026-03-26,3.1,5.4,MEDIUM,NETWORK,LOW,LOW,NONE,2.8,grafana:grafana,1
CVE-2026-2100,2026-03-26,3.1,5.3,MEDIUM,NETWORK,LOW,NONE,NONE,3.9,p11-kit_project:p11-kit|redhat:hardened_images|redhat:enterprise_linux,3
CVE-2026-2239,2026-03-26,3.1,2.8,LOW,LOCAL,LOW,LOW,REQUIRED,1.3,gimp:gimp|redhat:enterprise_linux,2
CVE-2026-2271,2026-03-26,3.1,3.3,LOW,LOCAL,LOW,NONE,REQUIRED,1.8,gimp:gimp,1
CVE-2026-2272,2026-03-26,3.1,4.3,MEDIUM,NETWORK,LOW,NONE,REQUIRED,2.8,gimp:gimp|redhat:enterprise_linux,2
CVE-2026-33375,2026-03-26,3.1,6.5,MEDIUM,NETWORK,LOW,LOW,NONE,2.8,grafana:grafana,1
CVE-2026-33537,2026-03-26,3.1,5.0,MEDIUM,NETWORK,LOW,LOW,NONE,3.1,lycheeorg:lychee,1
CVE-2026-33541,2026-03-26,3.1,6.5,MEDIUM,NETWORK,LOW,LOW,NONE,2.8,wikitide:tsportal,1
CVE-2026-33545,2026-03-26,3.1,5.3,MEDIUM,NETWORK,HIGH,NONE,REQUIRED,1.6,opensecurity:mobile_security_framework,1
CVE-2026-33619,2026-03-26,3.1,4.1,MEDIUM,NETWORK,LOW,HIGH,NONE,2.3,pinchtab:pinchtab,1
CVE-2026-33620,2026-03-26,3.1,4.3,MEDIUM,NETWORK,LOW,NONE,REQUIRED,2.8,pinchtab:pinchtab,1
CVE-2026-33621,2026-03-26,3.1,4.8,MEDIUM,NETWORK,HIGH,NONE,NONE,2.2,pinchtab:pinchtab,1
CVE-2026-33622,2026-03-26,3.1,8.8,HIGH,NETWORK,LOW,LOW,NONE,2.8,pinchtab:pinchtab,1
CVE-2026-33623,2026-03-26,3.1,6.7,MEDIUM,NETWORK,LOW,HIGH,NONE,1.2,pinchtab:pinchtab,1
CVE-2026-33628,2026-03-26,3.1,5.4,MEDIUM,NETWORK,LOW,LOW,REQUIRED,2.3,invoiceninja:invoice_ninja,1
CVE-2026-33635,2026-03-26,3.1,4.3,MEDIUM,NETWORK,LOW,NONE,REQUIRED,2.8,icalendar_project:icalendar,1
CVE-2026-33638,2026-03-26,3.1,5.3,MEDIUM,NETWORK,LOW,NONE,NONE,3.9,ech0:ech0,1
CVE-2026-33640,2026-03-26,3.1,9.8,CRITICAL,NETWORK,LOW,NONE,NONE,3.9,getoutline:outline,1
CVE-2026-33644,2026-03-26,3.1,4.3,MEDIUM,NETWORK,LOW,LOW,NONE,2.8,lycheeorg:lychee,1
CVE-2026-33645,2026-03-26,3.1,7.1,HIGH,NETWORK,LOW,LOW,NONE,2.8,shaneisrael:fireshare,1
CVE-2026-33738,2026-03-26,3.1,5.4,MEDIUM,NETWORK,LOW,LOW,REQUIRED,2.3,lycheeorg:lychee,1
CVE-2026-33742,2026-03-26,3.1,5.4,MEDIUM,NETWORK,LOW,LOW,REQUIRED,2.3,invoiceninja:invoice_ninja,1
CVE-2026-3525,2026-03-26,3.1,5.3,MEDIUM,NETWORK,LOW,NONE,NONE,3.9,geeks4change:file_access_fix,1
CVE-2026-3526,2026-03-26,3.1,5.3,MEDIUM,NETWORK,LOW,NONE,NONE,3.9,geeks4change:file_access_fix,1
CVE-2026-3527,2026-03-26,3.1,6.5,MEDIUM,NETWORK,LOW,NONE,NONE,3.9,ceriumsoft:ajax_dashboard,1
CVE-2026-3528,2026-03-26,3.1,6.1,MEDIUM,NETWORK,LOW,NONE,REQUIRED,2.8,joaopaulocdev:calculation_fields,1
CVE-2026-3529,2026-03-26,3.1,6.1,MEDIUM,NETWORK,LOW,NONE,REQUIRED,2.8,sujanshrestha:google_analytics_ga4,1
CVE-2026-3530,2026-03-26,3.1,4.3,MEDIUM,NETWORK,LOW,LOW,NONE,2.8,bojanz:openid_connect_\/_oauth_client,1
CVE-2026-3531,2026-03-26,3.1,6.5,MEDIUM,NETWORK,LOW,LOW,NONE,2.8,bojanz:openid_connect_\/_oauth_client,1
CVE-2026-3532,2026-03-26,3.1,4.2,MEDIUM,NETWORK,HIGH,LOW,NONE,1.6,bojanz:openid_connect_\/_oauth_client,1
CVE-2026-3573,2026-03-26,3.1,7.5,HIGH,NETWORK,LOW,NONE,NONE,3.9,artificial_intelligence_project:artificial_intelligence,1
CVE-2026-3622,2026-03-26,3.1,7.5,HIGH,NETWORK,LOW,NONE,NONE,3.9,tp-link:tl-wr841n_firmware,1
CVE-2026-4393,2026-03-26,3.1,4.3,MEDIUM,NETWORK,LOW,NONE,REQUIRED,2.8,ajk:automated_logout,1
CVE-2026-4933,2026-03-26,3.1,7.5,HIGH,NETWORK,LOW,NONE,NONE,3.9,jeroenb:unpublished_node_permissions,1
CVE-2025-12805,2026-03-26,3.1,8.1,HIGH,NETWORK,LOW,LOW,NONE,2.8,redhat:openshift_ai,1
CVE-2026-0748,2026-03-26,3.1,4.3,MEDIUM,NETWORK,LOW,LOW,NONE,2.8,internationalization_project:internationalization,1
CVE-2026-1556,2026-03-26,3.1,6.5,MEDIUM,NETWORK,LOW,LOW,NONE,2.8,deciphered:filefield_paths,1
CVE-2026-28377,2026-03-26,3.1,7.5,HIGH,NETWORK,LOW,NONE,NONE,3.9,grafana:tempo,1
CVE-2026-33653,2026-03-26,3.1,4.6,MEDIUM,NETWORK,LOW,LOW,REQUIRED,2.1,farisc0de:uploady,1
CVE-2026-33658,2026-03-26,3.1,6.5,MEDIUM,NETWORK,LOW,LOW,NONE,2.8,rubyonrails:rails,1
CVE-2026-33661,2026-03-26,3.1,8.6,HIGH,NETWORK,LOW,NONE,NONE,3.9,yansongda:pay,1
CVE-2026-33664,2026-03-26,3.1,7.3,HIGH,NETWORK,LOW,LOW,REQUIRED,2.1,kestra:kestra,1
CVE-2026-33669,2026-03-26,3.1,9.8,CRITICAL,NETWORK,LOW,NONE,NONE,3.9,b3log:siyuan,1
CVE-2026-33670,2026-03-26,3.1,9.8,CRITICAL,NETWORK,LOW,NONE,NONE,3.9,b3log:siyuan,1
CVE-2026-33671,2026-03-26,3.1,7.5,HIGH,NETWORK,LOW,NONE,NONE,3.9,jonschlinkert:picomatch,1
CVE-2026-33672,2026-03-26,3.1,5.3,MEDIUM,NETWORK,LOW,NONE,NONE,3.9,jonschlinkert:picomatch,1
CVE-2026-33673,2026-03-26,3.1,7.6,HIGH,NETWORK,HIGH,HIGH,REQUIRED,1.0,prestashop:prestashop,1
CVE-2026-33674,2026-03-26,3.1,2.0,LOW,NETWORK,HIGH,HIGH,REQUIRED,0.5,prestashop:prestashop,1
CVE-2026-33682,2026-03-26,3.1,4.7,MEDIUM,ADJACENT,HIGH,NONE,NONE,1.6,snowflake:streamlit,1
CVE-2026-33686,2026-03-26,3.1,8.8,HIGH,NETWORK,LOW,LOW,NONE,2.8,code16:sharp,1
CVE-2026-33687,2026-03-26,3.1,8.8,HIGH,NETWORK,LOW,LOW,NONE,2.8,code16:sharp,1
CVE-2026-3650,2026-03-26,3.1,7.5,HIGH,NETWORK,LOW,NONE,NONE,3.9,,0
CVE-2026-4346,2026-03-26,3.1,6.8,MEDIUM,PHYSICAL,LOW,NONE,NONE,0.9,tp-link:tl-wr850n_firmware,1
CVE-2026-4898,2026-03-26,3.1,4.3,MEDIUM,NETWORK,LOW,NONE,REQUIRED,2.8,,0
CVE-2026-4899,2026-03-26,3.1,2.4,LOW,NETWORK,LOW,HIGH,REQUIRED,0.9,,0
CVE-2026-4900,2026-03-26,3.1,5.3,MEDIUM,NETWORK,LOW,NONE,NONE,3.9,,0
CVE-2026-33542,2026-03-26,3.1,4.8,MEDIUM,NETWORK,HIGH,NONE,NONE,2.2,linuxcontainers:incus,1
CVE-2026-33711,2026-03-26,3.1,7.8,HIGH,LOCAL,LOW,LOW,NONE,1.8,linuxcontainers:incus,1
CVE-2026-33743,2026-03-26,3.1,6.5,MEDIUM,NETWORK,LOW,LOW,NONE,2.8,linuxcontainers:incus,1
CVE-2026-33897,2026-03-26,3.1,9.9,CRITICAL,NETWORK,LOW,LOW,NONE,3.1,linuxcontainers:incus,1
CVE-2026-34352,2026-03-26,3.1,8.5,HIGH,LOCAL,LOW,NONE,NONE,2.5,tigervnc:tigervnc,1
CVE-2026-4902,2026-03-26,3.1,8.8,HIGH,NETWORK,LOW,LOW,NONE,2.8,tenda:ac5_firmware,1
CVE-2026-4903,2026-03-26,3.1,8.8,HIGH,NETWORK,LOW,LOW,NONE,2.8,tenda:ac5_firmware,1
CVE-2026-27893,2026-03-27,3.1,8.8,HIGH,NETWORK,LOW,NONE,REQUIRED,2.8,vllm:vllm,1
CVE-2026-28786,2026-03-27,3.1,4.3,MEDIUM,NETWORK,LOW,LOW,NONE,2.8,openwebui:open_webui,1
CVE-2026-28788,2026-03-27,3.1,7.1,HIGH,NETWORK,LOW,LOW,NONE,2.8,openwebui:open_webui,1
CVE-2026-29070,2026-03-27,3.1,5.4,MEDIUM,NETWORK,LOW,LOW,NONE,2.8,openwebui:open_webui,1
CVE-2026-29071,2026-03-27,3.1,3.1,LOW,NETWORK,HIGH,LOW,NONE,1.6,openwebui:open_webui,1
CVE-2026-33697,2026-03-27,3.1,7.5,HIGH,LOCAL,HIGH,LOW,NONE,1.1,ultraviolet:cocos_ai,1
CVE-2026-33898,2026-03-27,3.1,8.8,HIGH,NETWORK,LOW,NONE,REQUIRED,2.8,linuxcontainers:incus,1
CVE-2026-33945,2026-03-27,3.1,9.9,CRITICAL,NETWORK,LOW,LOW,NONE,3.1,linuxcontainers:incus,1
CVE-2026-4904,2026-03-27,3.1,8.8,HIGH,NETWORK,LOW,LOW,NONE,2.8,tenda:ac5_firmware,1
CVE-2026-4905,2026-03-27,3.1,8.8,HIGH,NETWORK,LOW,LOW,NONE,2.8,tenda:ac5_firmware,1
CVE-2026-33693,2026-03-27,3.1,6.5,MEDIUM,NETWORK,LOW,NONE,NONE,3.9,,0
CVE-2026-33699,2026-03-27,3.1,7.5,HIGH,NETWORK,LOW,NONE,NONE,3.9,pypdf_project:pypdf,1
CVE-2026-33701,2026-03-27,3.1,9.8,CRITICAL,NETWORK,LOW,NONE,NONE,3.9,linuxfoundation:opentelemetry_instrumentation_for_java,1
CVE-2026-33718,2026-03-27,3.1,7.6,HIGH,NETWORK,LOW,LOW,NONE,2.8,openhands:openhands,1
CVE-2026-33721,2026-03-27,3.1,5.3,MEDIUM,NETWORK,LOW,NONE,NONE,3.9,osgeo:mapserver,1
CVE-2026-33725,2026-03-27,3.1,7.2,HIGH,NETWORK,LOW,HIGH,NONE,1.2,metabase:metabase,1
CVE-2026-33726,2026-03-27,3.1,5.4,MEDIUM,ADJACENT,LOW,LOW,NONE,2.3,cilium:cilium,1
CVE-2026-33728,2026-03-27,3.1,9.8,CRITICAL,NETWORK,LOW,NONE,NONE,3.9,datadog:dd-trace-java,1
CVE-2026-33729,2026-03-27,3.1,9.8,CRITICAL,NETWORK,LOW,NONE,NONE,3.9,openfga:openfga,1
CVE-2026-33730,2026-03-27,3.1,6.5,MEDIUM,NETWORK,LOW,LOW,NONE,2.8,opensourcepos:open_source_point_of_sale,1
CVE-2026-33735,2026-03-27,3.1,8.8,HIGH,NETWORK,LOW,LOW,NONE,2.8,franklioxygen:mytube,1
CVE-2026-33744,2026-03-27,3.1,7.8,HIGH,LOCAL,LOW,NONE,REQUIRED,1.8,bentoml:bentoml,1
CVE-2026-33745,2026-03-27,3.1,7.4,HIGH,NETWORK,HIGH,NONE,NONE,2.2,yhirose:cpp-httplib,1
CVE-2026-33747,2026-03-27,3.1,8.4,HIGH,LOCAL,LOW,NONE,NONE,2.5,mobyproject:buildkit,1
CVE-2026-33890,2026-03-27,3.1,9.8,CRITICAL,NETWORK,LOW,NONE,NONE,3.9,franklioxygen:mytube,1
CVE-2026-33935,2026-03-27,3.1,7.5,HIGH,NETWORK,LOW,NONE,NONE,3.9,franklioxygen:mytube,1
CVE-2026-4906,2026-03-27,3.1,8.8,HIGH,NETWORK,LOW,LOW,NONE,2.8,tenda:ac5_firmware,1
CVE-2026-4907,2026-03-27,3.1,6.3,MEDIUM,NETWORK,LOW,LOW,NONE,2.8,,0
CVE-2026-4908,2026-03-27,3.1,7.3,HIGH,NETWORK,LOW,NONE,NONE,3.9,code-projects:simple_laundry_system,1
CVE-2026-4909,2026-03-27,3.1,2.4,LOW,NETWORK,LOW,HIGH,REQUIRED,0.9,,0
CVE-2026-3098,2026-03-27,3.1,6.5,MEDIUM,NETWORK,LOW,LOW,NONE,2.8,,0
CVE-2026-4910,2026-03-27,3.1,7.3,HIGH,NETWORK,LOW,NONE,NONE,3.9,,0
CVE-2024-14028,2026-03-27,3.1,6.5,MEDIUM,NETWORK,LOW,NONE,REQUIRED,2.8,,0
CVE-2026-22738,2026-03-27,3.1,9.8,CRITICAL,NETWORK,LOW,NONE,NONE,3.9,vmware:spring_ai,1
CVE-2026-22742,2026-03-27,3.1,8.6,HIGH,NETWORK,LOW,NONE,NONE,3.9,vmware:spring_ai,1
CVE-2026-22743,2026-03-27,3.1,7.5,HIGH,NETWORK,LOW,NONE,NONE,3.9,vmware:spring_ai,1
CVE-2026-22744,2026-03-27,3.1,7.5,HIGH,NETWORK,LOW,NONE,NONE,3.9,vmware:spring_ai,1
CVE-2026-27650,2026-03-27,3.1,9.8,CRITICAL,NETWORK,LOW,NONE,NONE,3.9,buffalo:wcr-1166dhpl_firmware|buffalo:wsr3600be4-kh_firmware|buffalo:wsr3600be4p_firmware|buffalo:wxr-1750dhp_firmware|buffalo:wxr-1750dhp2_firmware|buffalo:wxr18000be10p_firmware|buffalo:wxr-1900dhp_firmware|buffalo:wxr-1900dhp2_firmware|buffalo:wxr-1900dhp3_firmware|buffalo:wxr-5950ax12_firmware|buffalo:wxr-6000ax12b_firmware|buffalo:wxr-6000ax12p_firmware|buffalo:wxr-6000ax12s_firmware|buffalo:wzr-1166dhp_firmware|buffalo:wzr-1166dhp2_firmware|buffalo:wzr-1750dhp_firmware|buffalo:wzr-1750dhp2_firmware|buffalo:wzr-s1750dhp_firmware|buffalo:wrm-d2133hp_firmware|buffalo:wrm-d2133hs_firmware|buffalo:wtr-m2133hp_firmware|buffalo:wtr-m2133hs_firmware|buffalo:wem-1266_firmware|buffalo:wem-1266wp_firmware|buffalo:vr-u300w_firmware|buffalo:vr-u500x_firmware|buffalo:wapm-1266r_firmware|buffalo:wapm-1266wdpr_firmware|buffalo:wapm-1266wdpra_firmware|buffalo:wapm-1750d_firmware|buffalo:wapm-2133r_firmware|buffalo:wapm-2133tr_firmware|buffalo:wapm-ax4r_firmware|buffalo:wapm-ax8r_firmware|buffalo:wapm-axetr_firmware|buffalo:waps-1266_firmware|buffalo:waps-ax4_firmware|buffalo:fs-m1266_firmware|buffalo:fs-s1266_firmware|buffalo:wzr-600dhp_firmware,40
CVE-2026-32669,2026-03-27,3.1,9.8,CRITICAL,NETWORK,LOW,NONE,NONE,3.9,buffalo:wcr-1166dhpl_firmware|buffalo:wsr3600be4-kh_firmware|buffalo:wsr3600be4p_firmware|buffalo:wxr-1750dhp_firmware|buffalo:wxr-1750dhp2_firmware|buffalo:wxr18000be10p_firmware|buffalo:wxr-1900dhp_firmware|buffalo:wxr-1900dhp2_firmware|buffalo:wxr-1900dhp3_firmware|buffalo:wxr-5950ax12_firmware|buffalo:wxr-6000ax12b_firmware|buffalo:wxr-6000ax12p_firmware|buffalo:wxr-6000ax12s_firmware|buffalo:wzr-1166dhp_firmware|buffalo:wzr-1166dhp2_firmware|buffalo:wzr-1750dhp_firmware|buffalo:wzr-1750dhp2_firmware|buffalo:wzr-s1750dhp_firmware|buffalo:wrm-d2133hp_firmware|buffalo:wrm-d2133hs_firmware|buffalo:wtr-m2133hp_firmware|buffalo:wtr-m2133hs_firmware|buffalo:wem-1266_firmware|buffalo:wem-1266wp_firmware|buffalo:vr-u300w_firmware|buffalo:vr-u500x_firmware|buffalo:wapm-1266r_firmware|buffalo:wapm-1266wdpr_firmware|buffalo:wapm-1266wdpra_firmware|buffalo:wapm-1750d_firmware|buffalo:wapm-2133r_firmware|buffalo:wapm-2133tr_firmware|buffalo:wapm-ax4r_firmware|buffalo:wapm-ax8r_firmware|buffalo:wapm-axetr_firmware|buffalo:waps-1266_firmware|buffalo:waps-ax4_firmware|buffalo:fs-m1266_firmware|buffalo:fs-s1266_firmware|buffalo:wzr-600dhp_firmware,40
CVE-2026-32678,2026-03-27,3.0,7.5,HIGH,NETWORK,LOW,NONE,NONE,3.9,buffalo:wzr-s900dhp_firmware|buffalo:wcr-1166dhpl_firmware|buffalo:wsr3600be4-kh_firmware|buffalo:wsr3600be4p_firmware|buffalo:wxr-1750dhp_firmware|buffalo:wxr-1750dhp2_firmware|buffalo:wxr18000be10p_firmware|buffalo:wxr-1900dhp_firmware|buffalo:wxr-1900dhp2_firmware|buffalo:wxr-1900dhp3_firmware|buffalo:wxr-5950ax12_firmware|buffalo:wxr-6000ax12b_firmware|buffalo:wxr-6000ax12p_firmware|buffalo:wxr-6000ax12s_firmware|buffalo:wzr-1166dhp_firmware|buffalo:wzr-1166dhp2_firmware|buffalo:wzr-1750dhp_firmware|buffalo:wzr-1750dhp2_firmware|buffalo:wzr-s1750dhp_firmware|buffalo:wrm-d2133hp_firmware|buffalo:wrm-d2133hs_firmware|buffalo:wtr-m2133hp_firmware|buffalo:wtr-m2133hs_firmware|buffalo:wem-1266_firmware|buffalo:wem-1266wp_firmware|buffalo:vr-u300w_firmware|buffalo:vr-u500x_firmware|buffalo:wapm-1266r_firmware|buffalo:wapm-1266wdpr_firmware|buffalo:wapm-1266wdpra_firmware|buffalo:wapm-1750d_firmware|buffalo:wapm-2133r_firmware|buffalo:wapm-2133tr_firmware|buffalo:wapm-ax4r_firmware|buffalo:wapm-ax8r_firmware|buffalo:wapm-axetr_firmware|buffalo:waps-1266_firmware|buffalo:waps-ax4_firmware|buffalo:fs-m1266_firmware|buffalo:fs-s1266_firmware,40
CVE-2026-33280,2026-03-27,3.1,9.8,CRITICAL,NETWORK,LOW,NONE,NONE,3.9,buffalo:wcr-1166dhpl_firmware|buffalo:wsr3600be4-kh_firmware|buffalo:wsr3600be4p_firmware|buffalo:wxr-1750dhp_firmware|buffalo:wxr-1750dhp2_firmware|buffalo:wxr18000be10p_firmware|buffalo:wxr-1900dhp_firmware|buffalo:wxr-1900dhp2_firmware|buffalo:wxr-1900dhp3_firmware|buffalo:wxr-5950ax12_firmware|buffalo:wxr-6000ax12b_firmware|buffalo:wxr-6000ax12p_firmware|buffalo:wxr-6000ax12s_firmware|buffalo:wzr-1166dhp_firmware|buffalo:wzr-1166dhp2_firmware|buffalo:wzr-1750dhp_firmware|buffalo:wzr-1750dhp2_firmware|buffalo:wzr-s1750dhp_firmware|buffalo:wrm-d2133hp_firmware|buffalo:wrm-d2133hs_firmware|buffalo:wtr-m2133hp_firmware|buffalo:wtr-m2133hs_firmware|buffalo:wem-1266_firmware|buffalo:wem-1266wp_firmware|buffalo:vr-u300w_firmware|buffalo:vr-u500x_firmware|buffalo:wapm-1266r_firmware|buffalo:wapm-1266wdpr_firmware|buffalo:wapm-1266wdpra_firmware|buffalo:wapm-1750d_firmware|buffalo:wapm-2133r_firmware|buffalo:wapm-2133tr_firmware|buffalo:wapm-ax4r_firmware|buffalo:wapm-ax8r_firmware|buffalo:wapm-axetr_firmware|buffalo:waps-1266_firmware|buffalo:waps-ax4_firmware|buffalo:fs-m1266_firmware|buffalo:fs-s1266_firmware|buffalo:wzr-600dhp_firmware,40
CVE-2026-33366,2026-03-27,3.0,5.3,MEDIUM,NETWORK,LOW,NONE,NONE,3.9,buffalo:wcr-1166dhpl_firmware|buffalo:wsr3600be4-kh_firmware|buffalo:wsr3600be4p_firmware|buffalo:wxr-1750dhp_firmware|buffalo:wxr-1750dhp2_firmware|buffalo:wxr18000be10p_firmware|buffalo:wxr-1900dhp_firmware|buffalo:wxr-1900dhp2_firmware|buffalo:wxr-1900dhp3_firmware|buffalo:wxr-5950ax12_firmware|buffalo:wxr-6000ax12b_firmware|buffalo:wxr-6000ax12p_firmware|buffalo:wxr-6000ax12s_firmware|buffalo:wzr-1166dhp_firmware|buffalo:wzr-1166dhp2_firmware|buffalo:wzr-1750dhp_firmware|buffalo:wzr-1750dhp2_firmware|buffalo:wzr-s1750dhp_firmware|buffalo:wrm-d2133hp_firmware|buffalo:wrm-d2133hs_firmware|buffalo:wtr-m2133hp_firmware|buffalo:wtr-m2133hs_firmware|buffalo:wem-1266_firmware|buffalo:wem-1266wp_firmware|buffalo:vr-u300w_firmware|buffalo:vr-u500x_firmware|buffalo:wapm-1266r_firmware|buffalo:wapm-1266wdpr_firmware|buffalo:wapm-1266wdpra_firmware|buffalo:wapm-1750d_firmware|buffalo:wapm-2133r_firmware|buffalo:wapm-2133tr_firmware|buffalo:wapm-ax4r_firmware|buffalo:wapm-ax8r_firmware|buffalo:wapm-axetr_firmware|buffalo:waps-1266_firmware|buffalo:waps-ax4_firmware|buffalo:fs-m1266_firmware|buffalo:fs-s1266_firmware|buffalo:wzr-600dhp_firmware,40
CVE-2026-33559,2026-03-27,3.0,5.4,MEDIUM,NETWORK,LOW,LOW,REQUIRED,2.3,,0
CVE-2026-34353,2026-03-27,3.1,5.9,MEDIUM,LOCAL,HIGH,NONE,NONE,1.4,ocaml:ocaml,1
CVE-2026-4948,2026-03-27,3.1,5.5,MEDIUM,LOCAL,LOW,LOW,NONE,1.8,firewalld:firewalld|redhat:enterprise_linux,2
CVE-2025-59028,2026-03-27,3.1,5.3,MEDIUM,NETWORK,LOW,NONE,NONE,3.9,dovecot:dovecot|open-xchange:dovecot,2
CVE-2025-59031,2026-03-27,3.1,4.3,MEDIUM,NETWORK,LOW,LOW,NONE,2.8,dovecot:dovecot|open-xchange:dovecot,2
CVE-2025-59032,2026-03-27,3.1,7.5,HIGH,NETWORK,LOW,NONE,NONE,3.9,dovecot:dovecot|open-xchange:dovecot,2
CVE-2026-0394,2026-03-27,3.1,5.3,MEDIUM,NETWORK,LOW,NONE,NONE,3.9,dovecot:dovecot|open-xchange:dovecot,2
CVE-2026-24031,2026-03-27,3.1,7.7,HIGH,NETWORK,HIGH,NONE,NONE,2.2,dovecot:dovecot|open-xchange:dovecot,2
CVE-2026-27855,2026-03-27,3.1,6.8,MEDIUM,NETWORK,HIGH,NONE,REQUIRED,1.6,dovecot:dovecot|open-xchange:dovecot,2
CVE-2026-27856,2026-03-27,3.1,7.4,HIGH,NETWORK,HIGH,NONE,NONE,2.2,dovecot:dovecot|open-xchange:dovecot,2
CVE-2026-27857,2026-03-27,3.1,4.3,MEDIUM,NETWORK,LOW,LOW,NONE,2.8,dovecot:dovecot|open-xchange:dovecot,2
CVE-2026-27858,2026-03-27,3.1,7.5,HIGH,NETWORK,LOW,NONE,NONE,3.9,dovecot:dovecot|open-xchange:dovecot,2
CVE-2026-27859,2026-03-27,3.1,5.3,MEDIUM,NETWORK,LOW,NONE,NONE,3.9,dovecot:dovecot|open-xchange:dovecot,2
CVE-2026-27860,2026-03-27,3.1,3.7,LOW,NETWORK,HIGH,NONE,NONE,2.2,dovecot:dovecot|open-xchange:dovecot,2
CVE-2023-7339,2026-03-27,3.1,6.5,MEDIUM,NETWORK,LOW,LOW,NONE,2.8,,0
CVE-2026-25099,2026-03-27,3.1,8.8,HIGH,NETWORK,LOW,LOW,NONE,2.8,bludit:bludit,1
CVE-2026-25100,2026-03-27,3.1,5.4,MEDIUM,NETWORK,LOW,LOW,REQUIRED,2.3,bludit:bludit,1
CVE-2026-25101,2026-03-27,3.1,9.8,CRITICAL,NETWORK,LOW,NONE,NONE,3.9,bludit:bludit,1
CVE-2026-4309,2026-03-27,3.1,6.5,MEDIUM,NETWORK,LOW,NONE,NONE,3.9,nec:aterm_wg2600hs_firmware|nec:aterm_wf1200cr_firmware|nec:aterm_wg1200cr_firmware|nec:aterm_wg2600hp4_firmware|nec:aterm_wg2600hm4_firmware|nec:aterm_wg2600hs2_firmware|nec:aterm_wx3000hp_firmware|nec:aterm_wx3600hp_firmware|nec:aterm_w1200ex-ms_firmware|nec:aterm_wg1200hp2_firmware|nec:aterm_wg1900hp_firmware|nec:aterm_wg1200hs2_firmware|nec:aterm_wg1800hp3_firmware|nec:aterm_wg1200hp3_firmware|nec:aterm_wg1900hp2_firmware|nec:aterm_wg1200hs3_firmware|nec:aterm_wg1800hp4_firmware|nec:aterm_wg1200hp4_firmware|nec:aterm_wg1200hs4_firmware|nec:aterm_wx1500hp_firmware,20
CVE-2026-4619,2026-03-27,3.1,9.8,CRITICAL,NETWORK,LOW,NONE,NONE,3.9,nec:aterm_wx3600hp_firmware,1
CVE-2026-4620,2026-03-27,3.1,9.8,CRITICAL,NETWORK,LOW,NONE,NONE,3.9,nec:aterm_wx3600hp_firmware|nec:aterm_wx1500hp_firmware,2
CVE-2026-4621,2026-03-27,3.1,5.6,MEDIUM,NETWORK,HIGH,NONE,NONE,2.2,nec:aterm_wg1200hp4_firmware|nec:aterm_wg2600hs_firmware|nec:aterm_wf1200cr_firmware|nec:aterm_wg1200cr_firmware|nec:aterm_wg2600hp4_firmware|nec:aterm_wg2600hm4_firmware|nec:aterm_wg2600hs2_firmware|nec:aterm_wx3000hp_firmware|nec:aterm_wx3600hp_firmware|nec:aterm_w1200ex-ms_firmware|nec:aterm_wg1200hp2_firmware|nec:aterm_wg1900hp_firmware|nec:aterm_wg1200hs2_firmware|nec:aterm_wg1800hp3_firmware|nec:aterm_wg1200hp3_firmware|nec:aterm_wg1900hp2_firmware|nec:aterm_wg1200hs3_firmware|nec:aterm_wg1800hp4_firmware|nec:aterm_wg1200hs4_firmware|nec:aterm_wx1500hp_firmware|nec:aterm_wx3000hp2_firmware,21
CVE-2026-4622,2026-03-27,3.1,9.8,CRITICAL,NETWORK,LOW,NONE,NONE,3.9,nec:aterm_wg2600hs_firmware|nec:aterm_wf1200cr_firmware|nec:aterm_wg1200cr_firmware|nec:aterm_wg2600hp4_firmware|nec:aterm_wg2600hm4_firmware|nec:aterm_wg2600hs2_firmware|nec:aterm_wx3000hp_firmware|nec:aterm_wx3000hp2_firmware|nec:aterm_gb1200pe_firmware,9
CVE-2026-32695,2026-03-27,3.1,7.7,HIGH,NETWORK,LOW,LOW,NONE,3.1,traefik:traefik,1
CVE-2026-32859,2026-03-27,3.1,5.4,MEDIUM,NETWORK,LOW,LOW,REQUIRED,2.3,,0
CVE-2025-61190,2026-03-27,3.1,6.1,MEDIUM,NETWORK,LOW,NONE,REQUIRED,2.8,lyrasis:dspace,1
CVE-2025-69986,2026-03-27,3.1,7.2,HIGH,NETWORK,LOW,HIGH,NONE,1.2,,0
CVE-2025-69988,2026-03-27,3.1,6.5,MEDIUM,ADJACENT,LOW,NONE,NONE,2.8,,0
CVE-2026-27876,2026-03-27,3.1,9.1,CRITICAL,NETWORK,LOW,HIGH,NONE,2.3,grafana:grafana,1
CVE-2026-27877,2026-03-27,3.1,6.5,MEDIUM,NETWORK,LOW,LOW,NONE,2.8,grafana:grafana,1
CVE-2026-27879,2026-03-27,3.1,6.5,MEDIUM,NETWORK,LOW,LOW,NONE,2.8,grafana:grafana,1
CVE-2026-27880,2026-03-27,3.1,7.5,HIGH,NETWORK,LOW,NONE,NONE,3.9,grafana:grafana,1
CVE-2026-28375,2026-03-27,3.1,6.5,MEDIUM,NETWORK,LOW,LOW,NONE,2.8,grafana:grafana,1
CVE-2026-29871,2026-03-27,3.1,7.5,HIGH,NETWORK,LOW,NONE,NONE,3.9,theunwindai:awesome_llm_apps,1
CVE-2026-30303,2026-03-27,3.1,9.8,CRITICAL,NETWORK,LOW,NONE,NONE,3.9,matterai:axon_code,1
CVE-2026-30304,2026-03-27,3.1,9.6,CRITICAL,NETWORK,LOW,NONE,REQUIRED,2.8,tianguaduizhang:ai_code,1
CVE-2026-30637,2026-03-27,3.1,7.5,HIGH,NETWORK,LOW,NONE,NONE,3.9,otcms:otcms,1
CVE-2026-30689,2026-03-27,3.1,4.3,MEDIUM,NETWORK,LOW,LOW,NONE,2.8,anjoy8:blog.admin,1
CVE-2026-33205,2026-03-27,3.1,5.5,MEDIUM,LOCAL,LOW,NONE,REQUIRED,1.8,calibre-ebook:calibre,1
CVE-2026-33206,2026-03-27,3.1,6.3,MEDIUM,LOCAL,LOW,NONE,REQUIRED,1.8,calibre-ebook:calibre,1
CVE-2026-33284,2026-03-27,3.1,4.3,MEDIUM,NETWORK,LOW,NONE,REQUIRED,2.8,globaleaks:globaleaks,1
CVE-2026-33433,2026-03-27,3.1,8.8,HIGH,NETWORK,LOW,LOW,NONE,2.8,traefik:traefik,1
CVE-2026-33748,2026-03-27,3.1,7.5,HIGH,NETWORK,LOW,NONE,NONE,3.9,mobyproject:buildkit,1
CVE-2026-33750,2026-03-27,3.1,6.5,MEDIUM,NETWORK,LOW,NONE,REQUIRED,2.8,juliangruber:brace-expansion,1
CVE-2026-33755,2026-03-27,3.1,8.8,HIGH,NETWORK,LOW,LOW,NONE,2.8,intermesh:group-office,1
CVE-2026-33757,2026-03-27,3.1,9.6,CRITICAL,NETWORK,LOW,NONE,REQUIRED,2.8,openbao:openbao,1
CVE-2026-33758,2026-03-27,3.1,6.1,MEDIUM,NETWORK,LOW,NONE,REQUIRED,2.8,openbao:openbao,1
CVE-2026-33759,2026-03-27,3.1,5.3,MEDIUM,NETWORK,LOW,NONE,NONE,3.9,wwbn:avideo,1
CVE-2026-33761,2026-03-27,3.1,5.3,MEDIUM,NETWORK,LOW,NONE,NONE,3.9,wwbn:avideo,1
CVE-2026-33763,2026-03-27,3.1,5.3,MEDIUM,NETWORK,LOW,NONE,NONE,3.9,wwbn:avideo,1
CVE-2026-33764,2026-03-27,3.1,4.3,MEDIUM,NETWORK,LOW,LOW,NONE,2.8,wwbn:avideo,1
CVE-2026-33766,2026-03-27,3.1,6.5,MEDIUM,NETWORK,LOW,NONE,NONE,3.9,wwbn:avideo,1
CVE-2026-4953,2026-03-27,3.1,7.3,HIGH,NETWORK,LOW,NONE,NONE,3.9,,0
CVE-2026-4954,2026-03-27,3.1,6.3,MEDIUM,NETWORK,LOW,LOW,NONE,2.8,,0
CVE-2026-4955,2026-03-27,3.1,7.3,HIGH,NETWORK,LOW,NONE,NONE,3.9,,0
CVE-2026-4956,2026-03-27,3.1,7.3,HIGH,NETWORK,LOW,NONE,NONE,3.9,,0
CVE-2026-4957,2026-03-27,3.1,2.7,LOW,NETWORK,LOW,HIGH,NONE,1.2,openbmb:xagent,1
CVE-2026-4980,2026-03-27,3.1,6.3,MEDIUM,LOCAL,LOW,NONE,REQUIRED,1.8,inkscape:inkscape,1
CVE-2026-4984,2026-03-27,3.1,8.2,HIGH,NETWORK,LOW,NONE,NONE,3.9,,0
CVE-2026-5022,2026-03-27,3.1,5.3,MEDIUM,NETWORK,LOW,NONE,NONE,3.9,langflow:langflow,1
CVE-2026-5025,2026-03-27,3.1,6.5,MEDIUM,NETWORK,LOW,LOW,NONE,2.8,langflow:langflow,1
CVE-2026-5026,2026-03-27,3.1,5.4,MEDIUM,NETWORK,LOW,LOW,REQUIRED,2.3,langflow:langflow,1
CVE-2026-5027,2026-03-27,3.1,8.8,HIGH,NETWORK,LOW,LOW,NONE,2.8,,0
CVE-2023-7340,2026-03-27,3.1,3.5,LOW,NETWORK,LOW,LOW,REQUIRED,2.1,wazuh:wazuh,1
CVE-2026-30302,2026-03-27,3.1,10.0,CRITICAL,NETWORK,LOW,NONE,NONE,3.9,coderider-kilo:coderider,1
CVE-2026-30527,2026-03-27,3.1,5.4,MEDIUM,NETWORK,LOW,LOW,REQUIRED,2.3,oretnom23:online_food_ordering_system,1
CVE-2026-30529,2026-03-27,3.1,8.8,HIGH,NETWORK,LOW,LOW,NONE,2.8,oretnom23:online_food_ordering_system,1
CVE-2026-30530,2026-03-27,3.1,9.8,CRITICAL,NETWORK,LOW,NONE,NONE,3.9,oretnom23:online_food_ordering_system,1
CVE-2026-30531,2026-03-27,3.1,8.8,HIGH,NETWORK,LOW,LOW,NONE,2.8,oretnom23:online_food_ordering_system,1
CVE-2026-30532,2026-03-27,3.1,9.8,CRITICAL,NETWORK,LOW,NONE,NONE,3.9,oretnom23:online_food_ordering_system,1
CVE-2026-30533,2026-03-27,3.1,9.8,CRITICAL,NETWORK,LOW,NONE,NONE,3.9,oretnom23:online_food_ordering_system,1
CVE-2026-30534,2026-03-27,3.1,8.3,HIGH,NETWORK,LOW,LOW,NONE,2.8,oretnom23:online_food_ordering_system,1
CVE-2026-32983,2026-03-27,3.1,5.8,MEDIUM,NETWORK,LOW,NONE,NONE,3.9,wazuh:wazuh,1
CVE-2026-32984,2026-03-27,3.1,3.5,LOW,NETWORK,LOW,LOW,REQUIRED,2.1,wazuh:wazuh,1
CVE-2026-4958,2026-03-27,3.1,3.1,LOW,NETWORK,HIGH,LOW,NONE,1.6,openbmb:xagent,1
CVE-2026-4959,2026-03-27,3.1,7.3,HIGH,NETWORK,LOW,NONE,NONE,3.9,openbmb:xagent,1
CVE-2025-15381,2026-03-27,3.1,7.1,HIGH,NETWORK,LOW,LOW,NONE,2.8,lfprojects:mlflow,1
CVE-2025-15615,2026-03-27,3.1,5.8,MEDIUM,NETWORK,LOW,NONE,NONE,3.9,wazuh:wazuh,1
CVE-2025-15616,2026-03-27,3.1,6.7,MEDIUM,NETWORK,LOW,HIGH,NONE,1.2,wazuh:wazuh,1
CVE-2026-28367,2026-03-27,3.1,8.7,HIGH,NETWORK,HIGH,NONE,NONE,2.2,redhat:build_of_apache_camel_-_hawtio|redhat:build_of_apache_camel_for_spring_boot|redhat:data_grid|redhat:fuse|redhat:jboss_enterprise_application_platform|redhat:jboss_enterprise_application_platform_expansion_pack|redhat:process_automation|redhat:single_sign-on|redhat:undertow,9
CVE-2026-28368,2026-03-27,3.1,8.7,HIGH,NETWORK,HIGH,NONE,NONE,2.2,redhat:build_of_apache_camel_-_hawtio|redhat:build_of_apache_camel_for_spring_boot|redhat:data_grid|redhat:fuse|redhat:jboss_enterprise_application_platform|redhat:jboss_enterprise_application_platform_expansion_pack|redhat:process_automation|redhat:single_sign-on|redhat:undertow|redhat:enterprise_linux,10
CVE-2026-28369,2026-03-27,3.1,8.7,HIGH,NETWORK,HIGH,NONE,NONE,2.2,redhat:build_of_apache_camel_-_hawtio|redhat:build_of_apache_camel_for_spring_boot|redhat:data_grid|redhat:fuse|redhat:jboss_enterprise_application_platform|redhat:jboss_enterprise_application_platform_expansion_pack|redhat:process_automation|redhat:single_sign-on|redhat:undertow|redhat:enterprise_linux,10
CVE-2026-30569,2026-03-27,3.1,6.1,MEDIUM,NETWORK,LOW,NONE,REQUIRED,2.8,ahsanriaz26gmailcom:inventory_system,1
CVE-2026-30570,2026-03-27,3.1,6.1,MEDIUM,NETWORK,LOW,NONE,REQUIRED,2.8,ahsanriaz26gmailcom:inventory_system,1
CVE-2026-30571,2026-03-27,3.1,6.1,MEDIUM,NETWORK,LOW,NONE,REQUIRED,2.8,ahsanriaz26gmailcom:inventory_system,1
CVE-2026-30574,2026-03-27,3.1,7.5,HIGH,NETWORK,LOW,NONE,NONE,3.9,senior-walter:web-based_pharmacy_product_management_system,1
CVE-2026-30575,2026-03-27,3.1,7.5,HIGH,NETWORK,LOW,NONE,NONE,3.9,senior-walter:web-based_pharmacy_product_management_system,1
CVE-2026-30576,2026-03-27,3.1,7.5,HIGH,NETWORK,LOW,NONE,NONE,3.9,senior-walter:web-based_pharmacy_product_management_system,1
CVE-2026-33767,2026-03-27,3.1,8.8,HIGH,NETWORK,LOW,LOW,NONE,2.8,wwbn:avideo,1
CVE-2026-33770,2026-03-27,3.1,9.8,CRITICAL,NETWORK,LOW,NONE,NONE,3.9,wwbn:avideo,1
CVE-2026-33867,2026-03-27,3.1,7.5,HIGH,NETWORK,LOW,NONE,NONE,3.9,wwbn:avideo,1
CVE-2026-34245,2026-03-27,3.1,6.3,MEDIUM,NETWORK,LOW,LOW,NONE,2.8,wwbn:avideo,1
CVE-2026-34247,2026-03-27,3.1,5.4,MEDIUM,NETWORK,LOW,LOW,NONE,2.8,wwbn:avideo,1
CVE-2026-34362,2026-03-27,3.1,5.4,MEDIUM,NETWORK,LOW,LOW,NONE,2.8,wwbn:avideo,1
CVE-2026-34411,2026-03-27,3.1,5.3,MEDIUM,NETWORK,LOW,NONE,NONE,3.9,appsmith:appsmith,1
CVE-2026-4960,2026-03-27,3.1,8.8,HIGH,NETWORK,LOW,LOW,NONE,2.8,tenda:ac6_firmware,1
CVE-2026-4961,2026-03-27,3.1,8.8,HIGH,NETWORK,LOW,LOW,NONE,2.8,tenda:ac6_firmware,1
CVE-2026-4962,2026-03-27,3.1,7.0,HIGH,LOCAL,HIGH,LOW,NONE,1.0,uvnc:ultravnc,1
CVE-2026-4963,2026-03-27,3.1,6.3,MEDIUM,NETWORK,LOW,NONE,REQUIRED,2.8,huggingface:smolagents,1
CVE-2026-4964,2026-03-27,3.1,6.3,MEDIUM,NETWORK,LOW,LOW,NONE,2.8,letta:letta,1
CVE-2025-15617,2026-03-27,3.1,6.5,MEDIUM,NETWORK,HIGH,NONE,NONE,2.2,wazuh:wazuh,1
CVE-2026-30567,2026-03-27,3.1,6.1,MEDIUM,NETWORK,LOW,NONE,REQUIRED,2.8,ahsanriaz26gmailcom:inventory_system,1
CVE-2026-30568,2026-03-27,3.1,4.8,MEDIUM,NETWORK,LOW,HIGH,REQUIRED,1.7,ahsanriaz26gmailcom:inventory_system,1
CVE-2026-34364,2026-03-27,3.1,5.3,MEDIUM,NETWORK,LOW,NONE,NONE,3.9,wwbn:avideo,1
CVE-2026-34368,2026-03-27,3.1,5.3,MEDIUM,NETWORK,HIGH,LOW,NONE,1.6,wwbn:avideo,1
CVE-2026-4965,2026-03-27,3.1,7.3,HIGH,NETWORK,LOW,NONE,NONE,3.9,letta:letta,1
CVE-2026-4966,2026-03-27,3.1,6.3,MEDIUM,NETWORK,LOW,LOW,NONE,2.8,,0
CVE-2026-4968,2026-03-27,3.1,4.3,MEDIUM,NETWORK,LOW,NONE,REQUIRED,2.8,,0
CVE-2025-15612,2026-03-27,3.1,4.8,MEDIUM,NETWORK,HIGH,NONE,NONE,2.2,wazuh:wazuh,1
CVE-2026-26060,2026-03-27,3.1,8.8,HIGH,NETWORK,LOW,LOW,NONE,2.8,fleetdm:fleet,1
CVE-2026-26061,2026-03-27,3.1,7.5,HIGH,NETWORK,LOW,NONE,NONE,3.9,fleetdm:fleet,1
CVE-2026-29180,2026-03-27,3.1,8.8,HIGH,NETWORK,LOW,LOW,NONE,2.8,fleetdm:fleet,1
CVE-2026-34369,2026-03-27,3.1,5.3,MEDIUM,NETWORK,LOW,NONE,NONE,3.9,wwbn:avideo,1
CVE-2026-34374,2026-03-27,3.1,9.1,CRITICAL,NETWORK,LOW,NONE,NONE,3.9,wwbn:avideo,1
CVE-2026-34375,2026-03-27,3.1,8.2,HIGH,NETWORK,LOW,NONE,REQUIRED,2.8,wwbn:avideo,1
CVE-2026-34385,2026-03-27,3.1,8.1,HIGH,NETWORK,LOW,LOW,NONE,2.8,fleetdm:fleet,1
CVE-2026-34386,2026-03-27,3.1,8.8,HIGH,NETWORK,LOW,LOW,NONE,2.8,fleetdm:fleet,1
CVE-2026-34387,2026-03-27,3.1,9.8,CRITICAL,NETWORK,LOW,NONE,NONE,3.9,fleetdm:fleet,1
CVE-2026-4969,2026-03-27,3.1,3.5,LOW,NETWORK,LOW,LOW,REQUIRED,2.1,,0
CVE-2026-4970,2026-03-27,3.1,6.3,MEDIUM,NETWORK,LOW,LOW,NONE,2.8,,0
CVE-2026-31943,2026-03-27,3.1,8.5,HIGH,NETWORK,LOW,LOW,NONE,3.1,librechat:librechat,1
CVE-2026-31945,2026-03-27,3.1,7.7,HIGH,NETWORK,LOW,LOW,NONE,3.1,librechat:librechat,1
CVE-2026-31950,2026-03-27,3.1,5.3,MEDIUM,NETWORK,HIGH,LOW,NONE,1.6,librechat:librechat,1
CVE-2026-31951,2026-03-27,3.1,6.8,MEDIUM,NETWORK,LOW,LOW,REQUIRED,2.3,librechat:librechat,1
CVE-2026-32241,2026-03-27,3.1,7.5,HIGH,NETWORK,HIGH,LOW,NONE,1.6,flannel-io:flannel,1
CVE-2026-33044,2026-03-27,3.1,5.4,MEDIUM,NETWORK,LOW,LOW,REQUIRED,2.3,home-assistant:home-assistant,1
CVE-2026-33045,2026-03-27,3.1,5.4,MEDIUM,NETWORK,LOW,LOW,REQUIRED,2.3,home-assistant:home-assistant,1
CVE-2026-33654,2026-03-27,3.1,9.8,CRITICAL,NETWORK,LOW,NONE,NONE,3.9,nanobot:nanobot,1
CVE-2026-33739,2026-03-27,3.1,5.7,MEDIUM,NETWORK,LOW,HIGH,REQUIRED,0.9,fogproject:fogproject,1
CVE-2026-33765,2026-03-27,3.1,9.8,CRITICAL,NETWORK,LOW,NONE,NONE,3.9,pi-hole:web_interface,1
CVE-2026-33868,2026-03-27,3.1,4.3,MEDIUM,NETWORK,LOW,NONE,REQUIRED,2.8,joinmastodon:mastodon,1
CVE-2026-33869,2026-03-27,3.1,4.8,MEDIUM,NETWORK,HIGH,NONE,NONE,2.2,joinmastodon:mastodon,1
CVE-2026-33870,2026-03-27,3.1,7.5,HIGH,NETWORK,LOW,NONE,NONE,3.9,netty:netty,1
CVE-2026-33871,2026-03-27,3.1,7.5,HIGH,NETWORK,LOW,NONE,NONE,3.9,netty:netty,1
CVE-2026-34205,2026-03-27,3.1,9.6,CRITICAL,ADJACENT,LOW,NONE,NONE,2.8,,0
CVE-2026-34388,2026-03-27,3.1,7.5,HIGH,NETWORK,LOW,NONE,NONE,3.9,fleetdm:fleet,1
CVE-2026-34389,2026-03-27,3.1,6.5,MEDIUM,NETWORK,LOW,LOW,NONE,2.8,fleetdm:fleet,1
CVE-2026-34391,2026-03-27,3.1,7.5,HIGH,NETWORK,LOW,NONE,NONE,3.9,fleetdm:fleet,1
CVE-2026-34475,2026-03-27,3.1,5.4,MEDIUM,NETWORK,HIGH,NONE,NONE,2.2,varnish-software:varnish_enterprise|vinyl-cache:vinyl_cache,2
CVE-2026-4971,2026-03-27,3.1,4.3,MEDIUM,NETWORK,LOW,NONE,REQUIRED,2.8,,0
CVE-2026-4972,2026-03-27,3.1,2.4,LOW,NETWORK,LOW,HIGH,REQUIRED,0.9,,0
CVE-2026-4973,2026-03-27,3.1,3.5,LOW,NETWORK,LOW,LOW,REQUIRED,2.1,,0
CVE-2026-4974,2026-03-27,3.1,8.8,HIGH,NETWORK,LOW,LOW,NONE,2.8,tenda:ac7_firmware,1
CVE-2026-4975,2026-03-27,3.1,8.8,HIGH,NETWORK,LOW,LOW,NONE,2.8,tenda:ac15_firmware,1
CVE-2026-33873,2026-03-27,3.1,9.9,CRITICAL,NETWORK,LOW,LOW,NONE,3.1,langflow:langflow,1
CVE-2026-33874,2026-03-27,3.1,7.8,HIGH,LOCAL,LOW,NONE,REQUIRED,1.8,gematik:authenticator,1
CVE-2026-33875,2026-03-27,3.1,9.3,CRITICAL,NETWORK,LOW,NONE,REQUIRED,2.8,gematik:authenticator,1
CVE-2026-33879,2026-03-27,3.1,9.8,CRITICAL,NETWORK,LOW,NONE,NONE,3.9,aicentre:federated_learning_and_interoperability_platform,1
CVE-2026-33881,2026-03-27,3.1,7.2,HIGH,NETWORK,LOW,HIGH,NONE,1.2,windmill:windmill,1
CVE-2026-33882,2026-03-27,3.1,6.5,MEDIUM,NETWORK,LOW,LOW,NONE,2.8,statamic:statamic,1
CVE-2026-33883,2026-03-27,3.1,6.1,MEDIUM,NETWORK,LOW,NONE,REQUIRED,2.8,statamic:statamic,1
CVE-2026-33884,2026-03-27,3.1,4.3,MEDIUM,NETWORK,LOW,LOW,NONE,2.8,statamic:statamic,1
CVE-2026-33885,2026-03-27,3.1,6.1,MEDIUM,NETWORK,LOW,NONE,REQUIRED,2.8,statamic:statamic,1
CVE-2026-33886,2026-03-27,3.1,6.5,MEDIUM,NETWORK,LOW,LOW,NONE,2.8,statamic:statamic,1
CVE-2026-33887,2026-03-27,3.1,5.4,MEDIUM,NETWORK,LOW,LOW,NONE,2.8,statamic:statamic,1
CVE-2026-33891,2026-03-27,3.1,7.5,HIGH,NETWORK,LOW,NONE,NONE,3.9,digitalbazaar:forge,1
CVE-2026-33894,2026-03-27,3.1,7.5,HIGH,NETWORK,LOW,NONE,NONE,3.9,digitalbazaar:forge,1
CVE-2026-33895,2026-03-27,3.1,7.5,HIGH,NETWORK,LOW,NONE,NONE,3.9,digitalbazaar:forge,1
CVE-2026-33896,2026-03-27,3.1,7.4,HIGH,NETWORK,HIGH,NONE,NONE,2.2,digitalbazaar:forge,1
CVE-2026-33903,2026-03-27,3.1,6.5,MEDIUM,ADJACENT,LOW,NONE,NONE,2.8,ellanetworks:ella_core,1
CVE-2026-33904,2026-03-27,3.1,6.5,MEDIUM,ADJACENT,LOW,NONE,NONE,2.8,ellanetworks:ella_core,1
CVE-2026-33906,2026-03-27,3.1,7.2,HIGH,NETWORK,LOW,HIGH,NONE,1.2,ellanetworks:ella_core,1
CVE-2026-33907,2026-03-27,3.1,6.5,MEDIUM,ADJACENT,LOW,NONE,NONE,2.8,ellanetworks:ella_core,1
CVE-2026-33916,2026-03-27,3.1,4.7,MEDIUM,NETWORK,HIGH,NONE,REQUIRED,1.6,handlebarsjs:handlebars,1
CVE-2026-33937,2026-03-27,3.1,9.8,CRITICAL,NETWORK,LOW,NONE,NONE,3.9,handlebarsjs:handlebars,1
CVE-2026-33938,2026-03-27,3.1,8.1,HIGH,NETWORK,HIGH,NONE,NONE,2.2,handlebarsjs:handlebars,1
CVE-2026-34046,2026-03-27,3.1,8.8,HIGH,NETWORK,LOW,LOW,NONE,2.8,langflow:langflow|langflow:langflow-base,2
CVE-2026-4976,2026-03-27,3.1,8.8,HIGH,NETWORK,LOW,LOW,NONE,2.8,totolink:lr350_firmware,1
CVE-2019-25651,2026-03-27,3.1,8.3,HIGH,ADJACENT,HIGH,NONE,NONE,1.6,,0
CVE-2019-25652,2026-03-27,3.1,7.5,HIGH,ADJACENT,HIGH,NONE,NONE,1.6,,0
CVE-2026-27309,2026-03-27,3.1,7.8,HIGH,LOCAL,LOW,NONE,REQUIRED,1.8,adobe:substance_3d_stager,1
CVE-2026-33939,2026-03-27,3.1,7.5,HIGH,NETWORK,LOW,NONE,NONE,3.9,handlebarsjs:handlebars,1
CVE-2026-33940,2026-03-27,3.1,8.1,HIGH,NETWORK,HIGH,NONE,NONE,2.2,handlebarsjs:handlebars,1
CVE-2026-33941,2026-03-27,3.1,8.2,HIGH,LOCAL,LOW,LOW,REQUIRED,1.5,handlebarsjs:handlebars,1
CVE-2026-33943,2026-03-27,3.1,8.8,HIGH,NETWORK,LOW,NONE,REQUIRED,2.8,capricorn86:happy_dom,1
CVE-2026-33946,2026-03-27,3.1,5.9,MEDIUM,NETWORK,HIGH,NONE,NONE,2.2,lfprojects:mcp_ruby_sdk,1
CVE-2026-33953,2026-03-27,3.1,8.5,HIGH,NETWORK,LOW,LOW,NONE,3.1,linkace:linkace,1
CVE-2026-33954,2026-03-27,3.1,6.5,MEDIUM,NETWORK,LOW,LOW,NONE,2.8,linkace:linkace,1
CVE-2026-33955,2026-03-27,3.1,8.6,HIGH,LOCAL,LOW,NONE,REQUIRED,1.8,streetwriters:notesnook_desktop,1
CVE-2026-33976,2026-03-27,3.1,9.6,CRITICAL,NETWORK,LOW,NONE,REQUIRED,2.8,streetwriters:notesnook_desktop|streetwriters:notesnook_mobile,2
CVE-2026-33979,2026-03-27,3.1,8.2,HIGH,NETWORK,LOW,NONE,NONE,3.9,express_xss_sanitizer_project:express_xss_sanitizer,1
CVE-2026-33980,2026-03-27,3.1,8.3,HIGH,NETWORK,LOW,LOW,NONE,2.8,pab1it0:azure_data_explorer_mcp_server,1
CVE-2026-33981,2026-03-27,3.1,6.5,MEDIUM,NETWORK,LOW,LOW,NONE,2.8,webtechnologies:changedetection,1
CVE-2026-33989,2026-03-27,3.1,8.1,HIGH,NETWORK,LOW,NONE,REQUIRED,2.8,mobilenexthq:mobile_mcp,1
CVE-2026-34226,2026-03-27,3.1,7.5,HIGH,NETWORK,LOW,NONE,NONE,3.9,capricorn86:happy_dom,1
CVE-2026-4985,2026-03-27,3.1,4.3,MEDIUM,NETWORK,LOW,NONE,REQUIRED,2.8,,0
CVE-2026-4988,2026-03-27,3.1,3.7,LOW,NETWORK,HIGH,NONE,NONE,2.2,open5gs:open5gs,1
CVE-2026-4990,2026-03-27,3.1,7.3,HIGH,NETWORK,LOW,NONE,NONE,3.9,,0
CVE-2026-33936,2026-03-27,3.1,5.3,MEDIUM,NETWORK,LOW,NONE,NONE,3.9,tlsfuzzer:ecdsa,1
CVE-2026-33991,2026-03-27,3.1,8.8,HIGH,NETWORK,LOW,LOW,NONE,2.8,wegia:wegia,1
CVE-2026-33992,2026-03-27,3.1,6.5,MEDIUM,NETWORK,LOW,LOW,NONE,2.8,pyload:pyload,1
CVE-2026-33993,2026-03-27,3.1,9.8,CRITICAL,NETWORK,LOW,NONE,NONE,3.9,locutus:locutus,1
CVE-2026-33994,2026-03-27,3.1,9.8,CRITICAL,NETWORK,LOW,NONE,NONE,3.9,locutus:locutus,1
CVE-2026-33996,2026-03-27,3.1,5.5,MEDIUM,LOCAL,LOW,NONE,REQUIRED,1.8,libjwt:libjwt,1
CVE-2026-4248,2026-03-27,3.1,8.0,HIGH,NETWORK,LOW,LOW,REQUIRED,2.1,,0
CVE-2026-4991,2026-03-27,3.1,3.5,LOW,NETWORK,LOW,LOW,REQUIRED,2.1,,0
CVE-2026-4992,2026-03-27,3.1,4.3,MEDIUM,NETWORK,LOW,NONE,REQUIRED,2.8,,0
CVE-2026-1679,2026-03-28,3.1,7.3,HIGH,LOCAL,LOW,LOW,NONE,1.8,zephyrproject:zephyr,1
CVE-2026-4987,2026-03-28,3.1,7.5,HIGH,NETWORK,LOW,NONE,NONE,3.9,,0
CVE-2025-12886,2026-03-28,3.1,7.2,HIGH,NETWORK,LOW,NONE,NONE,3.9,,0
CVE-2025-15445,2026-03-28,3.1,5.4,MEDIUM,NETWORK,LOW,LOW,NONE,2.8,,0
CVE-2026-1307,2026-03-28,3.1,6.5,MEDIUM,NETWORK,LOW,LOW,NONE,2.8,,0
CVE-2026-23399,2026-03-28,3.1,5.5,MEDIUM,LOCAL,LOW,LOW,NONE,1.8,linux:linux_kernel,1
CVE-2026-2442,2026-03-28,3.1,5.3,MEDIUM,NETWORK,LOW,NONE,NONE,3.9,,0
CVE-2026-4993,2026-03-28,3.1,3.3,LOW,LOCAL,LOW,LOW,NONE,1.8,,0
CVE-2026-4994,2026-03-28,3.1,3.5,LOW,ADJACENT,LOW,LOW,NONE,2.1,,0
CVE-2025-9497,2026-03-28,3.1,9.8,CRITICAL,NETWORK,LOW,NONE,NONE,3.9,,0
CVE-2026-4995,2026-03-28,3.1,3.5,LOW,NETWORK,LOW,LOW,REQUIRED,2.1,,0
CVE-2016-20037,2026-03-28,3.1,8.4,HIGH,LOCAL,LOW,NONE,NONE,2.5,,0
CVE-2016-20038,2026-03-28,3.1,8.4,HIGH,LOCAL,LOW,NONE,NONE,2.5,,0
CVE-2016-20039,2026-03-28,3.1,8.4,HIGH,LOCAL,LOW,NONE,NONE,2.5,,0
CVE-2016-20040,2026-03-28,3.1,8.4,HIGH,LOCAL,LOW,NONE,NONE,2.5,,0
CVE-2016-20041,2026-03-28,3.1,8.4,HIGH,LOCAL,LOW,NONE,NONE,2.5,,0
CVE-2016-20042,2026-03-28,3.1,8.4,HIGH,LOCAL,LOW,NONE,NONE,2.5,,0
CVE-2016-20043,2026-03-28,3.1,8.4,HIGH,LOCAL,LOW,NONE,NONE,2.5,nrss:nrss,1
CVE-2016-20044,2026-03-28,3.1,8.4,HIGH,LOCAL,LOW,NONE,NONE,2.5,surf:pinfo,1
CVE-2016-20045,2026-03-28,3.1,8.4,HIGH,LOCAL,LOW,NONE,NONE,2.5,hnb_project:hierarchical_notebook,1
CVE-2016-20046,2026-03-28,3.1,8.4,HIGH,LOCAL,LOW,NONE,NONE,2.5,,0
CVE-2016-20047,2026-03-28,3.1,8.4,HIGH,LOCAL,LOW,NONE,NONE,2.5,,0
CVE-2016-20048,2026-03-28,3.1,8.4,HIGH,LOCAL,LOW,NONE,NONE,2.5,,0
CVE-2016-20049,2026-03-28,3.1,9.8,CRITICAL,NETWORK,LOW,NONE,NONE,3.9,varaneckas:jad_java_decompiler,1
CVE-2017-20225,2026-03-28,3.1,9.8,CRITICAL,NETWORK,LOW,NONE,NONE,3.9,ticalc:tiemu,1
CVE-2017-20226,2026-03-28,3.1,8.4,HIGH,LOCAL,LOW,NONE,NONE,2.5,,0
CVE-2017-20227,2026-03-28,3.1,9.8,CRITICAL,NETWORK,LOW,NONE,NONE,3.9,varaneckas:jad_java_decompiler,1
CVE-2017-20228,2026-03-28,3.1,8.4,HIGH,LOCAL,LOW,NONE,NONE,2.5,flatassembler:flat_assembler,1
CVE-2017-20229,2026-03-28,3.1,9.8,CRITICAL,NETWORK,LOW,NONE,NONE,3.9,invisible-island:mawk,1
CVE-2018-25220,2026-03-28,3.1,9.8,CRITICAL,NETWORK,LOW,NONE,NONE,3.9,bochs_project:bochs,1
CVE-2018-25221,2026-03-28,3.1,9.8,CRITICAL,NETWORK,LOW,NONE,NONE,3.9,echatserver:easy_chat_server,1
CVE-2018-25222,2026-03-28,3.1,8.4,HIGH,LOCAL,LOW,NONE,NONE,2.5,,0
CVE-2018-25223,2026-03-28,3.1,9.8,CRITICAL,NETWORK,LOW,NONE,NONE,3.9,ftnapps:crashmail_ii,1
CVE-2018-25224,2026-03-28,3.1,8.4,HIGH,LOCAL,LOW,NONE,NONE,2.5,kimtore:practical_music_search,1
CVE-2018-25225,2026-03-28,3.1,8.4,HIGH,LOCAL,LOW,NONE,NONE,2.5,sipp_project:sipp,1
CVE-2026-2595,2026-03-28,3.1,5.4,MEDIUM,NETWORK,LOW,LOW,REQUIRED,2.3,,0
CVE-2026-4996,2026-03-28,3.1,7.3,HIGH,NETWORK,LOW,NONE,NONE,3.9,,0
CVE-2026-4997,2026-03-28,3.1,5.3,MEDIUM,NETWORK,LOW,NONE,NONE,3.9,,0
CVE-2026-4998,2026-03-28,3.1,7.3,HIGH,NETWORK,LOW,NONE,NONE,3.9,,0
CVE-2026-4999,2026-03-28,3.1,6.3,MEDIUM,NETWORK,LOW,LOW,NONE,2.8,,0
CVE-2026-5000,2026-03-28,3.1,7.3,HIGH,NETWORK,LOW,NONE,NONE,3.9,,0
CVE-2026-5001,2026-03-28,3.1,7.3,HIGH,NETWORK,LOW,NONE,NONE,3.9,,0
CVE-2026-5002,2026-03-28,3.1,7.3,HIGH,NETWORK,LOW,NONE,NONE,3.9,,0
CVE-2026-5003,2026-03-28,3.1,5.3,MEDIUM,NETWORK,LOW,NONE,NONE,3.9,,0
CVE-2026-5004,2026-03-28,3.1,8.8,HIGH,NETWORK,LOW,LOW,NONE,2.8,wavlink:wl-wn579x3-c_firmware,1
CVE-2025-15604,2026-03-28,3.1,9.8,CRITICAL,NETWORK,LOW,NONE,NONE,3.9,tokuhirom:amon2,1
CVE-2026-3256,2026-03-28,3.1,9.8,CRITICAL,NETWORK,LOW,NONE,NONE,3.9,ktat:http\,1
CVE-2026-5007,2026-03-28,3.1,5.3,MEDIUM,LOCAL,LOW,LOW,NONE,1.8,,0
CVE-2026-5011,2026-03-28,3.1,6.3,MEDIUM,NETWORK,LOW,LOW,NONE,2.8,,0
CVE-2026-5012,2026-03-28,3.1,7.3,HIGH,NETWORK,LOW,NONE,NONE,3.9,,0
CVE-2026-5013,2026-03-28,3.1,5.3,MEDIUM,NETWORK,LOW,NONE,NONE,3.9,,0
CVE-2026-5014,2026-03-28,3.1,5.3,MEDIUM,NETWORK,LOW,NONE,NONE,3.9,,0
CVE-2026-5015,2026-03-28,3.1,4.3,MEDIUM,NETWORK,LOW,NONE,REQUIRED,2.8,,0
CVE-2026-5016,2026-03-28,3.1,7.3,HIGH,NETWORK,LOW,NONE,NONE,3.9,,0
CVE-2026-5017,2026-03-28,3.1,7.3,HIGH,NETWORK,LOW,NONE,NONE,3.9,carmelo:simple_food_order_system,1
CVE-2026-5018,2026-03-28,3.1,7.3,HIGH,NETWORK,LOW,NONE,NONE,3.9,carmelo:simple_food_order_system,1
CVE-2026-5019,2026-03-29,3.1,7.3,HIGH,NETWORK,LOW,NONE,NONE,3.9,carmelo:simple_food_order_system,1
CVE-2026-4851,2026-03-29,3.1,9.8,CRITICAL,NETWORK,LOW,NONE,NONE,3.9,casiano:grid\,1
CVE-2026-5020,2026-03-29,3.1,6.3,MEDIUM,NETWORK,LOW,LOW,NONE,2.8,totolink:a3600r_firmware,1
CVE-2026-2602,2026-03-29,3.1,6.4,MEDIUM,NETWORK,LOW,LOW,NONE,3.1,,0
CVE-2026-5021,2026-03-29,3.1,8.8,HIGH,NETWORK,LOW,LOW,NONE,2.8,tenda:f453_firmware,1
CVE-2026-5023,2026-03-29,3.1,5.3,MEDIUM,LOCAL,LOW,LOW,NONE,1.8,,0
CVE-2026-5024,2026-03-29,3.1,8.8,HIGH,NETWORK,LOW,LOW,NONE,2.8,dlink:dir-513_firmware,1
CVE-2026-5030,2026-03-29,3.1,6.3,MEDIUM,NETWORK,LOW,LOW,NONE,2.8,totolink:nr1800x_firmware,1
CVE-2026-5031,2026-03-29,3.1,4.3,MEDIUM,NETWORK,LOW,LOW,NONE,2.8,,0
CVE-2026-5033,2026-03-29,3.1,7.3,HIGH,NETWORK,LOW,NONE,NONE,3.9,sherlock:accounting_system,1
CVE-2026-5034,2026-03-29,3.1,7.3,HIGH,NETWORK,LOW,NONE,NONE,3.9,sherlock:accounting_system,1
CVE-2026-5035,2026-03-29,3.1,7.3,HIGH,NETWORK,LOW,NONE,NONE,3.9,sherlock:accounting_system,1
CVE-2026-5036,2026-03-29,3.1,8.8,HIGH,NETWORK,LOW,LOW,NONE,2.8,tenda:4g06_firmware,1
CVE-2026-5037,2026-03-29,3.1,3.3,LOW,LOCAL,LOW,LOW,NONE,1.8,,0
CVE-2026-5041,2026-03-29,3.1,4.7,MEDIUM,NETWORK,LOW,HIGH,NONE,1.2,,0
CVE-2026-5042,2026-03-29,3.1,8.8,HIGH,NETWORK,LOW,LOW,NONE,2.8,belkin:f9k1122_firmware,1
CVE-2026-5043,2026-03-29,3.1,8.8,HIGH,NETWORK,LOW,LOW,NONE,2.8,belkin:f9k1122_firmware,1
CVE-2026-23400,2026-03-29,3.1,5.5,MEDIUM,LOCAL,LOW,LOW,NONE,1.8,linux:linux_kernel,1
CVE-2026-32914,2026-03-29,3.1,8.8,HIGH,NETWORK,LOW,LOW,NONE,2.8,openclaw:openclaw,1
CVE-2026-32915,2026-03-29,3.1,8.8,HIGH,LOCAL,LOW,LOW,NONE,2.0,openclaw:openclaw,1
CVE-2026-32918,2026-03-29,3.1,8.4,HIGH,LOCAL,LOW,LOW,NONE,2.0,openclaw:openclaw,1
CVE-2026-32919,2026-03-29,3.1,6.1,MEDIUM,LOCAL,LOW,LOW,NONE,1.8,openclaw:openclaw,1
CVE-2026-32922,2026-03-29,3.1,9.9,CRITICAL,NETWORK,LOW,LOW,NONE,3.1,openclaw:openclaw,1
CVE-2026-32923,2026-03-29,3.1,5.4,MEDIUM,NETWORK,LOW,LOW,NONE,2.8,openclaw:openclaw,1
CVE-2026-32924,2026-03-29,3.1,9.8,CRITICAL,NETWORK,LOW,NONE,NONE,3.9,openclaw:openclaw,1
CVE-2026-32972,2026-03-29,3.1,7.1,HIGH,NETWORK,LOW,LOW,NONE,2.8,openclaw:openclaw,1
CVE-2026-32973,2026-03-29,3.1,9.8,CRITICAL,NETWORK,LOW,NONE,NONE,3.9,openclaw:openclaw,1
CVE-2026-32974,2026-03-29,3.1,8.6,HIGH,NETWORK,LOW,NONE,NONE,3.9,openclaw:openclaw,1
CVE-2026-32975,2026-03-29,3.1,9.8,CRITICAL,NETWORK,LOW,NONE,NONE,3.9,openclaw:openclaw,1
CVE-2026-32978,2026-03-29,3.1,8.0,HIGH,NETWORK,HIGH,LOW,REQUIRED,1.3,openclaw:openclaw,1
CVE-2026-32979,2026-03-29,3.1,7.3,HIGH,LOCAL,LOW,LOW,REQUIRED,1.3,openclaw:openclaw,1
CVE-2026-32980,2026-03-29,3.1,7.5,HIGH,NETWORK,LOW,NONE,NONE,3.9,openclaw:openclaw,1
CVE-2026-32987,2026-03-29,3.1,9.8,CRITICAL,NETWORK,LOW,NONE,NONE,3.9,openclaw:openclaw,1
CVE-2026-33572,2026-03-29,3.1,8.4,HIGH,LOCAL,LOW,NONE,NONE,2.5,openclaw:openclaw,1
CVE-2026-33573,2026-03-29,3.1,8.8,HIGH,NETWORK,LOW,LOW,NONE,2.8,openclaw:openclaw,1
CVE-2026-33574,2026-03-29,3.1,6.2,MEDIUM,LOCAL,LOW,NONE,NONE,2.5,openclaw:openclaw,1
CVE-2026-33575,2026-03-29,3.1,7.5,HIGH,NETWORK,LOW,NONE,NONE,3.9,openclaw:openclaw,1
CVE-2026-5044,2026-03-29,3.1,8.8,HIGH,NETWORK,LOW,LOW,NONE,2.8,belkin:f9k1122_firmware,1
CVE-2026-5045,2026-03-29,3.1,8.8,HIGH,NETWORK,LOW,LOW,NONE,2.8,tenda:fh1201_firmware,1
CVE-2026-5046,2026-03-29,3.1,8.8,HIGH,NETWORK,LOW,LOW,NONE,2.8,tenda:fh1201_firmware,1
CVE-2026-34005,2026-03-29,3.1,8.8,HIGH,NETWORK,LOW,LOW,NONE,2.8,,0
CVE-2026-0558,2026-03-29,3.1,9.8,CRITICAL,NETWORK,LOW,NONE,NONE,3.9,lollms:lollms,1
CVE-2026-0560,2026-03-29,3.1,7.5,HIGH,NETWORK,LOW,NONE,NONE,3.9,lollms:lollms,1
CVE-2026-0562,2026-03-29,3.1,8.3,HIGH,NETWORK,LOW,LOW,NONE,2.8,lollms:lollms,1
CVE-2026-4946,2026-03-29,3.1,8.8,HIGH,NETWORK,LOW,NONE,REQUIRED,2.8,,0
CVE-2026-4176,2026-03-29,3.1,9.8,CRITICAL,NETWORK,LOW,NONE,NONE,3.9,perl:perl,1
CVE-2026-5101,2026-03-29,3.1,6.3,MEDIUM,NETWORK,LOW,LOW,NONE,2.8,totolink:a3300r_firmware,1
CVE-2026-2370,2026-03-30,3.1,8.1,HIGH,NETWORK,LOW,LOW,NONE,2.8,gitlab:gitlab,1
CVE-2026-5102,2026-03-30,3.1,6.3,MEDIUM,NETWORK,LOW,LOW,NONE,2.8,totolink:a3300r_firmware,1
CVE-2025-15036,2026-03-30,3.1,10.0,CRITICAL,NETWORK,LOW,NONE,NONE,3.9,lfprojects:mlflow,1
CVE-2026-3124,2026-03-30,3.1,7.5,HIGH,NETWORK,LOW,NONE,NONE,3.9,,0
CVE-2026-5103,2026-03-30,3.1,6.3,MEDIUM,NETWORK,LOW,LOW,NONE,2.8,totolink:a3300r_firmware,1
CVE-2026-5104,2026-03-30,3.1,6.3,MEDIUM,NETWORK,LOW,LOW,NONE,2.8,totolink:a3300r_firmware,1
CVE-2026-5105,2026-03-30,3.1,6.3,MEDIUM,NETWORK,LOW,LOW,NONE,2.8,totolink:a3300r_firmware,1
CVE-2026-5106,2026-03-30,3.1,2.4,LOW,NETWORK,LOW,HIGH,REQUIRED,0.9,code-projects:exam_form_submission,1
CVE-2026-5107,2026-03-30,3.1,4.2,MEDIUM,NETWORK,HIGH,LOW,NONE,1.6,frrouting:frrouting,1
CVE-2026-5119,2026-03-30,3.1,5.9,MEDIUM,NETWORK,HIGH,NONE,REQUIRED,1.6,gnome:libsoup|redhat:enterprise_linux,2
CVE-2025-15379,2026-03-30,3.1,9.8,CRITICAL,NETWORK,LOW,NONE,NONE,3.9,lfprojects:mlflow,1
CVE-2026-2328,2026-03-30,3.1,7.5,HIGH,NETWORK,LOW,NONE,NONE,3.9,,0
CVE-2026-3945,2026-03-30,3.1,7.5,HIGH,NETWORK,LOW,NONE,NONE,3.9,,0
CVE-2026-4415,2026-03-30,3.1,8.1,HIGH,NETWORK,HIGH,NONE,NONE,2.2,gigabyte:control_center,1
CVE-2026-4416,2026-03-30,3.1,7.8,HIGH,LOCAL,LOW,LOW,NONE,1.8,gigabyte:performance_library,1
CVE-2026-5121,2026-03-30,3.1,7.5,HIGH,NETWORK,LOW,NONE,NONE,3.9,libarchive:libarchive|redhat:hardened_images|redhat:openshift_container_platform|redhat:enterprise_linux,4
CVE-2018-25226,2026-03-30,3.1,6.2,MEDIUM,LOCAL,LOW,NONE,NONE,2.5,ftpshell:ftpshell_server,1
CVE-2018-25227,2026-03-30,3.1,6.2,MEDIUM,LOCAL,LOW,NONE,NONE,2.5,valentina-db:studio,1
CVE-2018-25228,2026-03-30,3.1,6.2,MEDIUM,LOCAL,LOW,NONE,NONE,2.5,netsetman:netsetman,1
CVE-2018-25229,2026-03-30,3.1,5.5,MEDIUM,LOCAL,LOW,NONE,REQUIRED,1.8,bpftpserver:bulletproof_ftp_server,1
CVE-2018-25230,2026-03-30,3.1,5.5,MEDIUM,LOCAL,LOW,NONE,REQUIRED,1.8,eusing:free_ip_switcher,1
CVE-2018-25231,2026-03-30,3.1,6.2,MEDIUM,LOCAL,LOW,NONE,NONE,2.5,heidisql:heidisql,1
CVE-2018-25232,2026-03-30,3.1,5.5,MEDIUM,LOCAL,LOW,NONE,REQUIRED,1.8,softros:softros_lan_messenger,1
CVE-2018-25233,2026-03-30,3.1,6.2,MEDIUM,LOCAL,LOW,NONE,NONE,2.5,southrivertech:webdrive,1
CVE-2018-25234,2026-03-30,3.1,6.2,MEDIUM,LOCAL,LOW,NONE,NONE,2.5,smartftp:smartftp,1
CVE-2018-25235,2026-03-30,3.1,6.2,MEDIUM,LOCAL,LOW,NONE,NONE,2.5,networkactiv:web_server,1
CVE-2019-25653,2026-03-30,3.1,6.2,MEDIUM,LOCAL,LOW,NONE,NONE,2.5,navicat:navicat_for_oracle,1
CVE-2019-25654,2026-03-30,3.1,7.5,HIGH,NETWORK,LOW,NONE,NONE,3.9,coreftp:core_ftp,1
CVE-2019-25655,2026-03-30,3.1,6.2,MEDIUM,LOCAL,LOW,NONE,NONE,2.5,hhdsoftware:device_monitoring_studio,1
CVE-2026-28526,2026-03-30,3.1,3.5,LOW,ADJACENT,LOW,NONE,REQUIRED,2.1,bluekitchen-gmbh:btstack,1
CVE-2026-28527,2026-03-30,3.1,3.5,LOW,ADJACENT,LOW,NONE,REQUIRED,2.1,bluekitchen-gmbh:btstack,1
CVE-2026-28528,2026-03-30,3.1,4.6,MEDIUM,ADJACENT,LOW,NONE,REQUIRED,2.1,bluekitchen-gmbh:btstack,1
CVE-2026-30082,2026-03-30,3.1,6.1,MEDIUM,NETWORK,LOW,NONE,REQUIRED,2.8,,0
CVE-2026-30563,2026-03-30,3.1,6.1,MEDIUM,NETWORK,LOW,NONE,REQUIRED,2.8,ahsanriaz26gmailcom:sales_and_inventory_system,1
CVE-2026-30564,2026-03-30,3.1,6.1,MEDIUM,NETWORK,LOW,NONE,REQUIRED,2.8,ahsanriaz26gmailcom:sales_and_inventory_system,1
CVE-2026-30565,2026-03-30,3.1,6.1,MEDIUM,NETWORK,LOW,NONE,REQUIRED,2.8,ahsanriaz26gmailcom:sales_and_inventory_system,1
CVE-2026-30566,2026-03-30,3.1,6.1,MEDIUM,NETWORK,LOW,NONE,REQUIRED,2.8,ahsanriaz26gmailcom:sales_and_inventory_system,1
CVE-2026-33373,2026-03-30,3.1,8.8,HIGH,NETWORK,LOW,NONE,REQUIRED,2.8,synacor:zimbra_collaboration_suite,1
CVE-2026-5122,2026-03-30,3.1,3.7,LOW,NETWORK,HIGH,NONE,NONE,2.2,osrg:gobgp,1
CVE-2026-5164,2026-03-30,3.1,6.7,MEDIUM,LOCAL,LOW,HIGH,NONE,0.8,redhat:virtio-win|redhat:enterprise_linux,2
CVE-2026-5165,2026-03-30,3.1,6.7,MEDIUM,LOCAL,LOW,HIGH,NONE,0.8,redhat:virtio-win|redhat:enterprise_linux,2
CVE-2026-21712,2026-03-30,3.0,5.7,MEDIUM,NETWORK,LOW,LOW,REQUIRED,2.1,,0
CVE-2026-29597,2026-03-30,3.1,6.5,MEDIUM,NETWORK,LOW,LOW,NONE,2.8,,0
CVE-2026-29953,2026-03-30,3.1,7.4,HIGH,NETWORK,LOW,LOW,NONE,3.1,schemahero:schemahero,1
CVE-2026-2275,2026-03-30,3.1,9.6,CRITICAL,NETWORK,LOW,NONE,REQUIRED,2.8,,0
CVE-2026-2285,2026-03-30,3.1,7.5,HIGH,NETWORK,LOW,NONE,NONE,3.9,crewai:crewai,1
CVE-2026-2286,2026-03-30,3.1,9.8,CRITICAL,NETWORK,LOW,NONE,NONE,3.9,crewai:crewai,1
CVE-2026-2287,2026-03-30,3.1,9.8,CRITICAL,NETWORK,LOW,NONE,NONE,3.9,crewai:crewai,1
CVE-2026-30556,2026-03-30,3.1,6.1,MEDIUM,NETWORK,LOW,NONE,REQUIRED,2.8,ahsanriaz26gmailcom:sales_and_inventory_system,1
CVE-2026-30557,2026-03-30,3.1,6.1,MEDIUM,NETWORK,LOW,NONE,REQUIRED,2.8,ahsanriaz26gmailcom:sales_and_inventory_system,1
CVE-2026-30558,2026-03-30,3.1,6.1,MEDIUM,NETWORK,LOW,NONE,REQUIRED,2.8,ahsanriaz26gmailcom:sales_and_inventory_system,1
CVE-2026-30559,2026-03-30,3.1,6.1,MEDIUM,NETWORK,LOW,NONE,REQUIRED,2.8,ahsanriaz26gmailcom:sales_and_inventory_system,1
CVE-2026-30560,2026-03-30,3.1,6.1,MEDIUM,NETWORK,LOW,NONE,REQUIRED,2.8,ahsanriaz26gmailcom:sales_and_inventory_system,1
CVE-2026-30561,2026-03-30,3.1,6.1,MEDIUM,NETWORK,LOW,NONE,REQUIRED,2.8,ahsanriaz26gmailcom:sales_and_inventory_system,1
CVE-2026-30562,2026-03-30,3.1,9.3,CRITICAL,NETWORK,LOW,NONE,REQUIRED,2.8,ahsanriaz26gmailcom:sales_and_inventory_system,1
CVE-2026-33643,2026-03-30,3.1,7.4,HIGH,NETWORK,LOW,LOW,NONE,3.1,schemahero:schemahero,1
CVE-2026-34472,2026-03-30,3.1,7.1,HIGH,ADJACENT,LOW,NONE,NONE,2.8,zte:zxhn_h188a_firmware,1
CVE-2026-5123,2026-03-30,3.1,3.7,LOW,NETWORK,HIGH,NONE,NONE,2.2,osrg:gobgp,1
CVE-2026-5170,2026-03-30,3.1,5.3,MEDIUM,NETWORK,HIGH,LOW,NONE,1.6,mongodb:mongodb,1
CVE-2026-26352,2026-03-30,3.1,5.4,MEDIUM,NETWORK,LOW,LOW,REQUIRED,2.3,smoothwall:smoothwall_express,1
CVE-2026-27508,2026-03-30,3.1,5.4,MEDIUM,NETWORK,LOW,NONE,REQUIRED,2.8,smoothwall:smoothwall_express,1
CVE-2026-29909,2026-03-30,3.1,5.3,MEDIUM,NETWORK,LOW,NONE,NONE,3.9,mrcms:mrcms,1
CVE-2026-29954,2026-03-30,3.1,7.6,HIGH,NETWORK,LOW,HIGH,NONE,2.3,cloudark:kubeplus,1
CVE-2026-5124,2026-03-30,3.1,3.7,LOW,NETWORK,HIGH,NONE,NONE,2.2,osrg:gobgp,1
CVE-2025-49010,2026-03-30,3.1,3.8,LOW,PHYSICAL,HIGH,NONE,REQUIRED,0.4,opensc_project:opensc,1
CVE-2025-66037,2026-03-30,3.1,3.9,LOW,PHYSICAL,HIGH,NONE,NONE,0.5,opensc_project:opensc,1
CVE-2025-66038,2026-03-30,3.1,3.9,LOW,PHYSICAL,HIGH,NONE,NONE,0.5,opensc_project:opensc,1
CVE-2025-66215,2026-03-30,3.1,3.8,LOW,PHYSICAL,HIGH,NONE,REQUIRED,0.4,opensc_project:opensc,1
CVE-2026-29872,2026-03-30,3.1,8.2,HIGH,NETWORK,LOW,NONE,NONE,3.9,theunwindai:awesome_llm_apps,1
CVE-2026-30077,2026-03-30,3.1,7.5,HIGH,NETWORK,LOW,NONE,NONE,3.9,openairinterface:openairinterface,1
CVE-2026-33027,2026-03-30,3.1,6.5,MEDIUM,NETWORK,LOW,LOW,NONE,2.8,nginxui:nginx_ui,1
CVE-2026-33028,2026-03-30,3.1,7.5,HIGH,NETWORK,HIGH,LOW,NONE,1.6,nginxui:nginx_ui|uozi:cosy,2
CVE-2026-33029,2026-03-30,3.1,6.5,MEDIUM,NETWORK,LOW,LOW,NONE,2.8,nginxui:nginx_ui,1
CVE-2026-33030,2026-03-30,3.1,8.8,HIGH,LOCAL,LOW,LOW,NONE,2.0,nginxui:nginx_ui,1
CVE-2026-33032,2026-03-30,3.1,9.8,CRITICAL,NETWORK,LOW,NONE,NONE,3.9,nginxui:nginx_ui,1
CVE-2026-4046,2026-03-30,3.1,7.5,HIGH,NETWORK,LOW,NONE,NONE,3.9,gnu:glibc,1
CVE-2026-5125,2026-03-30,3.1,5.3,MEDIUM,LOCAL,LOW,LOW,NONE,1.8,,0
CVE-2026-5126,2026-03-30,3.1,6.3,MEDIUM,NETWORK,LOW,LOW,NONE,2.8,,0
CVE-2026-29924,2026-03-30,3.1,7.6,HIGH,NETWORK,LOW,LOW,NONE,2.8,getgrav:grav,1
CVE-2026-29925,2026-03-30,3.1,7.7,HIGH,NETWORK,LOW,LOW,NONE,3.1,invoiceninja:invoice_ninja,1
CVE-2026-34714,2026-03-30,3.1,9.2,CRITICAL,LOCAL,LOW,NONE,NONE,2.5,vim:vim,1
CVE-2026-3502,2026-03-30,3.1,7.8,HIGH,ADJACENT,LOW,HIGH,REQUIRED,1.2,trueconf:trueconf,1
CVE-2026-3991,2026-03-30,3.1,7.8,HIGH,LOCAL,LOW,LOW,NONE,1.8,,0
CVE-2026-5147,2026-03-30,3.1,7.3,HIGH,NETWORK,LOW,NONE,NONE,3.9,,0
CVE-2026-21710,2026-03-30,3.1,7.5,HIGH,NETWORK,LOW,NONE,NONE,3.9,,0
CVE-2026-21711,2026-03-30,3.0,5.3,MEDIUM,LOCAL,LOW,LOW,NONE,1.8,,0
CVE-2026-21713,2026-03-30,3.0,5.9,MEDIUM,NETWORK,HIGH,NONE,NONE,2.2,,0
CVE-2026-21714,2026-03-30,3.0,5.3,MEDIUM,NETWORK,LOW,NONE,NONE,3.9,,0
CVE-2026-21715,2026-03-30,3.0,3.3,LOW,LOCAL,LOW,LOW,NONE,1.8,,0
CVE-2026-21716,2026-03-30,3.0,3.3,LOW,LOCAL,LOW,LOW,NONE,1.8,,0
CVE-2026-21717,2026-03-30,3.0,5.9,MEDIUM,NETWORK,HIGH,NONE,NONE,2.2,,0
CVE-2026-28505,2026-03-30,3.1,10.0,CRITICAL,NETWORK,LOW,NONE,NONE,3.9,tautulli:tautulli,1
CVE-2026-30305,2026-03-30,3.1,9.8,CRITICAL,NETWORK,LOW,NONE,NONE,3.9,orangecat:syntx,1
CVE-2026-30307,2026-03-30,3.1,9.8,CRITICAL,NETWORK,LOW,NONE,NONE,3.9,roocode:roo_code,1
CVE-2026-31799,2026-03-30,3.1,4.9,MEDIUM,NETWORK,LOW,HIGH,NONE,1.2,tautulli:tautulli,1
CVE-2026-31804,2026-03-30,3.1,4.0,MEDIUM,NETWORK,HIGH,NONE,NONE,2.2,tautulli:tautulli,1
CVE-2026-31831,2026-03-30,3.1,7.5,HIGH,NETWORK,LOW,NONE,NONE,3.9,tautulli:tautulli,1
CVE-2026-32275,2026-03-30,3.1,9.1,CRITICAL,NETWORK,LOW,NONE,NONE,3.9,tautulli:tautulli,1
CVE-2026-33026,2026-03-30,3.1,9.1,CRITICAL,NETWORK,LOW,HIGH,NONE,2.3,nginxui:nginx_ui,1
CVE-2026-5148,2026-03-30,3.1,4.7,MEDIUM,NETWORK,LOW,HIGH,NONE,1.2,,0
CVE-2026-5150,2026-03-30,3.1,7.3,HIGH,NETWORK,LOW,NONE,NONE,3.9,,0
CVE-2026-25627,2026-03-30,3.1,6.5,MEDIUM,NETWORK,LOW,LOW,NONE,2.8,emqx:nanomq,1
CVE-2026-27018,2026-03-30,3.1,7.5,HIGH,NETWORK,LOW,NONE,NONE,3.9,thecodingmachine:gotenberg,1
CVE-2026-27599,2026-03-30,3.1,4.7,MEDIUM,NETWORK,LOW,HIGH,NONE,1.2,ci4-cms-erp:ci4ms,1
CVE-2026-28228,2026-03-30,3.1,8.8,HIGH,NETWORK,LOW,LOW,NONE,2.8,frentix:openolat,1
CVE-2026-30306,2026-03-30,3.1,9.8,CRITICAL,NETWORK,LOW,NONE,NONE,3.9,rahmanazhar:sakadev,1
CVE-2026-30308,2026-03-30,3.1,9.8,CRITICAL,NETWORK,LOW,NONE,NONE,3.9,presidio:hai_build,1
CVE-2026-30313,2026-03-30,3.1,9.8,CRITICAL,NETWORK,LOW,NONE,NONE,3.9,cline:cline,1
CVE-2026-31946,2026-03-30,3.1,9.8,CRITICAL,NETWORK,LOW,NONE,NONE,3.9,frentix:openolat,1
CVE-2026-32696,2026-03-30,3.1,3.1,LOW,NETWORK,HIGH,NONE,REQUIRED,1.6,emqx:nanomq,1
CVE-2026-32877,2026-03-30,3.1,8.2,HIGH,NETWORK,LOW,NONE,NONE,3.9,botan_project:botan,1
CVE-2026-32883,2026-03-30,3.1,5.9,MEDIUM,NETWORK,HIGH,NONE,NONE,2.2,botan_project:botan,1
CVE-2026-32884,2026-03-30,3.1,5.9,MEDIUM,NETWORK,HIGH,NONE,NONE,2.2,botan_project:botan,1
CVE-2026-34557,2026-03-30,3.1,9.1,CRITICAL,NETWORK,LOW,LOW,NONE,3.1,ci4-cms-erp:ci4ms,1
CVE-2026-34558,2026-03-30,3.1,9.1,CRITICAL,NETWORK,LOW,LOW,NONE,3.1,ci4-cms-erp:ci4ms,1
CVE-2026-4789,2026-03-30,3.1,9.8,CRITICAL,NETWORK,LOW,NONE,NONE,3.9,kyverno:kyverno,1
CVE-2026-5152,2026-03-30,3.1,8.8,HIGH,NETWORK,LOW,LOW,NONE,2.8,tenda:ch22_firmware,1
CVE-2026-32794,2026-03-30,3.1,4.8,MEDIUM,NETWORK,HIGH,NONE,NONE,2.2,apache:airflow_providers_databricks,1
CVE-2026-33952,2026-03-30,3.1,6.5,MEDIUM,NETWORK,LOW,NONE,REQUIRED,2.8,freerdp:freerdp,1
CVE-2026-33977,2026-03-30,3.1,6.5,MEDIUM,NETWORK,LOW,NONE,REQUIRED,2.8,freerdp:freerdp,1
CVE-2026-33982,2026-03-30,3.1,7.1,HIGH,LOCAL,LOW,NONE,REQUIRED,1.8,freerdp:freerdp,1
CVE-2026-33983,2026-03-30,3.1,6.5,MEDIUM,NETWORK,LOW,NONE,REQUIRED,2.8,freerdp:freerdp,1
CVE-2026-33984,2026-03-30,3.1,7.5,HIGH,NETWORK,HIGH,NONE,REQUIRED,1.6,freerdp:freerdp,1
CVE-2026-33985,2026-03-30,3.1,5.9,MEDIUM,NETWORK,HIGH,NONE,REQUIRED,1.6,freerdp:freerdp,1
CVE-2026-33986,2026-03-30,3.1,7.5,HIGH,NETWORK,HIGH,NONE,REQUIRED,1.6,freerdp:freerdp,1
CVE-2026-33987,2026-03-30,3.1,7.1,HIGH,LOCAL,LOW,NONE,REQUIRED,1.8,freerdp:freerdp,1
CVE-2026-33995,2026-03-30,3.1,5.3,MEDIUM,NETWORK,LOW,NONE,NONE,3.9,freerdp:freerdp,1
CVE-2026-4257,2026-03-30,3.1,9.8,CRITICAL,NETWORK,LOW,NONE,NONE,3.9,,0
CVE-2026-5153,2026-03-30,3.1,6.3,MEDIUM,NETWORK,LOW,LOW,NONE,2.8,tenda:ch22_firmware,1
CVE-2026-5130,2026-03-30,3.1,8.8,HIGH,NETWORK,LOW,LOW,NONE,2.8,,0
CVE-2026-5154,2026-03-30,3.1,8.8,HIGH,NETWORK,LOW,LOW,NONE,2.8,tenda:ch22_firmware,1
CVE-2026-5155,2026-03-30,3.1,8.8,HIGH,NETWORK,LOW,LOW,NONE,2.8,tenda:ch22_firmware,1
CVE-2026-5156,2026-03-31,3.1,8.8,HIGH,NETWORK,LOW,LOW,NONE,2.8,tenda:ch22_firmware,1
CVE-2026-5157,2026-03-31,3.1,4.3,MEDIUM,NETWORK,LOW,NONE,REQUIRED,2.8,,0
CVE-2025-32957,2026-03-31,3.1,8.7,HIGH,NETWORK,LOW,HIGH,NONE,2.3,basercms:basercms,1
CVE-2026-21861,2026-03-31,3.1,9.1,CRITICAL,NETWORK,LOW,HIGH,NONE,2.3,basercms:basercms,1
CVE-2026-27697,2026-03-31,3.1,9.8,CRITICAL,NETWORK,LOW,NONE,NONE,3.9,basercms:basercms,1
CVE-2026-30877,2026-03-31,3.1,9.1,CRITICAL,NETWORK,LOW,HIGH,NONE,2.3,basercms:basercms,1
CVE-2026-30878,2026-03-31,3.1,5.3,MEDIUM,NETWORK,LOW,NONE,NONE,3.9,basercms:basercms,1
CVE-2026-30879,2026-03-31,3.1,6.1,MEDIUM,NETWORK,LOW,NONE,REQUIRED,2.8,basercms:basercms,1
CVE-2026-30880,2026-03-31,3.1,9.8,CRITICAL,NETWORK,LOW,NONE,NONE,3.9,basercms:basercms,1
CVE-2026-30940,2026-03-31,3.1,7.2,HIGH,NETWORK,LOW,HIGH,NONE,1.2,basercms:basercms,1
CVE-2026-32734,2026-03-31,3.1,7.1,HIGH,NETWORK,LOW,NONE,REQUIRED,2.8,basercms:basercms,1
CVE-2026-4794,2026-03-31,3.1,4.8,MEDIUM,NETWORK,LOW,HIGH,REQUIRED,1.7,papercut:papercut_mf|papercut:papercut_ng,2
CVE-2026-5115,2026-03-31,3.1,7.5,HIGH,NETWORK,LOW,NONE,NONE,3.9,papercut:papercut_mf|papercut:papercut_mf_konica_minolta,2
CVE-2026-3300,2026-03-31,3.1,9.8,CRITICAL,NETWORK,LOW,NONE,NONE,3.9,,0
CVE-2026-4020,2026-03-31,3.1,7.5,HIGH,NETWORK,LOW,NONE,NONE,3.9,,0
CVE-2026-5176,2026-03-31,3.1,7.3,HIGH,NETWORK,LOW,NONE,NONE,3.9,totolink:a3300r_firmware,1
CVE-2026-32714,2026-03-31,3.1,9.8,CRITICAL,NETWORK,LOW,NONE,NONE,3.9,scitokens:scitokens_library,1
CVE-2026-32716,2026-03-31,3.1,8.1,HIGH,NETWORK,LOW,LOW,NONE,2.8,scitokens:scitokens_library,1
CVE-2026-32727,2026-03-31,3.1,8.1,HIGH,NETWORK,LOW,LOW,NONE,2.8,scitokens:scitokens_library,1
CVE-2026-33997,2026-03-31,3.1,6.8,MEDIUM,NETWORK,HIGH,NONE,REQUIRED,1.6,docker:engine,1
CVE-2026-34036,2026-03-31,3.1,6.5,MEDIUM,NETWORK,LOW,LOW,NONE,2.8,dolibarr:dolibarr_erp\/crm,1
CVE-2026-34040,2026-03-31,3.1,8.8,HIGH,LOCAL,LOW,LOW,NONE,2.0,docker:engine,1
CVE-2026-34041,2026-03-31,3.1,9.8,CRITICAL,NETWORK,LOW,NONE,NONE,3.9,nektos:act,1
CVE-2026-34042,2026-03-31,3.1,8.2,HIGH,NETWORK,LOW,NONE,REQUIRED,2.8,,0
CVE-2026-34043,2026-03-31,3.1,5.9,MEDIUM,NETWORK,HIGH,NONE,NONE,2.2,yahoo:serialize,1
CVE-2026-34054,2026-03-31,3.1,7.8,HIGH,LOCAL,LOW,LOW,NONE,1.8,,0
CVE-2026-34060,2026-03-31,3.1,9.8,CRITICAL,NETWORK,LOW,NONE,NONE,3.9,shopify:ruby_lsp,1
CVE-2026-34070,2026-03-31,3.1,7.5,HIGH,NETWORK,LOW,NONE,NONE,3.9,langchain:langchain_core,1
CVE-2026-34073,2026-03-31,3.1,5.3,MEDIUM,NETWORK,LOW,NONE,NONE,3.9,cryptography.io:cryptography,1
CVE-2026-5177,2026-03-31,3.1,6.3,MEDIUM,NETWORK,LOW,LOW,NONE,2.8,totolink:a3300r_firmware,1
CVE-2026-5178,2026-03-31,3.1,6.3,MEDIUM,NETWORK,LOW,LOW,NONE,2.8,totolink:a3300r_firmware,1
CVE-2026-1710,2026-03-31,3.1,6.5,MEDIUM,NETWORK,LOW,NONE,NONE,3.9,,0
CVE-2026-1797,2026-03-31,3.1,5.3,MEDIUM,NETWORK,LOW,NONE,NONE,3.9,,0
CVE-2026-4146,2026-03-31,3.1,6.1,MEDIUM,NETWORK,LOW,NONE,REQUIRED,2.8,,0
CVE-2026-5179,2026-03-31,3.1,7.3,HIGH,NETWORK,LOW,NONE,NONE,3.9,,0
CVE-2026-5180,2026-03-31,3.1,7.3,HIGH,NETWORK,LOW,NONE,NONE,3.9,,0
CVE-2026-5181,2026-03-31,3.1,6.3,MEDIUM,NETWORK,LOW,LOW,NONE,2.8,,0
CVE-2026-1834,2026-03-31,3.1,6.4,MEDIUM,NETWORK,LOW,LOW,NONE,3.1,,0
CVE-2026-1877,2026-03-31,3.1,6.1,MEDIUM,NETWORK,LOW,NONE,REQUIRED,2.8,,0
CVE-2026-34881,2026-03-31,3.1,5.0,MEDIUM,NETWORK,LOW,LOW,NONE,3.1,openstack:glance,1
CVE-2026-5182,2026-03-31,3.1,7.3,HIGH,NETWORK,LOW,NONE,NONE,3.9,,0
CVE-2026-5183,2026-03-31,3.1,6.3,MEDIUM,NETWORK,LOW,LOW,NONE,2.8,trendnet:tew-713re_firmware,1
CVE-2026-3881,2026-03-31,3.1,5.8,MEDIUM,NETWORK,LOW,NONE,NONE,3.9,,0
CVE-2026-5184,2026-03-31,3.1,6.3,MEDIUM,NETWORK,LOW,LOW,NONE,2.8,trendnet:tew-713re_firmware,1
CVE-2026-5185,2026-03-31,3.1,5.3,MEDIUM,LOCAL,LOW,LOW,NONE,1.8,,0
CVE-2026-5186,2026-03-31,3.1,5.3,MEDIUM,LOCAL,LOW,LOW,NONE,1.8,,0
CVE-2025-10551,2026-03-31,3.1,8.7,HIGH,NETWORK,LOW,LOW,REQUIRED,2.3,3ds:3dexperience,1
CVE-2025-10553,2026-03-31,3.1,8.7,HIGH,NETWORK,LOW,LOW,REQUIRED,2.3,3ds:3dexperience,1
CVE-2025-10559,2026-03-31,3.1,7.1,HIGH,NETWORK,LOW,LOW,NONE,2.8,3ds:3dexperience,1
CVE-2025-41355,2026-03-31,3.1,6.1,MEDIUM,NETWORK,LOW,NONE,REQUIRED,2.8,anonproxyserver:anon_proxy_server,1
CVE-2025-41356,2026-03-31,3.1,6.1,MEDIUM,NETWORK,LOW,NONE,REQUIRED,2.8,anonproxyserver:anon_proxy_server,1
CVE-2025-41357,2026-03-31,3.1,6.1,MEDIUM,NETWORK,LOW,NONE,REQUIRED,2.8,anonproxyserver:anon_proxy_server,1
CVE-2026-3106,2026-03-31,3.1,5.4,MEDIUM,NETWORK,LOW,LOW,REQUIRED,2.3,teampass:teampass,1
CVE-2026-3107,2026-03-31,3.1,5.4,MEDIUM,NETWORK,LOW,LOW,REQUIRED,2.3,teampass:teampass,1
CVE-2026-5195,2026-03-31,3.1,7.3,HIGH,NETWORK,LOW,NONE,NONE,3.9,,0
CVE-2026-5196,2026-03-31,3.1,6.3,MEDIUM,NETWORK,LOW,LOW,NONE,2.8,,0
CVE-2026-5201,2026-03-31,3.1,7.5,HIGH,NETWORK,LOW,NONE,NONE,3.9,gnome:gdk-pixbuf|redhat:enterprise_linux|redhat:enterprise_linux_server_aus|redhat:enterprise_linux_server_tus,4
CVE-2026-5197,2026-03-31,3.1,6.3,MEDIUM,NETWORK,LOW,LOW,NONE,2.8,,0
CVE-2025-15618,2026-03-31,3.1,9.1,CRITICAL,NETWORK,LOW,NONE,NONE,3.9,mock:business\,1
CVE-2026-34887,2026-03-31,3.1,6.5,MEDIUM,NETWORK,LOW,LOW,REQUIRED,2.3,,0
CVE-2026-4399,2026-03-31,3.1,7.5,HIGH,NETWORK,LOW,NONE,NONE,3.9,1millionbot:millie_chatbot,1
CVE-2026-4400,2026-03-31,3.1,6.5,MEDIUM,NETWORK,HIGH,NONE,NONE,2.2,1millionbot:millie_chatbot,1
CVE-2024-14030,2026-03-31,3.1,8.1,HIGH,NETWORK,HIGH,NONE,NONE,2.2,yves:sereal\,1
CVE-2024-14031,2026-03-31,3.1,8.1,HIGH,NETWORK,HIGH,NONE,NONE,2.2,yves:sereal\,1
CVE-2026-0396,2026-03-31,3.1,3.1,LOW,NETWORK,HIGH,NONE,REQUIRED,1.6,powerdns:dnsdist,1
CVE-2026-0397,2026-03-31,3.1,3.1,LOW,NETWORK,HIGH,NONE,REQUIRED,1.6,powerdns:dnsdist,1
CVE-2026-24028,2026-03-31,3.1,5.3,MEDIUM,NETWORK,LOW,NONE,NONE,3.9,powerdns:dnsdist,1
CVE-2026-24029,2026-03-31,3.1,6.5,MEDIUM,NETWORK,LOW,NONE,NONE,3.9,powerdns:dnsdist,1
CVE-2026-24030,2026-03-31,3.1,5.3,MEDIUM,NETWORK,LOW,NONE,NONE,3.9,powerdns:dnsdist,1
CVE-2026-27853,2026-03-31,3.1,5.9,MEDIUM,NETWORK,HIGH,NONE,NONE,2.2,powerdns:dnsdist,1
CVE-2026-27854,2026-03-31,3.1,4.8,MEDIUM,NETWORK,HIGH,NONE,NONE,2.2,powerdns:dnsdist,1
CVE-2026-32916,2026-03-31,3.1,9.4,CRITICAL,NETWORK,LOW,NONE,NONE,3.9,openclaw:openclaw,1
CVE-2026-32917,2026-03-31,3.1,9.8,CRITICAL,NETWORK,LOW,NONE,NONE,3.9,openclaw:openclaw,1
CVE-2026-32920,2026-03-31,3.1,8.4,HIGH,LOCAL,LOW,NONE,NONE,2.5,openclaw:openclaw,1
CVE-2026-32921,2026-03-31,3.1,6.3,MEDIUM,NETWORK,LOW,LOW,NONE,2.8,openclaw:openclaw,1
CVE-2026-32970,2026-03-31,3.1,2.5,LOW,LOCAL,HIGH,LOW,NONE,1.0,openclaw:openclaw,1
CVE-2026-32971,2026-03-31,3.1,7.1,HIGH,NETWORK,HIGH,LOW,REQUIRED,1.2,openclaw:openclaw,1
CVE-2026-32976,2026-03-31,3.1,6.5,MEDIUM,NETWORK,LOW,LOW,NONE,2.8,openclaw:openclaw,1
CVE-2026-32977,2026-03-31,3.1,6.3,MEDIUM,LOCAL,HIGH,LOW,NONE,1.0,openclaw:openclaw,1
CVE-2026-32982,2026-03-31,3.1,7.5,HIGH,NETWORK,LOW,NONE,NONE,3.9,openclaw:openclaw,1
CVE-2026-32988,2026-03-31,3.1,7.5,HIGH,LOCAL,HIGH,LOW,NONE,1.1,openclaw:openclaw,1
CVE-2026-34505,2026-03-31,3.1,6.5,MEDIUM,NETWORK,LOW,NONE,NONE,3.9,openclaw:openclaw,1
CVE-2026-34506,2026-03-31,3.1,4.3,MEDIUM,NETWORK,LOW,LOW,NONE,2.8,openclaw:openclaw,1
CVE-2026-3139,2026-03-31,3.1,4.3,MEDIUM,NETWORK,LOW,LOW,NONE,2.8,,0
CVE-2026-3191,2026-03-31,3.1,5.4,MEDIUM,NETWORK,LOW,NONE,REQUIRED,2.8,,0
CVE-2026-4267,2026-03-31,3.1,7.2,HIGH,NETWORK,LOW,NONE,NONE,3.9,,0
CVE-2026-5198,2026-03-31,3.1,7.3,HIGH,NETWORK,LOW,NONE,NONE,3.9,,0
CVE-2026-30310,2026-03-31,3.1,9.8,CRITICAL,NETWORK,LOW,NONE,NONE,3.9,,0
CVE-2026-34155,2026-03-31,3.1,5.3,MEDIUM,NETWORK,LOW,NONE,NONE,3.9,pengutronix:rauc,1
CVE-2026-34156,2026-03-31,3.1,9.9,CRITICAL,NETWORK,LOW,LOW,NONE,3.1,nocobase:nocobase,1
CVE-2026-3308,2026-03-31,3.1,7.8,HIGH,LOCAL,LOW,NONE,REQUIRED,1.8,,0
CVE-2026-0596,2026-03-31,3.1,7.8,HIGH,LOCAL,LOW,LOW,NONE,1.8,lfprojects:mlflow,1
CVE-2026-20915,2026-03-31,3.1,5.4,MEDIUM,NETWORK,LOW,LOW,REQUIRED,2.3,checkmk:checkmk,1
CVE-2026-29870,2026-03-31,3.1,7.6,HIGH,NETWORK,LOW,LOW,NONE,2.8,,0
CVE-2026-30309,2026-03-31,3.1,7.8,HIGH,LOCAL,LOW,NONE,REQUIRED,1.8,tokfinity:infcode,1
CVE-2026-30311,2026-03-31,3.1,9.8,CRITICAL,NETWORK,LOW,NONE,NONE,3.9,ridvay:auto-approval_module,1
CVE-2026-30312,2026-03-31,3.1,9.8,CRITICAL,NETWORK,LOW,NONE,NONE,3.9,,0
CVE-2026-30314,2026-03-31,3.1,9.8,CRITICAL,NETWORK,LOW,NONE,NONE,3.9,ridvay:auto-approval_module,1
CVE-2026-33276,2026-03-31,3.1,5.4,MEDIUM,NETWORK,LOW,LOW,REQUIRED,2.3,checkmk:checkmk,1
CVE-2026-33576,2026-03-31,3.1,6.5,MEDIUM,NETWORK,LOW,NONE,NONE,3.9,openclaw:openclaw,1
CVE-2026-33577,2026-03-31,3.1,8.1,HIGH,NETWORK,LOW,LOW,NONE,2.8,openclaw:openclaw,1
CVE-2026-33578,2026-03-31,3.1,4.3,MEDIUM,NETWORK,LOW,LOW,NONE,2.8,openclaw:openclaw,1
CVE-2026-33579,2026-03-31,3.1,9.9,CRITICAL,NETWORK,LOW,LOW,NONE,3.1,openclaw:openclaw,1
CVE-2026-33580,2026-03-31,3.1,6.5,MEDIUM,NETWORK,LOW,NONE,NONE,3.9,openclaw:openclaw,1
CVE-2026-33581,2026-03-31,3.1,6.5,MEDIUM,NETWORK,LOW,LOW,NONE,2.8,openclaw:openclaw,1
CVE-2026-33762,2026-03-31,3.1,2.8,LOW,LOCAL,LOW,LOW,REQUIRED,1.3,go-git_project:go-git,1
CVE-2026-34162,2026-03-31,3.1,10.0,CRITICAL,NETWORK,LOW,NONE,NONE,3.9,fastgpt:fastgpt,1
CVE-2026-34163,2026-03-31,3.1,7.7,HIGH,NETWORK,LOW,LOW,NONE,3.1,fastgpt:fastgpt,1
CVE-2026-34165,2026-03-31,3.1,5.0,MEDIUM,LOCAL,LOW,LOW,REQUIRED,1.3,go-git_project:go-git,1
CVE-2026-34172,2026-03-31,3.1,8.8,HIGH,NETWORK,LOW,LOW,NONE,2.8,giskard:giskard-agent|giskard:giskard-agents,2
CVE-2026-34200,2026-03-31,3.1,7.5,HIGH,NETWORK,HIGH,NONE,REQUIRED,1.6,nhost:cli,1
CVE-2026-34202,2026-03-31,3.1,7.5,HIGH,NETWORK,LOW,NONE,NONE,3.9,zfnd:zebra|zfnd:zebra-chain,2
CVE-2026-34209,2026-03-31,3.1,7.5,HIGH,NETWORK,LOW,NONE,NONE,3.9,wevm:mppx,1
CVE-2026-34210,2026-03-31,3.1,8.1,HIGH,NETWORK,LOW,LOW,NONE,2.8,wevm:mppx,1
CVE-2026-34214,2026-03-31,3.1,7.7,HIGH,NETWORK,LOW,LOW,NONE,3.1,trino:trino,1
CVE-2026-34224,2026-03-31,3.1,4.4,MEDIUM,NETWORK,HIGH,HIGH,NONE,0.7,parseplatform:parse-server,1
CVE-2026-34363,2026-03-31,3.1,5.3,MEDIUM,NETWORK,HIGH,LOW,NONE,1.6,parseplatform:parse-server,1
CVE-2026-34373,2026-03-31,3.1,8.8,HIGH,NETWORK,LOW,NONE,REQUIRED,2.8,parseplatform:parse-server,1
CVE-2026-34377,2026-03-31,3.1,8.1,HIGH,NETWORK,LOW,LOW,NONE,2.8,zfnd:zebra|zfnd:zebra-consensus,2
CVE-2026-34503,2026-03-31,3.1,8.1,HIGH,NETWORK,LOW,LOW,NONE,2.8,openclaw:openclaw,1
CVE-2026-34504,2026-03-31,3.1,8.3,HIGH,NETWORK,LOW,NONE,NONE,3.9,openclaw:openclaw,1
CVE-2026-34532,2026-03-31,3.1,9.1,CRITICAL,NETWORK,LOW,NONE,NONE,3.9,parseplatform:parse-server,1
CVE-2026-4799,2026-03-31,3.1,4.3,MEDIUM,NETWORK,LOW,NONE,REQUIRED,2.8,search-guard:flx,1
CVE-2026-22561,2026-03-31,3.1,7.8,HIGH,LOCAL,LOW,NONE,REQUIRED,1.8,anthropic:claude,1
CVE-2026-22569,2026-03-31,3.1,5.4,MEDIUM,NETWORK,LOW,NONE,REQUIRED,2.8,zscaler:client_connector,1
CVE-2026-30276,2026-03-31,3.1,9.8,CRITICAL,NETWORK,LOW,NONE,NONE,3.9,deftpdf:document_translator,1
CVE-2026-30281,2026-03-31,3.1,9.8,CRITICAL,NETWORK,LOW,NONE,NONE,3.9,maru:neo.maru,1
CVE-2026-30284,2026-03-31,3.1,8.6,HIGH,LOCAL,LOW,NONE,REQUIRED,1.8,uxgroupllc:voice_recorder,1
CVE-2026-34218,2026-03-31,3.1,5.5,MEDIUM,LOCAL,LOW,LOW,NONE,1.8,craigjbass:clearancekit,1
CVE-2026-34219,2026-03-31,3.1,5.9,MEDIUM,NETWORK,HIGH,NONE,NONE,2.2,protocol:libp2p-gossipsub,1
CVE-2026-34220,2026-03-31,3.1,9.8,CRITICAL,NETWORK,LOW,NONE,NONE,3.9,mikro-orm:mikroorm,1
CVE-2026-34221,2026-03-31,3.1,9.1,CRITICAL,NETWORK,LOW,NONE,NONE,3.9,mikro-orm:mikroorm,1
CVE-2026-34227,2026-03-31,3.1,8.8,HIGH,NETWORK,LOW,NONE,REQUIRED,2.8,bishopfox:sliver,1
CVE-2026-34231,2026-03-31,3.1,6.1,MEDIUM,NETWORK,LOW,NONE,REQUIRED,2.8,django:slippers,1
CVE-2026-34235,2026-03-31,3.1,9.1,CRITICAL,NETWORK,LOW,NONE,NONE,3.9,teluu:pjsip,1
CVE-2026-34237,2026-03-31,3.1,6.1,MEDIUM,NETWORK,LOW,NONE,REQUIRED,2.8,lfprojects:mcp_java_sdk,1
CVE-2026-34240,2026-03-31,3.1,7.5,HIGH,NETWORK,LOW,NONE,NONE,3.9,appsup-dart:jose,1
CVE-2026-34243,2026-03-31,3.1,9.8,CRITICAL,NETWORK,LOW,NONE,NONE,3.9,njzjz:wenxian,1
CVE-2026-34573,2026-03-31,3.1,7.5,HIGH,NETWORK,LOW,NONE,NONE,3.9,parseplatform:parse-server,1
CVE-2026-34574,2026-03-31,3.1,5.4,MEDIUM,NETWORK,LOW,LOW,NONE,2.8,parseplatform:parse-server,1
CVE-2026-34595,2026-03-31,3.1,4.3,MEDIUM,NETWORK,LOW,LOW,NONE,2.8,parseplatform:parse-server,1
CVE-2026-4818,2026-03-31,3.1,6.8,MEDIUM,NETWORK,HIGH,LOW,NONE,1.6,search-guard:flx,1
CVE-2026-4819,2026-03-31,3.1,4.9,MEDIUM,NETWORK,LOW,HIGH,NONE,1.2,search-guard:flx,1
CVE-2026-5087,2026-03-31,3.1,7.5,HIGH,NETWORK,LOW,NONE,NONE,3.9,jjnapiork:pagi\,1
CVE-2026-5203,2026-03-31,3.1,4.7,MEDIUM,NETWORK,LOW,HIGH,NONE,1.2,,0
CVE-2026-5204,2026-03-31,3.1,8.8,HIGH,NETWORK,LOW,LOW,NONE,2.8,tenda:ch22_firmware,1
CVE-2026-24148,2026-03-31,3.1,8.3,HIGH,NETWORK,LOW,LOW,NONE,2.8,nvidia:jetson_linux,1
CVE-2026-24153,2026-03-31,3.1,5.2,MEDIUM,PHYSICAL,LOW,LOW,NONE,0.7,nvidia:jetson_linux,1
CVE-2026-24154,2026-03-31,3.1,7.6,HIGH,PHYSICAL,LOW,NONE,NONE,0.9,nvidia:jetson_linux,1
CVE-2026-24164,2026-03-31,3.1,8.8,HIGH,NETWORK,LOW,NONE,REQUIRED,2.8,nvidia:bionemo_framework,1
CVE-2026-24165,2026-03-31,3.1,7.8,HIGH,LOCAL,LOW,NONE,REQUIRED,1.8,nvidia:bionemo_framework,1
CVE-2026-34359,2026-03-31,3.1,7.4,HIGH,NETWORK,HIGH,NONE,NONE,2.2,hapifhir:hl7_fhir_core,1
CVE-2026-34360,2026-03-31,3.1,5.8,MEDIUM,NETWORK,LOW,NONE,NONE,3.9,hapifhir:hl7_fhir_core,1
CVE-2026-34361,2026-03-31,3.1,9.3,CRITICAL,NETWORK,LOW,NONE,NONE,3.9,hapifhir:hl7_fhir_core,1
CVE-2026-5205,2026-03-31,3.1,6.3,MEDIUM,NETWORK,LOW,LOW,NONE,2.8,,0
CVE-2025-62184,2026-03-31,3.1,3.4,LOW,NETWORK,LOW,HIGH,REQUIRED,1.7,pega:pega_platform,1
CVE-2026-2123,2026-03-31,3.1,7.8,HIGH,LOCAL,LOW,LOW,NONE,1.8,microfocus:operations_agent,1
CVE-2026-30277,2026-03-31,3.1,8.4,HIGH,LOCAL,LOW,NONE,NONE,2.5,triumph-adler:mobile_print,1
CVE-2026-30278,2026-03-31,3.1,9.8,CRITICAL,NETWORK,LOW,NONE,NONE,3.9,funair:fly_is_fun,1
CVE-2026-30279,2026-03-31,3.1,8.4,HIGH,LOCAL,LOW,NONE,NONE,2.5,squareapps:my_location,1
CVE-2026-30282,2026-03-31,3.1,9.0,CRITICAL,NETWORK,LOW,LOW,REQUIRED,2.3,uxgroupllc:cast_to_tv,1
CVE-2026-30283,2026-03-31,3.1,9.8,CRITICAL,NETWORK,LOW,NONE,NONE,3.9,peaksel:animal_sounds_and_ringtones,1
CVE-2026-30286,2026-03-31,3.1,9.8,CRITICAL,NETWORK,LOW,NONE,NONE,3.9,funambol:zefiro,1
CVE-2026-30520,2026-03-31,3.1,5.4,MEDIUM,NETWORK,LOW,LOW,NONE,2.8,oretnom23:loan_management_system,1
CVE-2026-32113,2026-03-31,3.1,6.1,MEDIUM,NETWORK,LOW,NONE,REQUIRED,2.8,discourse:discourse,1
CVE-2026-32143,2026-03-31,3.1,6.5,MEDIUM,NETWORK,LOW,LOW,NONE,2.8,discourse:discourse,1
CVE-2026-32243,2026-03-31,3.1,5.4,MEDIUM,NETWORK,LOW,LOW,REQUIRED,2.3,discourse:discourse,1
CVE-2026-32273,2026-03-31,3.1,5.4,MEDIUM,NETWORK,LOW,LOW,REQUIRED,2.3,discourse:discourse,1
CVE-2026-32607,2026-03-31,3.1,5.4,MEDIUM,NETWORK,LOW,LOW,REQUIRED,2.3,discourse:discourse,1
CVE-2026-32615,2026-03-31,3.1,5.4,MEDIUM,NETWORK,LOW,LOW,NONE,2.8,discourse:discourse,1
CVE-2026-32618,2026-03-31,3.1,4.3,MEDIUM,NETWORK,LOW,LOW,NONE,2.8,discourse:discourse,1
CVE-2026-32619,2026-03-31,3.1,4.3,MEDIUM,NETWORK,LOW,LOW,NONE,2.8,discourse:discourse,1
CVE-2026-32620,2026-03-31,3.1,4.3,MEDIUM,NETWORK,LOW,LOW,NONE,2.8,discourse:discourse,1
CVE-2026-32725,2026-03-31,3.1,8.3,HIGH,NETWORK,LOW,LOW,NONE,2.8,scitokens:scitokens_cpp_library,1
CVE-2026-32726,2026-03-31,3.1,8.1,HIGH,NETWORK,LOW,LOW,NONE,2.8,scitokens:scitokens_cpp_library,1
CVE-2026-32951,2026-03-31,3.1,4.3,MEDIUM,NETWORK,LOW,LOW,NONE,2.8,discourse:discourse,1
CVE-2026-33073,2026-03-31,3.1,5.3,MEDIUM,NETWORK,LOW,NONE,NONE,3.9,discourse:discourse,1
CVE-2026-33074,2026-03-31,3.1,5.3,MEDIUM,NETWORK,LOW,NONE,NONE,3.9,discourse:discourse,1
CVE-2026-33185,2026-03-31,3.1,5.0,MEDIUM,NETWORK,LOW,LOW,NONE,3.1,discourse:discourse,1
CVE-2026-33300,2026-03-31,3.1,6.5,MEDIUM,NETWORK,LOW,LOW,NONE,2.8,discourse:discourse,1
CVE-2026-33415,2026-03-31,3.1,2.7,LOW,NETWORK,LOW,HIGH,NONE,1.2,discourse:discourse,1
CVE-2026-5190,2026-03-31,3.1,7.5,HIGH,NETWORK,HIGH,NONE,REQUIRED,1.6,,0
CVE-2026-5206,2026-03-31,3.1,6.3,MEDIUM,NETWORK,LOW,LOW,NONE,2.8,,0
CVE-2026-30521,2026-03-31,3.1,6.5,MEDIUM,NETWORK,LOW,LOW,NONE,2.8,oretnom23:loan_management_system,1
CVE-2026-5209,2026-03-31,3.1,2.4,LOW,NETWORK,LOW,HIGH,REQUIRED,0.9,,0
CVE-2026-5210,2026-03-31,3.1,7.3,HIGH,NETWORK,LOW,NONE,NONE,3.9,,0
CVE-2026-2950,2026-03-31,3.1,6.5,MEDIUM,NETWORK,LOW,NONE,NONE,3.9,lodash:lodash|lodash:lodash-amd|lodash:lodash-es|lodash:lodash.unset,4
CVE-2026-30280,2026-03-31,3.1,5.3,MEDIUM,LOCAL,LOW,NONE,REQUIRED,1.8,rareprob:video_player,1
CVE-2026-30285,2026-03-31,3.1,9.8,CRITICAL,NETWORK,LOW,NONE,NONE,3.9,zora:zora,1
CVE-2026-30290,2026-03-31,3.1,8.4,HIGH,LOCAL,LOW,NONE,NONE,2.5,intouchapp:intouch_contacts_\&_caller_id,1
CVE-2026-34203,2026-03-31,3.1,2.7,LOW,NETWORK,LOW,HIGH,NONE,1.2,networktocode:nautobot,1
CVE-2026-34204,2026-03-31,3.1,7.1,HIGH,NETWORK,LOW,LOW,NONE,2.8,minio:minio,1
CVE-2026-34206,2026-03-31,3.1,6.1,MEDIUM,NETWORK,LOW,NONE,REQUIRED,2.8,libops:captcha_protect,1
CVE-2026-34215,2026-03-31,3.1,6.5,MEDIUM,NETWORK,LOW,LOW,NONE,2.8,parseplatform:parse-server,1
CVE-2026-34365,2026-03-31,3.1,7.6,HIGH,NETWORK,LOW,HIGH,NONE,2.3,invoiceshelf:invoiceshelf,1
CVE-2026-34784,2026-03-31,3.1,7.5,HIGH,NETWORK,LOW,NONE,NONE,3.9,parseplatform:parse-server,1
CVE-2026-4800,2026-03-31,3.1,8.1,HIGH,NETWORK,HIGH,NONE,NONE,2.2,lodash:lodash|lodash:lodash-amd|lodash:lodash-es|lodash:lodash.template,4
CVE-2026-5211,2026-03-31,3.1,8.8,HIGH,NETWORK,LOW,LOW,NONE,2.8,dlink:dnr-202l_firmware|dlink:dnr-326_firmware|dlink:dns-1100-4_firmware|dlink:dns-120_firmware|dlink:dns-1200-05_firmware|dlink:dns-1550-04_firmware|dlink:dns-315l_firmware|dlink:dns-320_firmware|dlink:dns-320l_firmware|dlink:dns-320lw_firmware|dlink:dns-321_firmware|dlink:dns-322l_firmware|dlink:dns-323_firmware|dlink:dns-325_firmware|dlink:dns-326_firmware|dlink:dns-327l_firmware|dlink:dns-340l_firmware|dlink:dns-343_firmware|dlink:dns-345_firmware|dlink:dns-726-4_firmware,20
CVE-2026-1579,2026-03-31,3.1,9.8,CRITICAL,NETWORK,LOW,NONE,NONE,3.9,px4:autopilot,1
CVE-2026-34366,2026-03-31,3.1,7.6,HIGH,NETWORK,LOW,HIGH,NONE,2.3,invoiceshelf:invoiceshelf,1
CVE-2026-34367,2026-03-31,3.1,7.6,HIGH,NETWORK,LOW,HIGH,NONE,2.3,invoiceshelf:invoiceshelf,1
CVE-2026-34372,2026-03-31,3.1,2.7,LOW,NETWORK,LOW,HIGH,NONE,1.2,sulu:sulu,1
CVE-2026-34381,2026-03-31,3.1,7.5,HIGH,NETWORK,LOW,NONE,NONE,3.9,admidio:admidio,1
CVE-2026-34382,2026-03-31,3.1,4.6,MEDIUM,NETWORK,LOW,LOW,REQUIRED,2.1,admidio:admidio,1
CVE-2026-34383,2026-03-31,3.1,4.3,MEDIUM,NETWORK,LOW,LOW,NONE,2.8,admidio:admidio,1
CVE-2026-34384,2026-03-31,3.1,4.5,MEDIUM,NETWORK,LOW,HIGH,REQUIRED,0.9,admidio:admidio,1
CVE-2026-34394,2026-03-31,3.1,8.1,HIGH,NETWORK,LOW,NONE,REQUIRED,2.8,wwbn:avideo,1
CVE-2026-34395,2026-03-31,3.1,6.5,MEDIUM,NETWORK,LOW,LOW,NONE,2.8,wwbn:avideo,1
CVE-2026-34396,2026-03-31,3.1,6.1,MEDIUM,NETWORK,LOW,NONE,REQUIRED,2.8,wwbn:avideo,1
CVE-2026-34586,2026-03-31,3.1,6.5,MEDIUM,NETWORK,LOW,LOW,NONE,2.8,pdfding:pdfding,1
CVE-2026-34611,2026-03-31,3.1,6.5,MEDIUM,NETWORK,LOW,NONE,REQUIRED,2.8,wwbn:avideo,1
CVE-2026-34613,2026-03-31,3.1,6.5,MEDIUM,NETWORK,LOW,NONE,REQUIRED,2.8,wwbn:avideo,1
CVE-2026-34716,2026-03-31,3.1,6.4,MEDIUM,NETWORK,LOW,LOW,NONE,3.1,wwbn:avideo,1
CVE-2026-34731,2026-03-31,3.1,7.5,HIGH,NETWORK,LOW,NONE,NONE,3.9,wwbn:avideo,1
CVE-2026-34732,2026-03-31,3.1,5.3,MEDIUM,NETWORK,LOW,NONE,NONE,3.9,wwbn:avideo,1
CVE-2026-34733,2026-03-31,3.1,6.5,MEDIUM,NETWORK,LOW,NONE,NONE,3.9,wwbn:avideo,1
CVE-2026-34737,2026-03-31,3.1,6.5,MEDIUM,NETWORK,LOW,LOW,NONE,2.8,wwbn:avideo,1
CVE-2026-34738,2026-03-31,3.1,4.3,MEDIUM,NETWORK,LOW,LOW,NONE,2.8,wwbn:avideo,1
CVE-2026-34739,2026-03-31,3.1,6.1,MEDIUM,NETWORK,LOW,NONE,REQUIRED,2.8,wwbn:avideo,1
CVE-2026-34740,2026-03-31,3.1,6.5,MEDIUM,NETWORK,LOW,LOW,NONE,2.8,wwbn:avideo,1
CVE-2026-3468,2026-03-31,3.1,4.8,MEDIUM,NETWORK,LOW,HIGH,REQUIRED,1.7,sonicwall:email_security,1
CVE-2026-3469,2026-03-31,3.1,2.7,LOW,NETWORK,LOW,HIGH,NONE,1.2,sonicwall:email_security,1
CVE-2026-3470,2026-03-31,3.1,3.8,LOW,NETWORK,LOW,HIGH,NONE,1.2,sonicwall:email_security,1
CVE-2026-5212,2026-03-31,3.1,8.8,HIGH,NETWORK,LOW,LOW,NONE,2.8,dlink:dnr-202l_firmware|dlink:dnr-326_firmware|dlink:dns-1100-4_firmware|dlink:dns-120_firmware|dlink:dns-1200-05_firmware|dlink:dns-1550-04_firmware|dlink:dns-315l_firmware|dlink:dns-320_firmware|dlink:dns-320l_firmware|dlink:dns-320lw_firmware|dlink:dns-321_firmware|dlink:dns-322l_firmware|dlink:dns-323_firmware|dlink:dns-325_firmware|dlink:dns-326_firmware|dlink:dns-327l_firmware|dlink:dns-340l_firmware|dlink:dns-343_firmware|dlink:dns-345_firmware|dlink:dns-726-4_firmware,20
CVE-2026-5213,2026-03-31,3.1,8.8,HIGH,NETWORK,LOW,LOW,NONE,2.8,dlink:dnr-202l_firmware|dlink:dnr-326_firmware|dlink:dns-1100-4_firmware|dlink:dns-120_firmware|dlink:dns-1200-05_firmware|dlink:dns-1550-04_firmware|dlink:dns-315l_firmware|dlink:dns-320_firmware|dlink:dns-320l_firmware|dlink:dns-320lw_firmware|dlink:dns-321_firmware|dlink:dns-322l_firmware|dlink:dns-323_firmware|dlink:dns-325_firmware|dlink:dns-326_firmware|dlink:dns-327l_firmware|dlink:dns-340l_firmware|dlink:dns-343_firmware|dlink:dns-345_firmware|dlink:dns-726-4_firmware,20
CVE-2026-34400,2026-03-31,3.1,9.8,CRITICAL,NETWORK,LOW,NONE,NONE,3.9,alerta_project:alerta,1
CVE-2026-34401,2026-03-31,3.1,6.5,MEDIUM,NETWORK,LOW,NONE,REQUIRED,2.8,microsoft:xml_notepad,1
CVE-2026-34404,2026-03-31,3.1,7.5,HIGH,NETWORK,LOW,NONE,NONE,3.9,nuxt:og_image,1
CVE-2026-34405,2026-03-31,3.1,6.1,MEDIUM,NETWORK,LOW,NONE,REQUIRED,2.8,nuxt:og_image,1
CVE-2026-34406,2026-03-31,3.1,8.8,HIGH,NETWORK,LOW,LOW,NONE,2.8,aptrs:aptrs,1
CVE-2026-34441,2026-03-31,3.1,4.8,MEDIUM,NETWORK,HIGH,NONE,NONE,2.2,yhirose:cpp-httplib,1
CVE-2026-34442,2026-03-31,3.1,5.4,MEDIUM,NETWORK,LOW,NONE,REQUIRED,2.8,freescout:freescout,1
CVE-2026-34443,2026-03-31,3.1,5.3,MEDIUM,NETWORK,LOW,NONE,NONE,3.9,freescout:freescout,1
CVE-2026-34448,2026-03-31,3.1,9.0,CRITICAL,NETWORK,LOW,LOW,REQUIRED,2.3,b3log:siyuan,1
CVE-2026-34449,2026-03-31,3.1,9.6,CRITICAL,NETWORK,LOW,NONE,REQUIRED,2.8,b3log:siyuan,1
CVE-2026-34450,2026-03-31,3.1,4.4,MEDIUM,LOCAL,LOW,LOW,NONE,1.8,anthropic:claude_sdk_for_python,1
CVE-2026-34451,2026-03-31,3.1,5.4,MEDIUM,NETWORK,HIGH,NONE,NONE,2.2,anthropic:claude_sdk_for_typescript,1
CVE-2026-34452,2026-03-31,3.1,5.3,MEDIUM,LOCAL,HIGH,LOW,NONE,1.0,anthropic:claude_sdk_for_python,1
CVE-2026-34453,2026-03-31,3.1,7.5,HIGH,NETWORK,LOW,NONE,NONE,3.9,b3log:siyuan,1
CVE-2026-34533,2026-03-31,3.1,6.2,MEDIUM,LOCAL,LOW,NONE,NONE,2.5,color:iccdev,1
CVE-2026-34534,2026-03-31,3.1,6.2,MEDIUM,LOCAL,LOW,NONE,NONE,2.5,color:iccdev,1
CVE-2026-34535,2026-03-31,3.1,6.2,MEDIUM,LOCAL,LOW,NONE,NONE,2.5,color:iccdev,1
CVE-2026-34536,2026-03-31,3.1,6.2,MEDIUM,LOCAL,LOW,NONE,NONE,2.5,color:iccdev,1
CVE-2026-34537,2026-03-31,3.1,6.2,MEDIUM,LOCAL,LOW,NONE,NONE,2.5,color:iccdev,1
CVE-2026-34539,2026-03-31,3.1,6.2,MEDIUM,LOCAL,LOW,NONE,NONE,2.5,color:iccdev,1
CVE-2026-34540,2026-03-31,3.1,6.2,MEDIUM,LOCAL,LOW,NONE,NONE,2.5,color:iccdev,1
CVE-2026-34541,2026-03-31,3.1,6.2,MEDIUM,LOCAL,LOW,NONE,NONE,2.5,color:iccdev,1
CVE-2026-34542,2026-03-31,3.1,6.2,MEDIUM,LOCAL,LOW,NONE,NONE,2.5,color:iccdev,1
CVE-2026-34585,2026-03-31,3.1,8.6,HIGH,LOCAL,LOW,NONE,REQUIRED,1.8,b3log:siyuan,1
CVE-2026-34605,2026-03-31,3.1,6.1,MEDIUM,NETWORK,LOW,NONE,REQUIRED,2.8,b3log:siyuan,1
CVE-2026-5214,2026-03-31,3.1,8.8,HIGH,NETWORK,LOW,LOW,NONE,2.8,dlink:dnr-202l_firmware|dlink:dnr-326_firmware|dlink:dns-1100-4_firmware|dlink:dns-120_firmware|dlink:dns-1200-05_firmware|dlink:dns-1550-04_firmware|dlink:dns-315l_firmware|dlink:dns-320_firmware|dlink:dns-320l_firmware|dlink:dns-320lw_firmware|dlink:dns-321_firmware|dlink:dns-322l_firmware|dlink:dns-323_firmware|dlink:dns-325_firmware|dlink:dns-326_firmware|dlink:dns-327l_firmware|dlink:dns-340l_firmware|dlink:dns-343_firmware|dlink:dns-345_firmware|dlink:dns-726-4_firmware,20
CVE-2026-5215,2026-03-31,3.1,4.3,MEDIUM,ADJACENT,LOW,NONE,NONE,2.8,dlink:dnr-202l_firmware|dlink:dnr-326_firmware|dlink:dns-1100-4_firmware|dlink:dns-120_firmware|dlink:dns-1200-05_firmware|dlink:dns-1550-04_firmware|dlink:dns-315l_firmware|dlink:dns-320_firmware|dlink:dns-320l_firmware|dlink:dns-320lw_firmware|dlink:dns-321_firmware|dlink:dns-322l_firmware|dlink:dns-323_firmware|dlink:dns-325_firmware|dlink:dns-326_firmware|dlink:dns-327l_firmware|dlink:dns-340l_firmware|dlink:dns-343_firmware|dlink:dns-345_firmware|dlink:dns-726-4_firmware,20
CVE-2026-2480,2026-03-31,3.1,6.4,MEDIUM,NETWORK,LOW,LOW,NONE,3.1,,0
CVE-2026-34546,2026-03-31,3.1,6.2,MEDIUM,LOCAL,LOW,NONE,NONE,2.5,color:iccdev,1
CVE-2026-34547,2026-03-31,3.1,6.2,MEDIUM,LOCAL,LOW,NONE,NONE,2.5,color:iccdev,1
CVE-2026-34548,2026-03-31,3.1,6.2,MEDIUM,LOCAL,LOW,NONE,NONE,2.5,color:iccdev,1
CVE-2026-34549,2026-03-31,3.1,6.2,MEDIUM,LOCAL,LOW,NONE,NONE,2.5,color:iccdev,1
CVE-2026-34550,2026-03-31,3.1,6.2,MEDIUM,LOCAL,LOW,NONE,NONE,2.5,color:iccdev,1
CVE-2026-34551,2026-03-31,3.1,6.2,MEDIUM,LOCAL,LOW,NONE,NONE,2.5,color:iccdev,1
CVE-2026-34552,2026-03-31,3.1,6.2,MEDIUM,LOCAL,LOW,NONE,NONE,2.5,color:iccdev,1
CVE-2026-34553,2026-03-31,3.1,4.0,MEDIUM,LOCAL,LOW,NONE,NONE,2.5,color:iccdev,1
CVE-2026-34554,2026-03-31,3.1,6.2,MEDIUM,LOCAL,LOW,NONE,NONE,2.5,color:iccdev,1
CVE-2026-34555,2026-03-31,3.1,6.2,MEDIUM,LOCAL,LOW,NONE,NONE,2.5,color:iccdev,1
CVE-2026-34556,2026-03-31,3.1,6.2,MEDIUM,LOCAL,LOW,NONE,NONE,2.5,color:iccdev,1
CVE-2026-5235,2026-03-31,3.1,5.3,MEDIUM,LOCAL,LOW,LOW,NONE,1.8,,0
CVE-2026-5236,2026-03-31,3.1,5.3,MEDIUM,LOCAL,LOW,LOW,NONE,1.8,,0
CVE-2026-5237,2026-03-31,3.1,7.3,HIGH,NETWORK,LOW,NONE,NONE,3.9,,0
CVE-2026-4668,2026-04-01,3.1,6.5,MEDIUM,NETWORK,LOW,LOW,NONE,2.8,,0
CVE-2026-5238,2026-04-01,3.1,7.3,HIGH,NETWORK,LOW,NONE,NONE,3.9,,0
CVE-2026-5240,2026-04-01,3.1,4.3,MEDIUM,NETWORK,LOW,NONE,REQUIRED,2.8,,0
CVE-2024-58342,2026-04-01,3.1,6.3,MEDIUM,NETWORK,LOW,NONE,REQUIRED,2.8,xenforo:xenforo,1
CVE-2025-13855,2026-04-01,3.1,7.6,HIGH,NETWORK,LOW,LOW,NONE,2.8,ibm:storage_protect_server,1
CVE-2025-71278,2026-04-01,3.1,8.8,HIGH,NETWORK,LOW,LOW,NONE,2.8,xenforo:xenforo,1
CVE-2025-71279,2026-04-01,3.1,9.8,CRITICAL,NETWORK,LOW,NONE,NONE,3.9,xenforo:xenforo,1
CVE-2025-71280,2026-04-01,3.1,6.2,MEDIUM,LOCAL,LOW,NONE,NONE,2.5,xenforo:xenforo,1
CVE-2025-71281,2026-04-01,3.1,8.8,HIGH,NETWORK,LOW,LOW,NONE,2.8,xenforo:xenforo,1
CVE-2025-71282,2026-04-01,3.1,7.5,HIGH,NETWORK,LOW,NONE,NONE,3.9,xenforo:xenforo,1
CVE-2026-2394,2026-04-01,3.1,6.5,MEDIUM,NETWORK,LOW,NONE,NONE,3.9,rti:connext_professional,1
CVE-2026-35054,2026-04-01,3.1,6.4,MEDIUM,NETWORK,LOW,LOW,NONE,3.1,xenforo:xenforo,1
CVE-2026-35055,2026-04-01,3.1,6.1,MEDIUM,NETWORK,LOW,NONE,REQUIRED,2.8,xenforo:xenforo,1
CVE-2026-35056,2026-04-01,3.1,7.2,HIGH,NETWORK,LOW,HIGH,NONE,1.2,xenforo:xenforo,1
CVE-2026-35057,2026-04-01,3.1,6.4,MEDIUM,NETWORK,LOW,LOW,NONE,3.1,xenforo:xenforo,1
CVE-2026-5248,2026-04-01,3.1,6.3,MEDIUM,NETWORK,LOW,LOW,NONE,2.8,,0
CVE-2026-3774,2026-04-01,3.1,4.7,MEDIUM,LOCAL,HIGH,NONE,REQUIRED,1.0,foxit:pdf_editor|foxit:pdf_reader,2
CVE-2026-3775,2026-04-01,3.1,7.8,HIGH,LOCAL,LOW,LOW,NONE,1.8,foxit:pdf_editor|foxit:pdf_reader,2
CVE-2026-3776,2026-04-01,3.1,5.5,MEDIUM,LOCAL,LOW,NONE,REQUIRED,1.8,foxit:pdf_editor|foxit:pdf_reader,2
CVE-2026-3777,2026-04-01,3.1,5.5,MEDIUM,LOCAL,LOW,NONE,REQUIRED,1.8,foxit:pdf_editor|foxit:pdf_reader,2
CVE-2026-3778,2026-04-01,3.1,6.2,MEDIUM,LOCAL,LOW,NONE,NONE,2.5,foxit:pdf_editor|foxit:pdf_reader,2
CVE-2026-3779,2026-04-01,3.1,7.8,HIGH,LOCAL,LOW,NONE,REQUIRED,1.8,foxit:pdf_editor|foxit:pdf_reader,2
CVE-2026-3780,2026-04-01,3.1,7.3,HIGH,LOCAL,LOW,LOW,REQUIRED,1.3,foxit:pdf_editor|foxit:pdf_reader,2
CVE-2026-3831,2026-04-01,3.1,4.3,MEDIUM,NETWORK,LOW,LOW,NONE,2.8,,0
CVE-2026-4374,2026-04-01,3.1,9.1,CRITICAL,NETWORK,LOW,NONE,NONE,3.9,rti:connext_professional,1
CVE-2026-4947,2026-04-01,3.1,7.1,HIGH,NETWORK,LOW,LOW,NONE,2.8,foxit:esign,1
CVE-2026-5249,2026-04-01,3.1,3.5,LOW,NETWORK,LOW,LOW,REQUIRED,2.1,,0
CVE-2026-5251,2026-04-01,3.1,6.3,MEDIUM,NETWORK,LOW,LOW,NONE,2.8,,0
CVE-2026-5252,2026-04-01,3.1,3.5,LOW,NETWORK,LOW,LOW,REQUIRED,2.1,,0
CVE-2026-5253,2026-04-01,3.1,3.5,LOW,NETWORK,LOW,LOW,REQUIRED,2.1,,0
CVE-2026-5254,2026-04-01,3.1,3.5,LOW,NETWORK,LOW,LOW,REQUIRED,2.1,,0
CVE-2026-5272,2026-04-01,3.1,8.8,HIGH,NETWORK,LOW,NONE,REQUIRED,2.8,google:chrome,1
CVE-2026-5273,2026-04-01,3.1,6.3,MEDIUM,NETWORK,LOW,NONE,REQUIRED,2.8,google:chrome,1
CVE-2026-5274,2026-04-01,3.1,8.8,HIGH,NETWORK,LOW,NONE,REQUIRED,2.8,google:chrome,1
CVE-2026-5275,2026-04-01,3.1,8.8,HIGH,NETWORK,LOW,NONE,REQUIRED,2.8,google:chrome,1
CVE-2026-5276,2026-04-01,3.1,6.5,MEDIUM,NETWORK,LOW,NONE,REQUIRED,2.8,google:chrome,1
CVE-2026-5277,2026-04-01,3.1,7.5,HIGH,NETWORK,HIGH,NONE,REQUIRED,1.6,google:chrome,1
CVE-2026-5278,2026-04-01,3.1,8.8,HIGH,NETWORK,LOW,NONE,REQUIRED,2.8,google:chrome,1
CVE-2026-5279,2026-04-01,3.1,8.8,HIGH,NETWORK,LOW,NONE,REQUIRED,2.8,google:chrome,1
CVE-2026-5280,2026-04-01,3.1,8.8,HIGH,NETWORK,LOW,NONE,REQUIRED,2.8,google:chrome,1
CVE-2026-5281,2026-04-01,3.1,8.8,HIGH,NETWORK,LOW,NONE,REQUIRED,2.8,google:chrome,1
CVE-2026-5282,2026-04-01,3.1,8.1,HIGH,NETWORK,LOW,NONE,REQUIRED,2.8,google:chrome,1
CVE-2026-5283,2026-04-01,3.1,6.5,MEDIUM,NETWORK,LOW,NONE,REQUIRED,2.8,google:chrome,1
CVE-2026-5284,2026-04-01,3.1,7.5,HIGH,NETWORK,HIGH,NONE,REQUIRED,1.6,google:chrome,1
CVE-2026-5285,2026-04-01,3.1,8.8,HIGH,NETWORK,LOW,NONE,REQUIRED,2.8,google:chrome,1
CVE-2026-5286,2026-04-01,3.1,8.8,HIGH,NETWORK,LOW,NONE,REQUIRED,2.8,google:chrome,1
CVE-2026-5287,2026-04-01,3.1,8.8,HIGH,NETWORK,LOW,NONE,REQUIRED,2.8,google:chrome,1
CVE-2026-5288,2026-04-01,3.1,9.6,CRITICAL,NETWORK,LOW,NONE,REQUIRED,2.8,google:chrome,1
CVE-2026-5289,2026-04-01,3.1,9.6,CRITICAL,NETWORK,LOW,NONE,REQUIRED,2.8,google:chrome,1
CVE-2026-5290,2026-04-01,3.1,9.6,CRITICAL,NETWORK,LOW,NONE,REQUIRED,2.8,google:chrome,1
CVE-2026-5291,2026-04-01,3.1,6.5,MEDIUM,NETWORK,LOW,NONE,REQUIRED,2.8,google:chrome,1
CVE-2026-5292,2026-04-01,3.1,8.8,HIGH,NETWORK,LOW,NONE,REQUIRED,2.8,google:chrome,1
CVE-2025-15484,2026-04-01,3.1,9.1,CRITICAL,NETWORK,LOW,NONE,NONE,3.9,,0
CVE-2026-2696,2026-04-01,3.1,5.3,MEDIUM,NETWORK,LOW,NONE,NONE,3.9,,0
CVE-2026-5255,2026-04-01,3.1,4.3,MEDIUM,NETWORK,LOW,NONE,REQUIRED,2.8,code-projects:simple_laundry_system,1
CVE-2026-5256,2026-04-01,3.1,7.3,HIGH,NETWORK,LOW,NONE,NONE,3.9,code-projects:simple_laundry_system,1
CVE-2026-5257,2026-04-01,3.1,7.3,HIGH,NETWORK,LOW,NONE,NONE,3.9,code-projects:simple_laundry_system,1
CVE-2026-4748,2026-04-01,3.1,7.5,HIGH,NETWORK,LOW,NONE,NONE,3.9,freebsd:freebsd,1
CVE-2026-5258,2026-04-01,3.1,7.3,HIGH,NETWORK,LOW,NONE,NONE,3.9,,0
CVE-2026-27101,2026-04-01,3.1,4.7,MEDIUM,NETWORK,LOW,HIGH,NONE,1.2,dell:secure_connect_gateway,1
CVE-2026-28265,2026-04-01,3.1,4.4,MEDIUM,LOCAL,LOW,LOW,NONE,1.8,dell:powerstoreos,1
CVE-2026-5259,2026-04-01,3.1,6.3,MEDIUM,NETWORK,LOW,LOW,NONE,2.8,,0
CVE-2026-23401,2026-04-01,3.1,5.5,MEDIUM,LOCAL,LOW,LOW,NONE,1.8,linux:linux_kernel,1
CVE-2026-23402,2026-04-01,3.1,5.5,MEDIUM,LOCAL,LOW,LOW,NONE,1.8,linux:linux_kernel,1
CVE-2026-23403,2026-04-01,3.1,5.5,MEDIUM,LOCAL,LOW,LOW,NONE,1.8,linux:linux_kernel,1
CVE-2026-23404,2026-04-01,3.1,5.5,MEDIUM,LOCAL,LOW,LOW,NONE,1.8,linux:linux_kernel,1
CVE-2026-23405,2026-04-01,3.1,5.5,MEDIUM,LOCAL,LOW,LOW,NONE,1.8,linux:linux_kernel,1
CVE-2026-23406,2026-04-01,3.1,7.8,HIGH,LOCAL,LOW,LOW,NONE,1.8,linux:linux_kernel,1
CVE-2026-23407,2026-04-01,3.1,7.8,HIGH,LOCAL,LOW,LOW,NONE,1.8,linux:linux_kernel,1
CVE-2026-23408,2026-04-01,3.1,7.8,HIGH,LOCAL,LOW,LOW,NONE,1.8,linux:linux_kernel,1
CVE-2026-23409,2026-04-01,3.1,5.5,MEDIUM,LOCAL,LOW,LOW,NONE,1.8,linux:linux_kernel,1
CVE-2026-23410,2026-04-01,3.1,7.8,HIGH,LOCAL,LOW,LOW,NONE,1.8,linux:linux_kernel,1
CVE-2026-23411,2026-04-01,3.1,7.8,HIGH,LOCAL,LOW,LOW,NONE,1.8,linux:linux_kernel,1
CVE-2026-34889,2026-04-01,3.1,6.5,MEDIUM,NETWORK,LOW,LOW,REQUIRED,2.3,,0
CVE-2026-4370,2026-04-01,3.1,10.0,CRITICAL,NETWORK,LOW,NONE,NONE,3.9,canonical:juju,1
CVE-2026-5261,2026-04-01,3.1,7.3,HIGH,NETWORK,LOW,NONE,NONE,3.9,,0
CVE-2024-53828,2026-04-01,3.1,5.3,MEDIUM,ADJACENT,HIGH,NONE,NONE,1.6,ericsson:packet_core_controller,1
CVE-2026-1879,2026-04-01,3.1,6.3,MEDIUM,NETWORK,LOW,LOW,NONE,2.8,,0
CVE-2026-21629,2026-04-01,3.1,7.3,HIGH,NETWORK,LOW,NONE,NONE,3.9,joomla:joomla\!,1
CVE-2026-21630,2026-04-01,3.1,8.8,HIGH,NETWORK,LOW,LOW,NONE,2.8,joomla:joomla\!,1
CVE-2026-21631,2026-04-01,3.1,5.4,MEDIUM,NETWORK,LOW,LOW,REQUIRED,2.3,joomla:joomla\!,1
CVE-2026-21632,2026-04-01,3.1,5.4,MEDIUM,NETWORK,LOW,LOW,REQUIRED,2.3,joomla:joomla\!,1
CVE-2026-23898,2026-04-01,3.1,7.2,HIGH,NETWORK,LOW,HIGH,NONE,1.2,joomla:joomla\!,1
CVE-2026-23899,2026-04-01,3.1,8.8,HIGH,NETWORK,LOW,LOW,NONE,2.8,joomla:joomla\!,1
CVE-2026-0932,2026-04-01,3.1,7.3,HIGH,NETWORK,LOW,NONE,NONE,3.9,m-files:m-files_server,1
CVE-2026-24096,2026-04-01,3.1,8.8,HIGH,NETWORK,LOW,LOW,NONE,2.8,checkmk:checkmk,1
CVE-2026-25601,2026-04-01,3.1,6.4,MEDIUM,LOCAL,HIGH,HIGH,NONE,0.5,metronik:mepis_rm,1
CVE-2026-22767,2026-04-01,3.1,7.3,HIGH,LOCAL,LOW,LOW,NONE,1.8,dell:appsync,1
CVE-2026-22768,2026-04-01,3.1,7.3,HIGH,LOCAL,LOW,LOW,REQUIRED,1.3,dell:appsync,1
CVE-2026-29014,2026-04-01,3.1,9.8,CRITICAL,NETWORK,LOW,NONE,NONE,3.9,metinfo:metinfo,1
CVE-2026-0522,2026-04-01,3.1,8.8,HIGH,NETWORK,LOW,LOW,NONE,2.8,vertigis:fm,1
CVE-2026-30287,2026-04-01,3.1,8.4,HIGH,LOCAL,LOW,NONE,NONE,2.5,deepthought.industries:ace_scanner,1
CVE-2026-30289,2026-04-01,3.1,8.4,HIGH,LOCAL,LOW,NONE,NONE,2.5,tinybeans:private_family_album,1
CVE-2026-30522,2026-04-01,3.1,6.5,MEDIUM,NETWORK,LOW,LOW,NONE,2.8,oretnom23:loan_management_system,1
CVE-2026-34430,2026-04-01,3.1,8.8,HIGH,NETWORK,LOW,NONE,REQUIRED,2.8,deerflow:deerflow,1
CVE-2026-34999,2026-04-01,3.1,5.3,MEDIUM,NETWORK,LOW,NONE,NONE,3.9,volcengine:openviking,1
CVE-2026-35091,2026-04-01,3.1,8.2,HIGH,NETWORK,LOW,NONE,NONE,3.9,corosync:corosync|redhat:openshift|redhat:enterprise_linux,3
CVE-2026-35092,2026-04-01,3.1,7.5,HIGH,NETWORK,LOW,NONE,NONE,3.9,corosync:corosync|redhat:openshift|redhat:enterprise_linux,3
CVE-2026-35093,2026-04-01,3.1,8.8,HIGH,LOCAL,LOW,LOW,NONE,2.0,freedesktop:libinput|fedoraproject:fedora,2
CVE-2026-35094,2026-04-01,3.1,3.3,LOW,LOCAL,LOW,LOW,NONE,1.8,freedesktop:libinput|fedoraproject:fedora,2
CVE-2026-3877,2026-04-01,3.1,6.1,MEDIUM,NETWORK,LOW,NONE,REQUIRED,2.8,vertigis:fm,1
CVE-2026-5271,2026-04-01,3.1,7.8,HIGH,LOCAL,LOW,NONE,REQUIRED,1.8,python:pymanager,1
CVE-2025-13535,2026-04-01,3.1,6.4,MEDIUM,NETWORK,LOW,LOW,NONE,3.1,,0
CVE-2026-29598,2026-04-01,3.1,5.4,MEDIUM,NETWORK,LOW,LOW,REQUIRED,2.3,,0
CVE-2026-30291,2026-04-01,3.1,8.4,HIGH,LOCAL,LOW,NONE,NONE,2.5,,0
CVE-2026-30292,2026-04-01,3.1,8.4,HIGH,LOCAL,LOW,NONE,NONE,2.5,,0
CVE-2026-30523,2026-04-01,3.1,6.5,MEDIUM,NETWORK,LOW,HIGH,NONE,1.2,oretnom23:loan_management_system,1
CVE-2026-30526,2026-04-01,3.1,6.1,MEDIUM,NETWORK,LOW,NONE,REQUIRED,2.8,pushpam02:zoo_management_system,1
CVE-2026-30573,2026-04-01,3.1,7.5,HIGH,NETWORK,LOW,NONE,NONE,3.9,senior-walter:web-based_pharmacy_product_management_system,1
CVE-2025-67805,2026-04-01,3.1,5.9,MEDIUM,NETWORK,HIGH,NONE,NONE,2.2,sagedpw:sage_dpw,1
CVE-2025-67806,2026-04-01,3.1,3.7,LOW,NETWORK,HIGH,NONE,NONE,2.2,sagedpw:sage_dpw,1
CVE-2025-67807,2026-04-01,3.1,4.7,MEDIUM,NETWORK,HIGH,NONE,REQUIRED,1.6,sagedpw:sage_dpw,1
CVE-2026-31027,2026-04-01,3.1,9.8,CRITICAL,NETWORK,LOW,NONE,NONE,3.9,totolink:a3600r_firmware,1
CVE-2026-34510,2026-04-01,3.1,5.3,MEDIUM,NETWORK,LOW,NONE,NONE,3.9,openclaw:openclaw,1
CVE-2026-35099,2026-04-01,3.1,7.4,HIGH,LOCAL,HIGH,NONE,NONE,1.4,,0
CVE-2026-4828,2026-04-01,3.1,8.2,HIGH,NETWORK,HIGH,LOW,NONE,1.8,devolutions:devolutions_server,1
CVE-2026-4829,2026-04-01,3.1,5.4,MEDIUM,NETWORK,LOW,LOW,NONE,2.8,devolutions:devolutions_server,1
CVE-2026-4924,2026-04-01,3.1,8.2,HIGH,NETWORK,HIGH,LOW,NONE,1.8,devolutions:devolutions_server,1
CVE-2026-4925,2026-04-01,3.1,5.0,MEDIUM,NETWORK,LOW,LOW,NONE,3.1,devolutions:devolutions_server,1
CVE-2026-4927,2026-04-01,3.1,6.5,MEDIUM,NETWORK,LOW,LOW,NONE,2.8,devolutions:devolutions_server,1
CVE-2026-4989,2026-04-01,3.1,4.3,MEDIUM,NETWORK,LOW,LOW,NONE,2.8,devolutions:devolutions_server,1
CVE-2026-5175,2026-04-01,3.1,5.0,MEDIUM,NETWORK,LOW,LOW,NONE,3.1,devolutions:devolutions_server,1
CVE-2024-40489,2026-04-01,3.1,9.8,CRITICAL,NETWORK,LOW,NONE,NONE,3.9,jeecg:jeecg_boot,1
CVE-2024-43028,2026-04-01,3.1,9.8,CRITICAL,NETWORK,LOW,NONE,NONE,3.9,jeecg:jeecg_boot,1
CVE-2026-20041,2026-04-01,3.1,6.1,MEDIUM,NETWORK,LOW,NONE,REQUIRED,2.8,,0
CVE-2026-20042,2026-04-01,3.1,6.5,MEDIUM,NETWORK,LOW,HIGH,NONE,1.2,cisco:nexus_dashboard,1
CVE-2026-20085,2026-04-01,3.1,6.1,MEDIUM,NETWORK,LOW,NONE,REQUIRED,2.8,,0
CVE-2026-20087,2026-04-01,3.1,4.8,MEDIUM,NETWORK,LOW,HIGH,REQUIRED,1.7,,0
CVE-2026-20088,2026-04-01,3.1,4.8,MEDIUM,NETWORK,LOW,HIGH,REQUIRED,1.7,,0
CVE-2026-20089,2026-04-01,3.1,4.8,MEDIUM,NETWORK,LOW,HIGH,REQUIRED,1.7,,0
CVE-2026-20090,2026-04-01,3.1,4.8,MEDIUM,NETWORK,LOW,HIGH,REQUIRED,1.7,,0
CVE-2026-20093,2026-04-01,3.1,9.8,CRITICAL,NETWORK,LOW,NONE,NONE,3.9,,0
CVE-2026-20094,2026-04-01,3.1,8.8,HIGH,NETWORK,LOW,LOW,NONE,2.8,,0
CVE-2026-20095,2026-04-01,3.1,6.5,MEDIUM,NETWORK,LOW,HIGH,NONE,1.2,,0
CVE-2026-20096,2026-04-01,3.1,6.5,MEDIUM,NETWORK,LOW,HIGH,NONE,1.2,,0
CVE-2026-20097,2026-04-01,3.1,6.5,MEDIUM,NETWORK,LOW,HIGH,NONE,1.2,,0
CVE-2026-20151,2026-04-01,3.1,7.3,HIGH,NETWORK,LOW,LOW,REQUIRED,2.1,cisco:smart_software_manager_on-prem,1
CVE-2026-20155,2026-04-01,3.1,8.0,HIGH,NETWORK,LOW,LOW,REQUIRED,2.1,cisco:evolved_programmable_network_manager,1
CVE-2026-20160,2026-04-01,3.1,9.8,CRITICAL,NETWORK,LOW,NONE,NONE,3.9,cisco:smart_software_manager_on-prem,1
CVE-2026-20174,2026-04-01,3.1,4.9,MEDIUM,NETWORK,LOW,HIGH,NONE,1.2,cisco:nexus_dashboard_insights|cisco:nexus_dashboard,2
CVE-2026-2265,2026-04-01,3.1,6.5,MEDIUM,NETWORK,LOW,NONE,NONE,3.9,,0
CVE-2026-30273,2026-04-01,3.1,7.3,HIGH,NETWORK,LOW,NONE,NONE,3.9,gabrieleventuri:pandasai,1
CVE-2026-30643,2026-04-01,3.1,9.8,CRITICAL,NETWORK,LOW,NONE,NONE,3.9,dedecms:dedecms,1
CVE-2026-33949,2026-04-01,3.1,8.1,HIGH,NETWORK,LOW,LOW,NONE,2.8,ssw:tinacms\/graphql,1
CVE-2026-33978,2026-04-01,3.1,5.4,MEDIUM,NETWORK,LOW,NONE,REQUIRED,2.8,streetwriters:notesnook_mobile,1
CVE-2026-33990,2026-04-01,3.1,9.1,CRITICAL,NETWORK,LOW,NONE,NONE,3.9,docker:model_runner,1
CVE-2026-34603,2026-04-01,3.1,7.1,HIGH,NETWORK,HIGH,LOW,NONE,1.6,ssw:tinacms\/cli,1
CVE-2026-34604,2026-04-01,3.1,7.1,HIGH,NETWORK,HIGH,LOW,NONE,1.6,ssw:tinacms\/graphql,1
CVE-2026-5310,2026-04-01,3.1,2.5,LOW,LOCAL,HIGH,LOW,NONE,1.0,,0
CVE-2026-25834,2026-04-01,3.1,6.5,MEDIUM,NETWORK,LOW,NONE,NONE,3.9,trustedfirmware:mbed_tls,1
CVE-2026-27489,2026-04-01,3.1,7.5,HIGH,NETWORK,LOW,NONE,NONE,3.9,linuxfoundation:onnx,1
CVE-2026-34072,2026-04-01,3.1,8.3,HIGH,ADJACENT,LOW,NONE,NONE,2.8,fccview:cronmaster,1
CVE-2026-34076,2026-04-01,3.1,7.4,HIGH,NETWORK,HIGH,NONE,NONE,2.2,,0
CVE-2026-34159,2026-04-01,3.1,9.8,CRITICAL,NETWORK,LOW,NONE,NONE,3.9,ggml:llama.cpp,1
CVE-2026-34222,2026-04-01,3.1,7.7,HIGH,NETWORK,LOW,LOW,NONE,3.1,openwebui:open_webui,1
CVE-2026-34236,2026-04-01,3.1,8.2,HIGH,NETWORK,HIGH,LOW,NONE,1.8,auth0:auth0-php,1
CVE-2026-34376,2026-04-01,3.1,7.5,HIGH,NETWORK,LOW,NONE,NONE,3.9,pdfding:pdfding,1
CVE-2026-34397,2026-04-01,3.1,6.3,MEDIUM,LOCAL,HIGH,LOW,NONE,1.0,himmelblau-idm:himmelblau,1
CVE-2026-34445,2026-04-01,3.1,8.6,HIGH,NETWORK,LOW,NONE,NONE,3.9,linuxfoundation:onnx,1
CVE-2026-34446,2026-04-01,3.1,4.7,MEDIUM,LOCAL,HIGH,NONE,REQUIRED,1.0,linuxfoundation:onnx,1
CVE-2026-34447,2026-04-01,3.1,5.5,MEDIUM,LOCAL,LOW,NONE,REQUIRED,1.8,linuxfoundation:onnx,1
CVE-2026-34751,2026-04-01,3.1,9.1,CRITICAL,NETWORK,LOW,NONE,NONE,3.9,payloadcms:payload,1
CVE-2026-34875,2026-04-01,3.1,9.8,CRITICAL,NETWORK,LOW,NONE,NONE,3.9,trustedfirmware:mbed_tls|trustedfirmware:tf-psa-crypto,2
CVE-2026-25833,2026-04-01,3.1,7.5,HIGH,NETWORK,LOW,NONE,NONE,3.9,trustedfirmware:mbed_tls,1
CVE-2026-25835,2026-04-01,3.1,7.7,HIGH,LOCAL,LOW,NONE,NONE,2.5,arm:mbed_tls|trustedfirmware:mbed_tls|trustedfirmware:tf-psa-crypto,3
CVE-2026-34871,2026-04-01,3.1,6.7,MEDIUM,LOCAL,HIGH,NONE,NONE,1.4,arm:mbed_tls|trustedfirmware:tf-psa-crypto,2
CVE-2026-34874,2026-04-01,3.1,7.5,HIGH,NETWORK,LOW,NONE,NONE,3.9,trustedfirmware:mbed_tls,1
CVE-2026-35000,2026-04-01,3.1,6.5,MEDIUM,NETWORK,LOW,LOW,NONE,2.8,webtechnologies:changedetection,1
CVE-2025-66442,2026-04-01,3.1,5.1,MEDIUM,LOCAL,HIGH,NONE,NONE,1.4,arm:mbed_tls|arm:tf-psa-crypto,2
CVE-2026-34455,2026-04-01,3.1,8.8,HIGH,NETWORK,LOW,LOW,NONE,2.8,hi.events:hi.events,1
CVE-2026-34456,2026-04-01,3.1,9.1,CRITICAL,NETWORK,LOW,NONE,NONE,3.9,reviactyl:reviactyl,1
CVE-2026-34746,2026-04-01,3.1,7.7,HIGH,NETWORK,LOW,LOW,NONE,3.1,payloadcms:payload,1
CVE-2026-34747,2026-04-01,3.1,8.5,HIGH,NETWORK,LOW,LOW,NONE,3.1,payloadcms:payload,1
CVE-2026-34748,2026-04-01,3.1,8.7,HIGH,NETWORK,LOW,LOW,REQUIRED,2.3,payloadcms:payload,1
CVE-2026-34749,2026-04-01,3.1,5.4,MEDIUM,NETWORK,LOW,NONE,REQUIRED,2.8,payloadcms:payload,1
CVE-2026-34750,2026-04-01,3.1,6.5,MEDIUM,NETWORK,LOW,LOW,NONE,2.8,payloadcms:payload,1
CVE-2026-34872,2026-04-01,3.1,9.1,CRITICAL,NETWORK,LOW,NONE,NONE,3.9,arm:mbed_tls|arm:tf-psa-crypto,2
CVE-2026-5311,2026-04-01,3.1,5.3,MEDIUM,NETWORK,LOW,NONE,NONE,3.9,dlink:dnr-202l_firmware|dlink:dnr-326_firmware|dlink:dns-1100-4_firmware|dlink:dns-120_firmware|dlink:dns-1200-05_firmware|dlink:dns-1550-04_firmware|dlink:dns-315l_firmware|dlink:dns-320_firmware|dlink:dns-320l_firmware|dlink:dns-320lw_firmware|dlink:dns-321_firmware|dlink:dns-322l_firmware|dlink:dns-323_firmware|dlink:dns-325_firmware|dlink:dns-326_firmware|dlink:dns-327l_firmware|dlink:dns-340l_firmware|dlink:dns-343_firmware|dlink:dns-345_firmware|dlink:dns-726-4_firmware,20
CVE-2025-13916,2026-04-01,3.1,5.9,MEDIUM,NETWORK,HIGH,NONE,NONE,2.2,ibm:aspera_shares,1
CVE-2025-36373,2026-04-01,3.1,4.1,MEDIUM,NETWORK,LOW,HIGH,NONE,2.3,ibm:datapower_gateway,1
CVE-2026-1345,2026-04-01,3.1,7.3,HIGH,NETWORK,LOW,NONE,NONE,3.9,ibm:security_verify_access|ibm:security_verify_access_container|ibm:verify_identity_access|ibm:verify_identity_access_container,4
CVE-2026-1491,2026-04-01,3.1,5.3,MEDIUM,NETWORK,LOW,NONE,NONE,3.9,ibm:security_verify_access|ibm:security_verify_access_container|ibm:verify_identity_access|ibm:verify_identity_access_container,4
CVE-2026-22815,2026-04-01,3.1,7.5,HIGH,NETWORK,LOW,NONE,NONE,3.9,aiohttp:aiohttp,1
CVE-2026-2475,2026-04-01,3.1,3.1,LOW,NETWORK,HIGH,NONE,REQUIRED,1.6,ibm:security_verify_access|ibm:security_verify_access_container|ibm:verify_identity_access|ibm:verify_identity_access_container,4
CVE-2026-2862,2026-04-01,3.1,5.3,MEDIUM,NETWORK,LOW,NONE,NONE,3.9,ibm:security_verify_access|ibm:security_verify_access_container|ibm:verify_identity_access|ibm:verify_identity_access_container,4
CVE-2026-34513,2026-04-01,3.1,7.5,HIGH,NETWORK,LOW,NONE,NONE,3.9,aiohttp:aiohttp,1
CVE-2026-34514,2026-04-01,3.1,5.3,MEDIUM,NETWORK,LOW,NONE,NONE,3.9,aiohttp:aiohttp,1
CVE-2026-34515,2026-04-01,3.1,7.5,HIGH,NETWORK,LOW,NONE,NONE,3.9,aiohttp:aiohttp,1
CVE-2026-34516,2026-04-01,3.1,7.5,HIGH,NETWORK,LOW,NONE,NONE,3.9,aiohttp:aiohttp,1
CVE-2026-34517,2026-04-01,3.1,5.3,MEDIUM,NETWORK,LOW,NONE,NONE,3.9,aiohttp:aiohttp,1
CVE-2026-34518,2026-04-01,3.1,5.3,MEDIUM,NETWORK,LOW,NONE,NONE,3.9,aiohttp:aiohttp,1
CVE-2026-34519,2026-04-01,3.1,5.3,MEDIUM,NETWORK,LOW,NONE,NONE,3.9,aiohttp:aiohttp,1
CVE-2026-34520,2026-04-01,3.1,9.1,CRITICAL,NETWORK,LOW,NONE,NONE,3.9,aiohttp:aiohttp,1
CVE-2026-34525,2026-04-01,3.1,5.3,MEDIUM,NETWORK,LOW,NONE,NONE,3.9,aiohttp:aiohttp,1
CVE-2026-34528,2026-04-01,3.1,8.1,HIGH,NETWORK,HIGH,NONE,NONE,2.2,filebrowser:filebrowser,1
CVE-2026-34529,2026-04-01,3.1,7.6,HIGH,NETWORK,LOW,LOW,REQUIRED,2.3,filebrowser:filebrowser,1
CVE-2026-34530,2026-04-01,3.1,6.9,MEDIUM,NETWORK,LOW,HIGH,REQUIRED,1.7,filebrowser:filebrowser,1
CVE-2026-34531,2026-04-01,3.1,6.5,MEDIUM,NETWORK,HIGH,NONE,NONE,2.2,miguelgrinberg:flask-httpauth,1
CVE-2026-34543,2026-04-01,3.1,7.5,HIGH,NETWORK,LOW,NONE,NONE,3.9,openexr:openexr,1
CVE-2026-34544,2026-04-01,3.1,7.3,HIGH,LOCAL,LOW,LOW,REQUIRED,1.3,openexr:openexr,1
CVE-2026-34545,2026-04-01,3.1,7.3,HIGH,LOCAL,LOW,LOW,REQUIRED,1.3,openexr:openexr,1
CVE-2026-34873,2026-04-01,3.1,9.1,CRITICAL,NETWORK,LOW,NONE,NONE,3.9,trustedfirmware:mbed_tls,1
CVE-2026-4101,2026-04-01,3.1,8.1,HIGH,NETWORK,HIGH,NONE,NONE,2.2,ibm:security_verify_access|ibm:security_verify_access_container|ibm:verify_identity_access|ibm:verify_identity_access_container,4
CVE-2026-4364,2026-04-01,3.1,5.4,MEDIUM,NETWORK,LOW,LOW,REQUIRED,2.3,ibm:security_verify_access|ibm:security_verify_access_container|ibm:verify_identity_access|ibm:verify_identity_access_container,4
CVE-2026-4820,2026-04-01,3.1,4.3,MEDIUM,NETWORK,LOW,NONE,REQUIRED,2.8,ibm:maximo_application_suite,1
CVE-2026-5312,2026-04-01,3.1,5.3,MEDIUM,NETWORK,LOW,NONE,NONE,3.9,dlink:dns-1550-04_firmware|dlink:dns-315l_firmware|dlink:dns-320_firmware|dlink:dns-320l_firmware|dlink:dns-320lw_firmware|dlink:dns-321_firmware|dlink:dns-322l_firmware|dlink:dns-323_firmware|dlink:dns-325_firmware|dlink:dns-326_firmware|dlink:dns-327l_firmware|dlink:dns-340l_firmware|dlink:dns-343_firmware|dlink:dns-345_firmware|dlink:dns-726-4_firmware|dlink:dnr-202l_firmware|dlink:dnr-326_firmware|dlink:dns-1100-4_firmware|dlink:dns-120_firmware|dlink:dns-1200-05_firmware,20
CVE-2026-34559,2026-04-01,3.1,9.1,CRITICAL,NETWORK,LOW,LOW,NONE,3.1,ci4-cms-erp:ci4ms,1
CVE-2026-34560,2026-04-01,3.1,9.1,CRITICAL,NETWORK,LOW,LOW,NONE,3.1,ci4-cms-erp:ci4ms,1
CVE-2026-34561,2026-04-01,3.1,4.7,MEDIUM,NETWORK,LOW,HIGH,NONE,1.2,ci4-cms-erp:ci4ms,1
CVE-2026-34562,2026-04-01,3.1,4.7,MEDIUM,NETWORK,LOW,HIGH,NONE,1.2,ci4-cms-erp:ci4ms,1
CVE-2026-34563,2026-04-01,3.1,9.1,CRITICAL,NETWORK,LOW,LOW,NONE,3.1,ci4-cms-erp:ci4ms,1
CVE-2026-34564,2026-04-01,3.1,9.1,CRITICAL,NETWORK,LOW,LOW,NONE,3.1,ci4-cms-erp:ci4ms,1
CVE-2026-34565,2026-04-01,3.1,9.1,CRITICAL,NETWORK,LOW,LOW,NONE,3.1,ci4-cms-erp:ci4ms,1
CVE-2026-34566,2026-04-01,3.1,9.1,CRITICAL,NETWORK,LOW,LOW,NONE,3.1,ci4-cms-erp:ci4ms,1
CVE-2026-34567,2026-04-01,3.1,9.1,CRITICAL,NETWORK,LOW,LOW,NONE,3.1,ci4-cms-erp:ci4ms,1
CVE-2026-34568,2026-04-01,3.1,9.1,CRITICAL,NETWORK,LOW,LOW,NONE,3.1,ci4-cms-erp:ci4ms,1
CVE-2026-34569,2026-04-01,3.1,9.9,CRITICAL,NETWORK,LOW,LOW,NONE,3.1,ci4-cms-erp:ci4ms,1
CVE-2026-34570,2026-04-01,3.1,8.8,HIGH,NETWORK,LOW,LOW,NONE,2.8,ci4-cms-erp:ci4ms,1
CVE-2026-34571,2026-04-01,3.1,9.9,CRITICAL,NETWORK,LOW,LOW,NONE,3.1,ci4-cms-erp:ci4ms,1
CVE-2026-34572,2026-04-01,3.1,8.8,HIGH,NETWORK,LOW,LOW,NONE,2.8,ci4-cms-erp:ci4ms,1
CVE-2026-5313,2026-04-01,3.1,4.3,MEDIUM,NETWORK,LOW,NONE,REQUIRED,2.8,,0
CVE-2025-36375,2026-04-01,3.1,6.5,MEDIUM,NETWORK,LOW,NONE,REQUIRED,2.8,ibm:datapower_gateway,1
CVE-2025-66483,2026-04-01,3.1,6.3,MEDIUM,NETWORK,LOW,LOW,NONE,2.8,ibm:aspera_shares,1
CVE-2025-66484,2026-04-01,3.1,5.5,MEDIUM,NETWORK,LOW,HIGH,NONE,2.3,ibm:aspera_shares,1
CVE-2025-66485,2026-04-01,3.1,5.4,MEDIUM,NETWORK,LOW,LOW,NONE,2.8,ibm:aspera_shares,1
CVE-2025-66486,2026-04-01,3.1,4.8,MEDIUM,NETWORK,LOW,HIGH,REQUIRED,1.7,ibm:aspera_shares,1
CVE-2025-66487,2026-04-01,3.1,2.7,LOW,NETWORK,LOW,HIGH,NONE,1.2,ibm:aspera_shares,1
CVE-2026-32925,2026-04-01,3.1,7.8,HIGH,LOCAL,LOW,NONE,REQUIRED,1.8,fujielectric:v-sft,1
CVE-2026-32926,2026-04-01,3.1,7.8,HIGH,LOCAL,LOW,NONE,REQUIRED,1.8,fujielectric:v-sft,1
CVE-2026-32927,2026-04-01,3.1,7.8,HIGH,LOCAL,LOW,NONE,REQUIRED,1.8,fujielectric:v-sft,1
CVE-2026-32928,2026-04-01,3.1,7.8,HIGH,LOCAL,LOW,NONE,REQUIRED,1.8,fujielectric:v-sft,1
CVE-2026-32929,2026-04-01,3.1,7.8,HIGH,LOCAL,LOW,NONE,REQUIRED,1.8,fujielectric:v-sft,1
CVE-2026-5314,2026-04-01,3.1,4.3,MEDIUM,NETWORK,LOW,NONE,REQUIRED,2.8,nothings:stb_truetype.h,1
CVE-2026-21765,2026-04-02,3.1,8.8,HIGH,LOCAL,LOW,LOW,NONE,2.0,hcltech:bigfix_platform,1
CVE-2026-21767,2026-04-02,3.1,4.0,MEDIUM,LOCAL,LOW,NONE,NONE,2.5,hcltech:bigfix_platform,1
CVE-2026-5315,2026-04-02,3.1,4.3,MEDIUM,NETWORK,LOW,NONE,REQUIRED,2.8,nothings:stb_truetype.h,1
CVE-2026-5316,2026-04-02,3.1,4.3,MEDIUM,NETWORK,LOW,NONE,REQUIRED,2.8,nothings:stb_vorbis.c,1
CVE-2026-1243,2026-04-02,3.1,5.4,MEDIUM,NETWORK,LOW,LOW,REQUIRED,2.3,ibm:content_navigator,1
CVE-2026-5317,2026-04-02,3.1,6.3,MEDIUM,NETWORK,LOW,NONE,REQUIRED,2.8,nothings:stb_vorbis.c,1
CVE-2026-5318,2026-04-02,3.1,4.3,MEDIUM,NETWORK,LOW,NONE,REQUIRED,2.8,libraw:libraw,1
CVE-2026-5319,2026-04-02,3.1,4.3,MEDIUM,NETWORK,LOW,NONE,REQUIRED,2.8,,0
CVE-2026-5320,2026-04-02,3.1,7.3,HIGH,NETWORK,LOW,NONE,NONE,3.9,,0
CVE-2026-5321,2026-04-02,3.1,4.3,MEDIUM,NETWORK,LOW,LOW,NONE,2.8,,0
CVE-2026-1540,2026-04-02,3.1,7.2,HIGH,NETWORK,LOW,HIGH,NONE,1.2,,0
CVE-2026-4347,2026-04-02,3.1,8.1,HIGH,NETWORK,HIGH,NONE,NONE,2.2,,0
CVE-2026-5322,2026-04-02,3.1,7.3,HIGH,NETWORK,LOW,NONE,NONE,3.9,,0
CVE-2026-5323,2026-04-02,3.1,5.3,MEDIUM,LOCAL,LOW,LOW,NONE,1.8,,0
CVE-2026-5325,2026-04-02,3.1,3.5,LOW,NETWORK,LOW,LOW,REQUIRED,2.1,,0
CVE-2026-0686,2026-04-02,3.1,7.2,HIGH,NETWORK,LOW,NONE,NONE,3.9,,0
CVE-2026-0688,2026-04-02,3.1,6.4,MEDIUM,NETWORK,LOW,LOW,NONE,3.1,,0
CVE-2026-5032,2026-04-02,3.1,7.5,HIGH,NETWORK,LOW,NONE,NONE,3.9,,0
CVE-2026-5244,2026-04-02,3.1,7.3,HIGH,NETWORK,LOW,NONE,NONE,3.9,cesanta:mongoose,1
CVE-2026-0634,2026-04-02,3.1,7.8,HIGH,LOCAL,LOW,LOW,NONE,1.8,,0
CVE-2026-29131,2026-04-02,3.1,7.5,HIGH,NETWORK,LOW,NONE,NONE,3.9,seppmail:secure_email_gateway,1
CVE-2026-29132,2026-04-02,3.1,7.5,HIGH,NETWORK,LOW,NONE,NONE,3.9,seppmail:secure_email_gateway,1
CVE-2026-29133,2026-04-02,3.1,9.1,CRITICAL,NETWORK,LOW,NONE,NONE,3.9,seppmail:secure_email_gateway,1
CVE-2026-29134,2026-04-02,3.1,7.5,HIGH,NETWORK,LOW,NONE,NONE,3.9,seppmail:secure_email_gateway,1
CVE-2026-29135,2026-04-02,3.1,7.5,HIGH,NETWORK,LOW,NONE,NONE,3.9,seppmail:secure_email_gateway,1
CVE-2026-29136,2026-04-02,3.1,6.1,MEDIUM,NETWORK,LOW,NONE,REQUIRED,2.8,seppmail:secure_email_gateway,1
CVE-2026-29137,2026-04-02,3.1,5.3,MEDIUM,NETWORK,LOW,NONE,NONE,3.9,seppmail:secure_email_gateway,1
CVE-2026-29138,2026-04-02,3.1,7.5,HIGH,NETWORK,LOW,NONE,NONE,3.9,seppmail:secure_email_gateway,1
CVE-2026-29139,2026-04-02,3.1,9.8,CRITICAL,NETWORK,LOW,NONE,NONE,3.9,seppmail:secure_email_gateway,1
CVE-2026-29140,2026-04-02,3.1,5.3,MEDIUM,NETWORK,LOW,NONE,NONE,3.9,seppmail:secure_email_gateway,1
CVE-2026-29141,2026-04-02,3.1,5.3,MEDIUM,NETWORK,LOW,NONE,NONE,3.9,seppmail:secure_email_gateway,1
CVE-2026-29142,2026-04-02,3.1,5.3,MEDIUM,NETWORK,LOW,NONE,NONE,3.9,seppmail:secure_email_gateway,1
CVE-2026-29143,2026-04-02,3.1,9.1,CRITICAL,NETWORK,LOW,NONE,NONE,3.9,seppmail:secure_email_gateway,1
CVE-2026-29144,2026-04-02,3.1,5.3,MEDIUM,NETWORK,LOW,NONE,NONE,3.9,seppmail:secure_email_gateway,1
CVE-2026-33613,2026-04-02,3.1,7.2,HIGH,NETWORK,LOW,HIGH,NONE,1.2,mbconnectline:mbconnect24|mbconnectline:mymbconnect24,2
CVE-2026-33614,2026-04-02,3.1,7.5,HIGH,NETWORK,LOW,NONE,NONE,3.9,mbconnectline:mbconnect24|mbconnectline:mymbconnect24,2
CVE-2026-33615,2026-04-02,3.1,9.1,CRITICAL,NETWORK,LOW,NONE,NONE,3.9,mbconnectline:mbconnect24|mbconnectline:mymbconnect24,2
CVE-2026-33616,2026-04-02,3.1,7.5,HIGH,NETWORK,LOW,NONE,NONE,3.9,mbconnectline:mbconnect24|mbconnectline:mymbconnect24,2
CVE-2026-33617,2026-04-02,3.1,5.3,MEDIUM,NETWORK,LOW,NONE,NONE,3.9,mbconnectline:mbconnect24|mbconnectline:mymbconnect24,2
CVE-2026-5245,2026-04-02,3.1,5.6,MEDIUM,NETWORK,HIGH,NONE,NONE,2.2,cesanta:mongoose,1
CVE-2026-5246,2026-04-02,3.1,5.6,MEDIUM,NETWORK,HIGH,NONE,NONE,2.2,cesanta:mongoose,1
CVE-2026-32145,2026-04-02,3.1,7.5,HIGH,NETWORK,LOW,NONE,NONE,3.9,gleam-wisp:wisp,1
CVE-2026-5326,2026-04-02,3.1,5.3,MEDIUM,NETWORK,LOW,NONE,NONE,3.9,,0
CVE-2026-23412,2026-04-02,3.1,7.8,HIGH,LOCAL,LOW,LOW,NONE,1.8,linux:linux_kernel,1
CVE-2026-23413,2026-04-02,3.1,7.8,HIGH,LOCAL,LOW,LOW,NONE,1.8,linux:linux_kernel,1
CVE-2026-23414,2026-04-02,3.1,7.5,HIGH,NETWORK,LOW,NONE,NONE,3.9,linux:linux_kernel,1
CVE-2026-23415,2026-04-02,3.1,7.8,HIGH,LOCAL,LOW,LOW,NONE,1.8,linux:linux_kernel,1
CVE-2026-23416,2026-04-02,3.1,5.5,MEDIUM,LOCAL,LOW,LOW,NONE,1.8,linux:linux_kernel,1
CVE-2026-23417,2026-04-02,3.1,5.5,MEDIUM,LOCAL,LOW,LOW,NONE,1.8,linux:linux_kernel,1
CVE-2026-5327,2026-04-02,3.1,6.3,MEDIUM,NETWORK,LOW,LOW,NONE,2.8,,0
CVE-2026-34890,2026-04-02,3.1,6.5,MEDIUM,NETWORK,LOW,LOW,REQUIRED,2.3,,0
CVE-2026-3872,2026-04-02,3.1,7.3,HIGH,NETWORK,LOW,LOW,REQUIRED,2.1,redhat:build_of_keycloak,1
CVE-2026-4282,2026-04-02,3.1,7.4,HIGH,NETWORK,HIGH,NONE,NONE,2.2,redhat:build_of_keycloak,1
CVE-2026-4325,2026-04-02,3.1,5.3,MEDIUM,NETWORK,HIGH,NONE,REQUIRED,1.6,redhat:build_of_keycloak,1
CVE-2026-4634,2026-04-02,3.1,7.5,HIGH,NETWORK,LOW,NONE,NONE,3.9,redhat:build_of_keycloak,1
CVE-2026-4636,2026-04-02,3.1,8.1,HIGH,NETWORK,LOW,LOW,NONE,2.8,redhat:build_of_keycloak,1
CVE-2026-5328,2026-04-02,3.1,6.3,MEDIUM,NETWORK,LOW,LOW,NONE,2.8,,0
CVE-2026-5330,2026-04-02,3.1,6.5,MEDIUM,NETWORK,LOW,NONE,NONE,3.9,,0
CVE-2026-5331,2026-04-02,3.1,4.7,MEDIUM,NETWORK,LOW,HIGH,NONE,1.2,,0
CVE-2026-28805,2026-04-02,3.1,8.8,HIGH,NETWORK,LOW,LOW,NONE,2.8,devcode:openstamanager,1
CVE-2026-29782,2026-04-02,3.1,7.2,HIGH,NETWORK,LOW,HIGH,NONE,1.2,devcode:openstamanager,1
CVE-2026-2699,2026-04-02,3.1,9.8,CRITICAL,NETWORK,LOW,NONE,NONE,3.9,progress:sharefile_storage_zones_controller,1
CVE-2026-2701,2026-04-02,3.1,9.1,CRITICAL,NETWORK,LOW,HIGH,NONE,2.3,progress:sharefile_storage_zones_controller,1
CVE-2026-2737,2026-04-02,3.1,6.1,MEDIUM,NETWORK,LOW,NONE,REQUIRED,2.8,progress:flowmon,1
CVE-2026-30867,2026-04-02,3.1,5.7,MEDIUM,NETWORK,LOW,LOW,REQUIRED,2.1,emqx:cocoamqtt,1
CVE-2026-31931,2026-04-02,3.1,7.5,HIGH,NETWORK,LOW,NONE,NONE,3.9,oisf:suricata,1
CVE-2026-31932,2026-04-02,3.1,7.5,HIGH,NETWORK,LOW,NONE,NONE,3.9,oisf:suricata,1
CVE-2026-31933,2026-04-02,3.1,7.5,HIGH,NETWORK,LOW,NONE,NONE,3.9,oisf:suricata,1
CVE-2026-35168,2026-04-02,3.1,8.8,HIGH,NETWORK,LOW,LOW,NONE,2.8,devcode:openstamanager,1
CVE-2026-3692,2026-04-02,3.1,8.8,HIGH,NETWORK,LOW,LOW,NONE,2.8,progress:flowmon,1
CVE-2026-5332,2026-04-02,3.1,3.5,LOW,NETWORK,LOW,LOW,REQUIRED,2.1,xiaopi:panel,1
CVE-2026-5333,2026-04-02,3.1,7.3,HIGH,NETWORK,LOW,NONE,NONE,3.9,defaultfuction:content_management_system,1
CVE-2026-5334,2026-04-02,3.1,7.3,HIGH,NETWORK,LOW,NONE,NONE,3.9,itsourcecode:online_enrollment_system,1
CVE-2026-5338,2026-04-02,3.1,4.7,MEDIUM,NETWORK,LOW,HIGH,NONE,1.2,tenda:g103_firmware,1
CVE-2026-31934,2026-04-02,3.1,7.5,HIGH,NETWORK,LOW,NONE,NONE,3.9,oisf:suricata,1
CVE-2026-31935,2026-04-02,3.1,7.5,HIGH,NETWORK,LOW,NONE,NONE,3.9,oisf:suricata,1
CVE-2026-31937,2026-04-02,3.1,7.5,HIGH,NETWORK,LOW,NONE,NONE,3.9,oisf:suricata,1
CVE-2026-32629,2026-04-02,3.1,6.1,MEDIUM,NETWORK,LOW,NONE,REQUIRED,2.8,phpmyfaq:phpmyfaq,1
CVE-2026-32871,2026-04-02,3.1,10.0,CRITICAL,NETWORK,LOW,NONE,NONE,3.9,jlowin:fastmcp,1
CVE-2026-33533,2026-04-02,3.1,6.5,MEDIUM,NETWORK,LOW,NONE,REQUIRED,2.8,nicolargo:glances,1
CVE-2026-33544,2026-04-02,3.1,7.7,HIGH,NETWORK,HIGH,LOW,REQUIRED,1.3,tinyauth:tinyauth,1
CVE-2026-33641,2026-04-02,3.1,7.8,HIGH,LOCAL,LOW,LOW,NONE,1.8,nicolargo:glances,1
CVE-2026-34728,2026-04-02,3.1,8.7,HIGH,NETWORK,LOW,LOW,REQUIRED,2.3,phpmyfaq:phpmyfaq,1
CVE-2026-34729,2026-04-02,3.1,6.1,MEDIUM,NETWORK,LOW,HIGH,REQUIRED,0.9,phpmyfaq:phpmyfaq,1
CVE-2026-34790,2026-04-02,3.1,7.1,HIGH,NETWORK,LOW,LOW,NONE,2.8,endian:firewall_community,1
CVE-2026-34791,2026-04-02,3.1,8.8,HIGH,NETWORK,LOW,LOW,NONE,2.8,endian:firewall_community,1
CVE-2026-34792,2026-04-02,3.1,8.8,HIGH,NETWORK,LOW,LOW,NONE,2.8,endian:firewall_community,1
CVE-2026-34793,2026-04-02,3.1,8.8,HIGH,NETWORK,LOW,LOW,NONE,2.8,endian:firewall_community,1
CVE-2026-34794,2026-04-02,3.1,8.8,HIGH,NETWORK,LOW,LOW,NONE,2.8,endian:firewall_community,1
CVE-2026-34795,2026-04-02,3.1,8.8,HIGH,NETWORK,LOW,LOW,NONE,2.8,endian:firewall_community,1
CVE-2026-34796,2026-04-02,3.1,8.8,HIGH,NETWORK,LOW,LOW,NONE,2.8,endian:firewall_community,1
CVE-2026-34797,2026-04-02,3.1,8.8,HIGH,NETWORK,LOW,LOW,NONE,2.8,endian:firewall_community,1
CVE-2026-34798,2026-04-02,3.1,6.4,MEDIUM,NETWORK,LOW,LOW,NONE,3.1,endian:firewall_community,1
CVE-2026-34799,2026-04-02,3.1,6.4,MEDIUM,NETWORK,LOW,LOW,NONE,3.1,endian:firewall_community,1
CVE-2026-34800,2026-04-02,3.1,6.4,MEDIUM,NETWORK,LOW,LOW,NONE,3.1,endian:firewall_community,1
CVE-2026-34801,2026-04-02,3.1,6.4,MEDIUM,NETWORK,LOW,LOW,NONE,3.1,endian:firewall_community,1
CVE-2026-34802,2026-04-02,3.1,6.4,MEDIUM,NETWORK,LOW,LOW,NONE,3.1,endian:firewall_community,1
CVE-2026-34803,2026-04-02,3.1,6.4,MEDIUM,NETWORK,LOW,LOW,NONE,3.1,endian:firewall_community,1
CVE-2026-34804,2026-04-02,3.1,6.4,MEDIUM,NETWORK,LOW,LOW,NONE,3.1,endian:firewall_community,1
CVE-2026-34805,2026-04-02,3.1,6.4,MEDIUM,NETWORK,LOW,LOW,NONE,3.1,endian:firewall_community,1
CVE-2026-34806,2026-04-02,3.1,6.4,MEDIUM,NETWORK,LOW,LOW,NONE,3.1,endian:firewall_community,1
CVE-2026-34807,2026-04-02,3.1,6.4,MEDIUM,NETWORK,LOW,LOW,NONE,3.1,endian:firewall_community,1
CVE-2026-34808,2026-04-02,3.1,6.4,MEDIUM,NETWORK,LOW,LOW,NONE,3.1,endian:firewall_community,1
CVE-2026-34809,2026-04-02,3.1,6.4,MEDIUM,NETWORK,LOW,LOW,NONE,3.1,endian:firewall_community,1
CVE-2026-34810,2026-04-02,3.1,6.4,MEDIUM,NETWORK,LOW,LOW,NONE,3.1,endian:firewall_community,1
CVE-2026-34811,2026-04-02,3.1,6.4,MEDIUM,NETWORK,LOW,LOW,NONE,3.1,endian:firewall_community,1
CVE-2026-34812,2026-04-02,3.1,6.4,MEDIUM,NETWORK,LOW,LOW,NONE,3.1,endian:firewall_community,1
CVE-2026-34813,2026-04-02,3.1,6.4,MEDIUM,NETWORK,LOW,LOW,NONE,3.1,endian:firewall_community,1
CVE-2026-34814,2026-04-02,3.1,6.4,MEDIUM,NETWORK,LOW,LOW,NONE,3.1,endian:firewall_community,1
CVE-2026-34815,2026-04-02,3.1,6.4,MEDIUM,NETWORK,LOW,LOW,NONE,3.1,endian:firewall_community,1
CVE-2026-34816,2026-04-02,3.1,6.4,MEDIUM,NETWORK,LOW,LOW,NONE,3.1,endian:firewall_community,1
CVE-2026-34817,2026-04-02,3.1,6.4,MEDIUM,NETWORK,LOW,LOW,NONE,3.1,endian:firewall_community,1
CVE-2026-34818,2026-04-02,3.1,6.4,MEDIUM,NETWORK,LOW,LOW,NONE,3.1,endian:firewall_community,1
CVE-2026-34819,2026-04-02,3.1,6.4,MEDIUM,NETWORK,LOW,LOW,NONE,3.1,endian:firewall_community,1
CVE-2026-34820,2026-04-02,3.1,6.4,MEDIUM,NETWORK,LOW,LOW,NONE,3.1,endian:firewall_community,1
CVE-2026-34821,2026-04-02,3.1,6.4,MEDIUM,NETWORK,LOW,LOW,NONE,3.1,endian:firewall_community,1
CVE-2026-34822,2026-04-02,3.1,6.4,MEDIUM,NETWORK,LOW,LOW,NONE,3.1,endian:firewall_community,1
CVE-2026-34823,2026-04-02,3.1,6.4,MEDIUM,NETWORK,LOW,LOW,NONE,3.1,endian:firewall_community,1
CVE-2026-34973,2026-04-02,3.1,5.3,MEDIUM,NETWORK,LOW,NONE,NONE,3.9,phpmyfaq:phpmyfaq,1
CVE-2026-34974,2026-04-02,3.1,5.4,MEDIUM,NETWORK,LOW,LOW,REQUIRED,2.3,phpmyfaq:phpmyfaq,1
CVE-2026-35002,2026-04-02,3.1,9.8,CRITICAL,NETWORK,LOW,NONE,NONE,3.9,agno:agno,1
CVE-2026-5339,2026-04-02,3.1,4.7,MEDIUM,NETWORK,LOW,HIGH,NONE,1.2,tenda:g103_firmware,1
CVE-2026-5342,2026-04-02,3.1,5.3,MEDIUM,NETWORK,LOW,NONE,NONE,3.9,libraw:libraw,1
CVE-2026-5344,2026-04-02,3.1,6.3,MEDIUM,NETWORK,LOW,LOW,NONE,2.8,,0
CVE-2026-5346,2026-04-02,3.1,7.3,HIGH,NETWORK,LOW,NONE,NONE,3.9,,0
CVE-2026-30332,2026-04-02,3.1,7.5,HIGH,LOCAL,HIGH,LOW,REQUIRED,0.8,,0
CVE-2026-33691,2026-04-02,3.1,6.8,MEDIUM,NETWORK,HIGH,NONE,NONE,2.2,owasp:owasp_modsecurity_core_rule_set,1
CVE-2026-33746,2026-04-02,3.1,9.8,CRITICAL,NETWORK,LOW,NONE,NONE,3.9,convoypanel:convoy,1
CVE-2026-34876,2026-04-02,3.1,7.5,HIGH,NETWORK,LOW,NONE,NONE,3.9,trustedfirmware:mbed_tls,1
CVE-2026-5349,2026-04-02,3.1,8.8,HIGH,NETWORK,LOW,LOW,NONE,2.8,trendnet:tew-657brm_firmware,1
CVE-2026-5350,2026-04-02,3.1,8.8,HIGH,NETWORK,LOW,LOW,NONE,2.8,trendnet:tew-657brm_firmware,1
CVE-2026-5351,2026-04-02,3.1,6.3,MEDIUM,NETWORK,LOW,LOW,NONE,2.8,trendnet:tew-657brm_firmware,1
CVE-2025-58136,2026-04-02,3.1,7.5,HIGH,NETWORK,LOW,NONE,NONE,3.9,apache:traffic_server,1
CVE-2025-65114,2026-04-02,3.1,7.5,HIGH,NETWORK,LOW,NONE,NONE,3.9,apache:traffic_server,1
CVE-2026-25212,2026-04-02,3.1,9.9,CRITICAL,NETWORK,LOW,LOW,NONE,3.1,percona:monitoring_and_management,1
CVE-2026-26895,2026-04-02,3.1,5.3,MEDIUM,NETWORK,LOW,NONE,NONE,3.9,enhancesoft:osticket,1
CVE-2026-26961,2026-04-02,3.1,3.7,LOW,NETWORK,HIGH,NONE,NONE,2.2,rack:rack,1
CVE-2026-30603,2026-04-02,3.1,6.8,MEDIUM,PHYSICAL,LOW,NONE,NONE,0.9,,0
CVE-2026-33950,2026-04-02,3.1,9.4,CRITICAL,NETWORK,LOW,NONE,NONE,3.9,signalk:signal_k_server,1
CVE-2026-33951,2026-04-02,3.1,7.5,HIGH,NETWORK,LOW,NONE,NONE,3.9,signalk:signal_k_server,1
CVE-2026-34083,2026-04-02,3.1,6.1,MEDIUM,NETWORK,LOW,NONE,REQUIRED,2.8,signalk:signal_k_server,1
CVE-2026-34230,2026-04-02,3.1,5.3,MEDIUM,NETWORK,LOW,NONE,NONE,3.9,rack:rack,1
CVE-2026-34763,2026-04-02,3.1,5.3,MEDIUM,NETWORK,LOW,NONE,NONE,3.9,rack:rack,1
CVE-2026-34785,2026-04-02,3.1,7.5,HIGH,NETWORK,LOW,NONE,NONE,3.9,rack:rack,1
CVE-2026-34786,2026-04-02,3.1,5.3,MEDIUM,NETWORK,LOW,NONE,NONE,3.9,rack:rack,1
CVE-2026-34826,2026-04-02,3.1,5.3,MEDIUM,NETWORK,LOW,NONE,NONE,3.9,rack:rack,1
CVE-2026-34829,2026-04-02,3.1,7.5,HIGH,NETWORK,LOW,NONE,NONE,3.9,rack:rack,1
CVE-2026-34830,2026-04-02,3.1,5.9,MEDIUM,NETWORK,HIGH,NONE,NONE,2.2,rack:rack,1
CVE-2026-34831,2026-04-02,3.1,4.8,MEDIUM,NETWORK,HIGH,NONE,NONE,2.2,rack:rack,1
CVE-2026-34877,2026-04-02,3.1,9.8,CRITICAL,NETWORK,LOW,NONE,NONE,3.9,arm:mbed_tls|trustedfirmware:mbed_tls,2
CVE-2026-35038,2026-04-02,3.1,6.5,MEDIUM,NETWORK,LOW,LOW,NONE,2.8,signalk:signal_k_server,1
CVE-2026-35385,2026-04-02,3.1,7.5,HIGH,NETWORK,HIGH,NONE,REQUIRED,1.6,openbsd:openssh,1
CVE-2026-35386,2026-04-02,3.1,3.6,LOW,LOCAL,HIGH,LOW,NONE,1.0,openbsd:openssh,1
CVE-2026-35387,2026-04-02,3.1,3.1,LOW,NETWORK,HIGH,LOW,NONE,1.6,openbsd:openssh,1
CVE-2026-35388,2026-04-02,3.1,2.5,LOW,LOCAL,HIGH,NONE,REQUIRED,1.0,openbsd:openssh,1
CVE-2026-5352,2026-04-02,3.1,6.3,MEDIUM,NETWORK,LOW,LOW,NONE,2.8,trendnet:tew-657brm_firmware,1
CVE-2026-5353,2026-04-02,3.1,6.3,MEDIUM,NETWORK,LOW,LOW,NONE,2.8,trendnet:tew-657brm_firmware,1
CVE-2026-5354,2026-04-02,3.1,6.3,MEDIUM,NETWORK,LOW,LOW,NONE,2.8,trendnet:tew-657brm_firmware,1
CVE-2026-5355,2026-04-02,3.1,6.3,MEDIUM,NETWORK,LOW,LOW,NONE,2.8,trendnet:tew-657brm_firmware,1
CVE-2026-5360,2026-04-02,3.1,3.7,LOW,NETWORK,HIGH,NONE,NONE,2.2,free5gc:free5gc,1
CVE-2026-26962,2026-04-02,3.1,4.8,MEDIUM,NETWORK,HIGH,NONE,NONE,2.2,rack:rack,1
CVE-2026-27774,2026-04-02,3.0,6.7,MEDIUM,LOCAL,HIGH,LOW,REQUIRED,0.8,acronis:true_image,1
CVE-2026-28728,2026-04-02,3.0,6.7,MEDIUM,LOCAL,HIGH,LOW,REQUIRED,0.8,acronis:true_image,1
CVE-2026-32762,2026-04-02,3.1,4.8,MEDIUM,NETWORK,HIGH,NONE,NONE,2.2,rack:rack,1
CVE-2026-33271,2026-04-02,3.0,6.7,MEDIUM,LOCAL,HIGH,LOW,REQUIRED,0.8,acronis:true_image,1
CVE-2026-34118,2026-04-02,3.1,6.5,MEDIUM,ADJACENT,LOW,NONE,NONE,2.8,tp-link:tapo_c520ws_firmware,1
CVE-2026-34119,2026-04-02,3.1,6.5,MEDIUM,ADJACENT,LOW,NONE,NONE,2.8,tp-link:tapo_c520ws_firmware,1
CVE-2026-34120,2026-04-02,3.1,6.5,MEDIUM,ADJACENT,LOW,NONE,NONE,2.8,tp-link:tapo_c520ws_firmware,1
CVE-2026-34121,2026-04-02,3.1,8.8,HIGH,ADJACENT,LOW,NONE,NONE,2.8,tp-link:tapo_c520ws_firmware,1
CVE-2026-34122,2026-04-02,3.1,6.5,MEDIUM,ADJACENT,LOW,NONE,NONE,2.8,tp-link:tapo_c520ws_firmware,1
CVE-2026-34124,2026-04-02,3.1,6.5,MEDIUM,ADJACENT,LOW,NONE,NONE,2.8,tp-link:tapo_c520ws_firmware,1
CVE-2026-34522,2026-04-02,3.1,8.1,HIGH,NETWORK,LOW,LOW,NONE,2.8,sillytavern:sillytavern,1
CVE-2026-34523,2026-04-02,3.1,5.3,MEDIUM,NETWORK,LOW,NONE,NONE,3.9,sillytavern:sillytavern,1
CVE-2026-34524,2026-04-02,3.1,8.3,HIGH,NETWORK,LOW,LOW,NONE,2.8,sillytavern:sillytavern,1
CVE-2026-34526,2026-04-02,3.1,5.0,MEDIUM,NETWORK,LOW,LOW,NONE,3.1,sillytavern:sillytavern,1
CVE-2026-34576,2026-04-02,3.1,7.7,HIGH,NETWORK,LOW,LOW,NONE,3.1,gitroom:postiz,1
CVE-2026-34577,2026-04-02,3.1,8.6,HIGH,NETWORK,LOW,NONE,NONE,3.9,gitroom:postiz,1
CVE-2026-34584,2026-04-02,3.1,5.4,MEDIUM,NETWORK,LOW,LOW,NONE,2.8,nadh:listmonk,1
CVE-2026-34590,2026-04-02,3.1,5.4,MEDIUM,NETWORK,LOW,LOW,NONE,2.8,gitroom:postiz,1
CVE-2026-34591,2026-04-02,3.1,6.5,MEDIUM,NETWORK,LOW,NONE,REQUIRED,2.8,python-poetry:poetry,1
CVE-2026-34593,2026-04-02,3.1,7.5,HIGH,NETWORK,LOW,NONE,NONE,3.9,ash-hq:ash_framework,1
CVE-2026-34598,2026-04-02,3.1,6.1,MEDIUM,NETWORK,LOW,NONE,REQUIRED,2.8,yeswiki:yeswiki,1
CVE-2026-34601,2026-04-02,3.1,7.5,HIGH,NETWORK,LOW,NONE,NONE,3.9,,0
CVE-2026-34606,2026-04-02,3.1,6.1,MEDIUM,NETWORK,LOW,NONE,REQUIRED,2.8,frappe:learning,1
CVE-2026-34608,2026-04-02,3.1,4.9,MEDIUM,NETWORK,LOW,HIGH,NONE,1.2,emqx:nanomq,1
CVE-2026-34610,2026-04-02,3.1,5.9,MEDIUM,NETWORK,HIGH,NONE,NONE,2.2,leancrypto:leancrypto,1
CVE-2026-34715,2026-04-02,3.1,5.3,MEDIUM,NETWORK,LOW,NONE,NONE,3.9,vshakitskiy:ewe,1
CVE-2026-34717,2026-04-02,3.1,9.9,CRITICAL,NETWORK,LOW,LOW,NONE,3.1,openproject:openproject,1
CVE-2026-34725,2026-04-02,3.1,8.2,HIGH,LOCAL,LOW,LOW,REQUIRED,1.5,,0
CVE-2026-34827,2026-04-02,3.1,7.5,HIGH,NETWORK,LOW,NONE,NONE,3.9,rack:rack,1
CVE-2026-34828,2026-04-02,3.1,7.1,HIGH,NETWORK,LOW,LOW,NONE,2.8,nadh:listmonk,1
CVE-2026-34835,2026-04-02,3.1,4.8,MEDIUM,NETWORK,HIGH,NONE,NONE,2.2,rack:rack,1
CVE-2026-35414,2026-04-02,3.1,4.2,MEDIUM,NETWORK,HIGH,LOW,NONE,1.6,openbsd:openssh,1
CVE-2026-5368,2026-04-02,3.1,7.3,HIGH,NETWORK,LOW,NONE,NONE,3.9,projectworlds:car_rental_project,1
CVE-2026-5370,2026-04-02,3.1,3.5,LOW,NETWORK,LOW,LOW,REQUIRED,2.1,,0
CVE-2026-5413,2026-04-02,3.1,3.7,LOW,NETWORK,HIGH,NONE,NONE,2.2,,0
CVE-2026-5414,2026-04-02,3.1,5.3,MEDIUM,NETWORK,LOW,NONE,NONE,3.9,,0
CVE-2023-7342,2026-04-02,3.1,8.8,HIGH,NETWORK,LOW,LOW,NONE,2.8,,0
CVE-2024-40849,2026-04-02,3.1,7.5,HIGH,NETWORK,LOW,NONE,NONE,3.9,apple:macos,1
CVE-2024-40858,2026-04-02,3.1,7.1,HIGH,LOCAL,LOW,LOW,NONE,1.8,apple:macos,1
CVE-2024-44219,2026-04-02,3.1,7.5,HIGH,NETWORK,LOW,NONE,NONE,3.9,apple:macos,1
CVE-2024-44250,2026-04-02,3.1,8.2,HIGH,LOCAL,LOW,HIGH,NONE,1.5,apple:macos,1
CVE-2024-44286,2026-04-02,3.1,7.5,HIGH,NETWORK,LOW,NONE,NONE,3.9,apple:macos,1
CVE-2024-44303,2026-04-02,3.1,7.5,HIGH,NETWORK,LOW,NONE,NONE,3.9,apple:macos,1
CVE-2025-43202,2026-04-02,3.1,8.8,HIGH,NETWORK,LOW,NONE,REQUIRED,2.8,apple:ipados|apple:iphone_os|apple:macos,3
CVE-2025-43210,2026-04-02,3.1,6.3,MEDIUM,NETWORK,LOW,NONE,REQUIRED,2.8,apple:ipados|apple:iphone_os|apple:macos|apple:tvos|apple:visionos|apple:watchos,6
CVE-2025-43219,2026-04-02,3.1,8.8,HIGH,NETWORK,LOW,NONE,REQUIRED,2.8,apple:macos,1
CVE-2025-43236,2026-04-02,3.1,3.3,LOW,LOCAL,LOW,NONE,REQUIRED,1.8,apple:macos,1
CVE-2025-43238,2026-04-02,3.1,6.2,MEDIUM,LOCAL,LOW,NONE,NONE,2.5,apple:macos,1
CVE-2025-43257,2026-04-02,3.1,8.7,HIGH,LOCAL,LOW,LOW,NONE,2.0,apple:macos,1
CVE-2025-43264,2026-04-02,3.1,8.8,HIGH,NETWORK,LOW,NONE,REQUIRED,2.8,apple:macos,1
CVE-2026-34425,2026-04-02,3.1,5.4,MEDIUM,NETWORK,LOW,LOW,NONE,2.8,openclaw:openclaw,1
CVE-2026-34426,2026-04-02,3.1,7.6,HIGH,NETWORK,LOW,LOW,REQUIRED,2.3,openclaw:openclaw,1
CVE-2026-34581,2026-04-02,3.1,8.1,HIGH,NETWORK,LOW,NONE,REQUIRED,2.8,goshs:goshs,1
CVE-2026-34726,2026-04-02,3.1,4.4,MEDIUM,LOCAL,LOW,NONE,REQUIRED,1.8,copier-org:copier,1
CVE-2026-34730,2026-04-02,3.1,5.5,MEDIUM,LOCAL,LOW,NONE,REQUIRED,1.8,copier-org:copier,1
CVE-2026-34736,2026-04-02,3.1,5.3,MEDIUM,NETWORK,LOW,NONE,NONE,3.9,,0
CVE-2026-34742,2026-04-02,3.1,8.1,HIGH,NETWORK,LOW,NONE,REQUIRED,2.8,lfprojects:mcp_go_sdk,1
CVE-2026-34743,2026-04-02,3.1,5.3,MEDIUM,NETWORK,LOW,NONE,NONE,3.9,tukaani:xz,1
CVE-2026-34745,2026-04-02,3.1,9.1,CRITICAL,NETWORK,LOW,NONE,NONE,3.9,shaneisrael:fireshare,1
CVE-2026-34752,2026-04-02,3.1,7.5,HIGH,NETWORK,LOW,NONE,NONE,3.9,haraka_project:haraka,1
CVE-2026-34758,2026-04-02,3.1,9.1,CRITICAL,NETWORK,LOW,NONE,NONE,3.9,hackerbay:oneuptime,1
CVE-2026-34759,2026-04-02,3.1,8.1,HIGH,NETWORK,HIGH,NONE,NONE,2.2,hackerbay:oneuptime,1
CVE-2026-5417,2026-04-02,3.1,4.7,MEDIUM,NETWORK,LOW,HIGH,NONE,1.2,,0
CVE-2026-5418,2026-04-02,3.1,7.3,HIGH,NETWORK,LOW,NONE,NONE,3.9,,0
CVE-2026-5429,2026-04-02,3.1,7.8,HIGH,LOCAL,LOW,NONE,REQUIRED,1.8,,0
CVE-2023-7343,2026-04-02,3.1,7.8,HIGH,LOCAL,LOW,NONE,REQUIRED,1.8,,0
CVE-2024-14034,2026-04-02,3.1,9.8,CRITICAL,NETWORK,LOW,NONE,NONE,3.9,,0
CVE-2026-34760,2026-04-02,3.1,5.9,MEDIUM,NETWORK,HIGH,LOW,NONE,1.6,vllm:vllm,1
CVE-2026-34761,2026-04-02,3.1,5.8,MEDIUM,NETWORK,HIGH,HIGH,NONE,1.3,ellanetworks:ella_core,1
CVE-2026-34762,2026-04-02,3.1,2.7,LOW,NETWORK,LOW,HIGH,NONE,1.2,ellanetworks:ella_core,1
CVE-2026-34825,2026-04-02,3.1,6.5,MEDIUM,NETWORK,LOW,HIGH,NONE,1.2,nocobase:nocobase,1
CVE-2026-34832,2026-04-02,3.1,6.5,MEDIUM,NETWORK,LOW,LOW,NONE,2.8,erudika:scoold,1
CVE-2026-34833,2026-04-02,3.1,7.5,HIGH,NETWORK,LOW,NONE,NONE,3.9,bulwarkmail:webmail,1
CVE-2026-34834,2026-04-02,3.1,7.5,HIGH,NETWORK,LOW,NONE,NONE,3.9,bulwarkmail:webmail,1
CVE-2026-34838,2026-04-02,3.1,9.9,CRITICAL,NETWORK,LOW,LOW,NONE,3.1,intermesh:group-office,1
CVE-2026-34840,2026-04-02,3.1,8.1,HIGH,NETWORK,LOW,LOW,NONE,2.8,hackerbay:oneuptime,1
CVE-2026-34847,2026-04-02,3.1,4.7,MEDIUM,NETWORK,LOW,NONE,REQUIRED,2.8,hoppscotch:hoppscotch,1
CVE-2026-34848,2026-04-02,3.1,5.4,MEDIUM,NETWORK,LOW,LOW,REQUIRED,2.3,hoppscotch:hoppscotch,1
CVE-2026-34931,2026-04-02,3.1,9.6,CRITICAL,NETWORK,LOW,NONE,REQUIRED,2.8,hoppscotch:hoppscotch,1
CVE-2026-34932,2026-04-02,3.1,9.3,CRITICAL,NETWORK,LOW,NONE,REQUIRED,2.8,hoppscotch:hoppscotch,1
CVE-2026-35053,2026-04-02,3.1,9.8,CRITICAL,NETWORK,LOW,NONE,NONE,3.9,hackerbay:oneuptime,1
CVE-2026-35383,2026-04-02,3.1,6.5,MEDIUM,NETWORK,LOW,NONE,NONE,3.9,,0
CVE-2026-5420,2026-04-02,3.1,2.5,LOW,LOCAL,HIGH,LOW,NONE,1.0,,0
CVE-2024-14033,2026-04-02,3.1,7.5,HIGH,NETWORK,LOW,NONE,NONE,3.9,,0
CVE-2025-15620,2026-04-02,3.1,8.6,HIGH,NETWORK,LOW,NONE,NONE,3.9,belden:hios_switch,1
CVE-2026-30251,2026-04-02,3.1,6.1,MEDIUM,NETWORK,LOW,NONE,REQUIRED,2.8,interzen:zenshare_suite,1
CVE-2026-30252,2026-04-02,3.1,6.1,MEDIUM,NETWORK,LOW,NONE,REQUIRED,2.8,interzen:zencrm|interzen:zenhr|interzen:zenproject|interzen:zenpurchase,4
CVE-2026-35466,2026-04-02,3.1,6.1,MEDIUM,NETWORK,LOW,NONE,REQUIRED,2.8,cmu:cveclient,1
CVE-2026-35467,2026-04-02,3.1,7.5,HIGH,NETWORK,LOW,NONE,NONE,3.9,cmu:cveclient,1
CVE-2022-4986,2026-04-02,3.1,7.5,HIGH,NETWORK,LOW,NONE,NONE,3.9,beldan:eaglesdv_firmware,1
CVE-2026-26135,2026-04-03,3.1,9.6,CRITICAL,NETWORK,LOW,LOW,NONE,3.1,microsoft:azure_custom_locations_resource_provider,1
CVE-2026-32173,2026-04-03,3.1,8.6,HIGH,NETWORK,LOW,NONE,NONE,3.9,microsoft:azure_sre_agent,1
CVE-2026-32211,2026-04-03,3.1,9.1,CRITICAL,NETWORK,LOW,NONE,NONE,3.9,microsoft:azure_web_apps,1
CVE-2026-32213,2026-04-03,3.1,10.0,CRITICAL,NETWORK,LOW,NONE,NONE,3.9,microsoft:azure_ai_foundry,1
CVE-2026-33105,2026-04-03,3.1,10.0,CRITICAL,NETWORK,LOW,NONE,NONE,3.9,microsoft:azure_kubernetes_service,1
CVE-2026-33107,2026-04-03,3.1,10.0,CRITICAL,NETWORK,LOW,NONE,NONE,3.9,microsoft:azure_databricks,1
CVE-2026-35507,2026-04-03,3.1,6.4,MEDIUM,NETWORK,HIGH,NONE,REQUIRED,1.6,shynet:shynet,1
CVE-2026-35508,2026-04-03,3.1,5.4,MEDIUM,NETWORK,HIGH,NONE,NONE,2.2,shynet:shynet,1
CVE-2026-28815,2026-04-03,3.1,7.5,HIGH,NETWORK,LOW,NONE,NONE,3.9,apple:swift-crypto,1
CVE-2026-35535,2026-04-03,3.1,7.4,HIGH,LOCAL,HIGH,NONE,NONE,1.4,sudo_project:sudo|siemens:sinec_os,2
CVE-2026-35536,2026-04-03,3.1,7.2,HIGH,NETWORK,LOW,NONE,NONE,3.9,tornadoweb:tornado,1
CVE-2026-35537,2026-04-03,3.1,3.7,LOW,NETWORK,HIGH,NONE,NONE,2.2,roundcube:webmail,1
CVE-2026-5452,2026-04-03,3.1,3.3,LOW,LOCAL,LOW,LOW,NONE,1.8,,0
CVE-2026-35538,2026-04-03,3.1,3.1,LOW,NETWORK,HIGH,LOW,NONE,1.6,roundcube:webmail,1
CVE-2026-35539,2026-04-03,3.1,6.1,MEDIUM,NETWORK,LOW,NONE,REQUIRED,2.8,roundcube:webmail,1
CVE-2026-35540,2026-04-03,3.1,5.4,MEDIUM,NETWORK,HIGH,NONE,NONE,2.2,roundcube:webmail,1
CVE-2026-35541,2026-04-03,3.1,4.2,MEDIUM,NETWORK,HIGH,LOW,NONE,1.6,roundcube:webmail,1
CVE-2026-35542,2026-04-03,3.1,5.3,MEDIUM,NETWORK,LOW,NONE,NONE,3.9,roundcube:webmail,1
CVE-2026-35543,2026-04-03,3.1,5.3,MEDIUM,NETWORK,LOW,NONE,NONE,3.9,roundcube:webmail,1
CVE-2026-35544,2026-04-03,3.1,5.3,MEDIUM,NETWORK,LOW,NONE,NONE,3.9,roundcube:webmail,1
CVE-2026-35545,2026-04-03,3.1,5.3,MEDIUM,NETWORK,LOW,NONE,NONE,3.9,roundcube:webmail,1
CVE-2026-35549,2026-04-03,3.1,6.5,MEDIUM,NETWORK,LOW,LOW,NONE,2.8,mariadb:mariadb,1
CVE-2026-5453,2026-04-03,3.1,3.3,LOW,LOCAL,LOW,LOW,NONE,1.8,,0
CVE-2026-5454,2026-04-03,3.1,3.3,LOW,LOCAL,LOW,LOW,NONE,1.8,,0
CVE-2026-5463,2026-04-03,3.1,8.6,HIGH,NETWORK,LOW,NONE,NONE,3.9,danmcinerney:pymetasploit3,1
CVE-2026-5455,2026-04-03,3.1,3.3,LOW,LOCAL,LOW,LOW,NONE,1.8,,0
CVE-2026-5456,2026-04-03,3.1,3.3,LOW,LOCAL,LOW,LOW,NONE,1.8,,0
CVE-2026-5457,2026-04-03,3.1,3.3,LOW,LOCAL,LOW,LOW,NONE,1.8,,0
CVE-2026-5458,2026-04-03,3.1,3.3,LOW,LOCAL,LOW,LOW,NONE,1.8,,0
CVE-2025-7024,2026-04-03,3.1,7.3,HIGH,LOCAL,LOW,LOW,REQUIRED,1.3,airbus:tetra_connectivity_server,1
CVE-2026-4350,2026-04-03,3.1,8.1,HIGH,NETWORK,LOW,LOW,NONE,2.8,,0
CVE-2026-5462,2026-04-03,3.1,3.3,LOW,LOCAL,LOW,LOW,NONE,1.8,,0
CVE-2026-28754,2026-04-03,3.1,7.3,HIGH,NETWORK,LOW,LOW,REQUIRED,2.1,zohocorp:manageengine_exchange_reporter_plus,1
CVE-2026-28756,2026-04-03,3.1,7.3,HIGH,NETWORK,LOW,LOW,REQUIRED,2.1,zohocorp:manageengine_exchange_reporter_plus,1
CVE-2026-28703,2026-04-03,3.1,7.3,HIGH,NETWORK,LOW,LOW,REQUIRED,2.1,zohocorp:manageengine_exchange_reporter_plus,1
CVE-2026-3879,2026-04-03,3.1,7.3,HIGH,NETWORK,LOW,LOW,REQUIRED,2.1,zohocorp:manageengine_exchange_reporter_plus,1
CVE-2026-3880,2026-04-03,3.1,7.3,HIGH,NETWORK,LOW,LOW,REQUIRED,2.1,zohocorp:manageengine_exchange_reporter_plus,1
CVE-2026-4107,2026-04-03,3.1,7.3,HIGH,NETWORK,LOW,LOW,REQUIRED,2.1,zohocorp:manageengine_exchange_reporter_plus,1
CVE-2026-4108,2026-04-03,3.1,7.3,HIGH,NETWORK,LOW,LOW,REQUIRED,2.1,zohocorp:manageengine_exchange_reporter_plus,1
CVE-2026-5467,2026-04-03,3.1,4.3,MEDIUM,NETWORK,LOW,NONE,REQUIRED,2.8,casbin:casdoor,1
CVE-2026-27655,2026-04-03,3.1,7.3,HIGH,NETWORK,LOW,LOW,REQUIRED,2.1,zohocorp:manageengine_exchange_reporter_plus,1
CVE-2026-23418,2026-04-03,3.1,5.5,MEDIUM,LOCAL,LOW,LOW,NONE,1.8,linux:linux_kernel,1
CVE-2026-23419,2026-04-03,3.1,7.5,HIGH,NETWORK,LOW,NONE,NONE,3.9,linux:linux_kernel,1
CVE-2026-23420,2026-04-03,3.1,5.5,MEDIUM,LOCAL,LOW,LOW,NONE,1.8,linux:linux_kernel,1
CVE-2026-23421,2026-04-03,3.1,5.5,MEDIUM,LOCAL,LOW,LOW,NONE,1.8,linux:linux_kernel,1
CVE-2026-23422,2026-04-03,3.1,7.8,HIGH,LOCAL,LOW,LOW,NONE,1.8,linux:linux_kernel,1
CVE-2026-23423,2026-04-03,3.1,5.5,MEDIUM,LOCAL,LOW,LOW,NONE,1.8,linux:linux_kernel,1
CVE-2026-23424,2026-04-03,3.1,7.1,HIGH,LOCAL,LOW,LOW,NONE,1.8,linux:linux_kernel,1
CVE-2026-23425,2026-04-03,3.1,8.8,HIGH,LOCAL,LOW,LOW,NONE,2.0,linux:linux_kernel,1
CVE-2026-23426,2026-04-03,3.1,5.5,MEDIUM,LOCAL,LOW,LOW,NONE,1.8,linux:linux_kernel,1
CVE-2026-25773,2026-04-03,3.1,8.1,HIGH,NETWORK,LOW,LOW,NONE,2.8,mattermost:focalboard,1
CVE-2026-28736,2026-04-03,3.1,4.3,MEDIUM,NETWORK,LOW,LOW,NONE,2.8,mattermost:focalboard,1
CVE-2026-5468,2026-04-03,3.1,3.5,LOW,NETWORK,LOW,LOW,REQUIRED,2.1,casbin:casdoor,1
CVE-2025-59709,2026-04-03,3.1,6.8,MEDIUM,NETWORK,LOW,HIGH,NONE,2.3,kovai:biztalk360,1
CVE-2025-59710,2026-04-03,3.1,8.8,HIGH,NETWORK,LOW,NONE,REQUIRED,2.8,kovai:biztalk360,1
CVE-2025-59711,2026-04-03,3.1,8.3,HIGH,NETWORK,LOW,LOW,NONE,2.8,kovai:biztalk360,1
CVE-2026-26477,2026-04-03,3.1,4.3,MEDIUM,NETWORK,LOW,LOW,NONE,2.8,dokuwiki:dokuwiki,1
CVE-2026-5469,2026-04-03,3.1,4.7,MEDIUM,NETWORK,LOW,HIGH,NONE,1.2,casbin:casdoor,1
CVE-2025-64340,2026-04-03,3.1,6.7,MEDIUM,LOCAL,HIGH,LOW,REQUIRED,0.8,jlowin:fastmcp,1
CVE-2025-68152,2026-04-03,3.1,4.9,MEDIUM,NETWORK,LOW,HIGH,NONE,1.2,canonical:juju,1
CVE-2025-68153,2026-04-03,3.1,6.5,MEDIUM,NETWORK,LOW,LOW,NONE,2.8,canonical:juju,1
CVE-2026-23427,2026-04-03,3.1,9.8,CRITICAL,NETWORK,LOW,NONE,NONE,3.9,linux:linux_kernel,1
CVE-2026-23428,2026-04-03,3.1,9.8,CRITICAL,NETWORK,LOW,NONE,NONE,3.9,linux:linux_kernel,1
CVE-2026-23429,2026-04-03,3.1,7.8,HIGH,LOCAL,LOW,LOW,NONE,1.8,linux:linux_kernel,1
CVE-2026-23430,2026-04-03,3.1,5.5,MEDIUM,LOCAL,LOW,LOW,NONE,1.8,linux:linux_kernel,1
CVE-2026-23431,2026-04-03,3.1,5.5,MEDIUM,LOCAL,LOW,LOW,NONE,1.8,linux:linux_kernel,1
CVE-2026-23432,2026-04-03,3.1,7.8,HIGH,LOCAL,LOW,LOW,NONE,1.8,linux:linux_kernel,1
CVE-2026-23433,2026-04-03,3.1,5.5,MEDIUM,LOCAL,LOW,LOW,NONE,1.8,linux:linux_kernel,1
CVE-2026-23434,2026-04-03,3.1,7.1,HIGH,LOCAL,LOW,LOW,NONE,1.8,linux:linux_kernel,1
CVE-2026-23435,2026-04-03,3.1,5.5,MEDIUM,LOCAL,LOW,LOW,NONE,1.8,linux:linux_kernel,1
CVE-2026-23436,2026-04-03,3.1,5.5,MEDIUM,LOCAL,LOW,LOW,NONE,1.8,linux:linux_kernel,1
CVE-2026-23437,2026-04-03,3.1,7.8,HIGH,LOCAL,LOW,LOW,NONE,1.8,linux:linux_kernel,1
CVE-2026-23438,2026-04-03,3.1,5.5,MEDIUM,LOCAL,LOW,LOW,NONE,1.8,linux:linux_kernel,1
CVE-2026-23439,2026-04-03,3.1,5.5,MEDIUM,LOCAL,LOW,LOW,NONE,1.8,linux:linux_kernel,1
CVE-2026-23440,2026-04-03,3.1,7.5,HIGH,NETWORK,LOW,NONE,NONE,3.9,linux:linux_kernel,1
CVE-2026-23441,2026-04-03,3.1,4.7,MEDIUM,LOCAL,HIGH,LOW,NONE,1.0,linux:linux_kernel,1
CVE-2026-23442,2026-04-03,3.1,5.5,MEDIUM,LOCAL,LOW,LOW,NONE,1.8,linux:linux_kernel,1
CVE-2026-23443,2026-04-03,3.1,5.5,MEDIUM,LOCAL,LOW,LOW,NONE,1.8,linux:linux_kernel,1
CVE-2026-23444,2026-04-03,3.1,7.8,HIGH,LOCAL,LOW,LOW,NONE,1.8,linux:linux_kernel,1
CVE-2026-23445,2026-04-03,3.1,7.8,HIGH,LOCAL,LOW,LOW,NONE,1.8,linux:linux_kernel,1
CVE-2026-23446,2026-04-03,3.1,5.5,MEDIUM,LOCAL,LOW,LOW,NONE,1.8,linux:linux_kernel,1
CVE-2026-23447,2026-04-03,3.1,7.8,HIGH,LOCAL,LOW,LOW,NONE,1.8,linux:linux_kernel,1
CVE-2026-23448,2026-04-03,3.1,7.8,HIGH,LOCAL,LOW,LOW,NONE,1.8,linux:linux_kernel,1
CVE-2026-23449,2026-04-03,3.1,7.8,HIGH,LOCAL,LOW,LOW,NONE,1.8,linux:linux_kernel,1
CVE-2026-23450,2026-04-03,3.1,9.8,CRITICAL,NETWORK,LOW,NONE,NONE,3.9,linux:linux_kernel,1
CVE-2026-23451,2026-04-03,3.1,7.5,HIGH,NETWORK,LOW,NONE,NONE,3.9,linux:linux_kernel,1
CVE-2026-23452,2026-04-03,3.1,4.7,MEDIUM,LOCAL,HIGH,LOW,NONE,1.0,linux:linux_kernel,1
CVE-2026-23453,2026-04-03,3.1,7.5,HIGH,NETWORK,LOW,NONE,NONE,3.9,linux:linux_kernel,1
CVE-2026-23454,2026-04-03,3.1,7.0,HIGH,LOCAL,HIGH,LOW,NONE,1.0,linux:linux_kernel,1
CVE-2026-23455,2026-04-03,3.1,9.1,CRITICAL,NETWORK,LOW,NONE,NONE,3.9,linux:linux_kernel,1
CVE-2026-23456,2026-04-03,3.1,8.2,HIGH,NETWORK,LOW,NONE,NONE,3.9,linux:linux_kernel,1
CVE-2026-23457,2026-04-03,3.1,8.6,HIGH,NETWORK,LOW,NONE,NONE,3.9,linux:linux_kernel,1
CVE-2026-23458,2026-04-03,3.1,7.8,HIGH,LOCAL,LOW,LOW,NONE,1.8,linux:linux_kernel,1
CVE-2026-23459,2026-04-03,3.1,8.2,HIGH,NETWORK,LOW,NONE,NONE,3.9,linux:linux_kernel,1
CVE-2026-23460,2026-04-03,3.1,5.5,MEDIUM,LOCAL,LOW,LOW,NONE,1.8,linux:linux_kernel,1
CVE-2026-23461,2026-04-03,3.1,8.8,HIGH,ADJACENT,LOW,NONE,NONE,2.8,linux:linux_kernel,1
CVE-2026-23462,2026-04-03,3.1,8.8,HIGH,ADJACENT,LOW,NONE,NONE,2.8,linux:linux_kernel,1
CVE-2026-23463,2026-04-03,3.1,4.7,MEDIUM,LOCAL,HIGH,LOW,NONE,1.0,linux:linux_kernel,1
CVE-2026-23464,2026-04-03,3.1,5.5,MEDIUM,LOCAL,LOW,LOW,NONE,1.8,linux:linux_kernel,1
CVE-2026-23465,2026-04-03,3.1,5.5,MEDIUM,LOCAL,LOW,LOW,NONE,1.8,linux:linux_kernel,1
CVE-2026-23466,2026-04-03,3.1,7.8,HIGH,LOCAL,LOW,LOW,NONE,1.8,linux:linux_kernel,1
CVE-2026-23467,2026-04-03,3.1,5.5,MEDIUM,LOCAL,LOW,LOW,NONE,1.8,linux:linux_kernel,1
CVE-2026-23468,2026-04-03,3.1,5.5,MEDIUM,LOCAL,LOW,LOW,NONE,1.8,linux:linux_kernel,1
CVE-2026-23469,2026-04-03,3.1,4.7,MEDIUM,LOCAL,HIGH,LOW,NONE,1.0,linux:linux_kernel,1
CVE-2026-23470,2026-04-03,3.1,5.5,MEDIUM,LOCAL,LOW,LOW,NONE,1.8,linux:linux_kernel,1
CVE-2026-23472,2026-04-03,3.1,5.5,MEDIUM,LOCAL,LOW,LOW,NONE,1.8,linux:linux_kernel,1
CVE-2026-23474,2026-04-03,3.1,5.5,MEDIUM,LOCAL,LOW,LOW,NONE,1.8,linux:linux_kernel,1
CVE-2026-23475,2026-04-03,3.1,5.5,MEDIUM,LOCAL,LOW,LOW,NONE,1.8,linux:linux_kernel,1
CVE-2026-25043,2026-04-03,3.1,5.3,MEDIUM,NETWORK,LOW,NONE,NONE,3.9,budibase:budibase,1
CVE-2026-25044,2026-04-03,3.1,8.8,HIGH,NETWORK,LOW,LOW,NONE,2.8,budibase:budibase,1
CVE-2026-25118,2026-04-03,3.1,7.5,HIGH,NETWORK,LOW,NONE,NONE,3.9,futo:immich,1
CVE-2026-27124,2026-04-03,3.1,6.1,MEDIUM,NETWORK,LOW,NONE,REQUIRED,2.8,jlowin:fastmcp,1
CVE-2026-31389,2026-04-03,3.1,7.8,HIGH,LOCAL,LOW,LOW,NONE,1.8,linux:linux_kernel,1
CVE-2026-31390,2026-04-03,3.1,5.5,MEDIUM,LOCAL,LOW,LOW,NONE,1.8,linux:linux_kernel,1
CVE-2026-31391,2026-04-03,3.1,5.5,MEDIUM,LOCAL,LOW,LOW,NONE,1.8,linux:linux_kernel,1
CVE-2026-31392,2026-04-03,3.1,8.1,HIGH,LOCAL,LOW,HIGH,NONE,1.5,linux:linux_kernel,1
CVE-2026-31393,2026-04-03,3.1,8.1,HIGH,ADJACENT,LOW,NONE,NONE,2.8,linux:linux_kernel,1
CVE-2026-31394,2026-04-03,3.1,5.5,MEDIUM,LOCAL,LOW,LOW,NONE,1.8,linux:linux_kernel,1
CVE-2026-31395,2026-04-03,3.1,7.1,HIGH,LOCAL,LOW,LOW,NONE,1.8,linux:linux_kernel,1
CVE-2026-31396,2026-04-03,3.1,7.8,HIGH,LOCAL,LOW,LOW,NONE,1.8,linux:linux_kernel,1
CVE-2026-31397,2026-04-03,3.1,7.8,HIGH,LOCAL,LOW,LOW,NONE,1.8,linux:linux_kernel,1
CVE-2026-31398,2026-04-03,3.1,7.8,HIGH,LOCAL,LOW,LOW,NONE,1.8,linux:linux_kernel,1
CVE-2026-31399,2026-04-03,3.1,7.8,HIGH,LOCAL,LOW,LOW,NONE,1.8,linux:linux_kernel,1
CVE-2026-31400,2026-04-03,3.1,5.5,MEDIUM,LOCAL,LOW,LOW,NONE,1.8,linux:linux_kernel,1
CVE-2026-31401,2026-04-03,3.1,7.8,HIGH,LOCAL,LOW,LOW,NONE,1.8,linux:linux_kernel,1
CVE-2026-31402,2026-04-03,3.1,9.8,CRITICAL,NETWORK,LOW,NONE,NONE,3.9,linux:linux_kernel,1
CVE-2026-31403,2026-04-03,3.1,7.8,HIGH,LOCAL,LOW,LOW,NONE,1.8,linux:linux_kernel,1
CVE-2026-31404,2026-04-03,3.1,7.8,HIGH,LOCAL,LOW,LOW,NONE,1.8,linux:linux_kernel,1
CVE-2026-31818,2026-04-03,3.1,9.6,CRITICAL,NETWORK,LOW,LOW,NONE,3.1,budibase:budibase,1
CVE-2026-35214,2026-04-03,3.1,8.7,HIGH,NETWORK,LOW,HIGH,NONE,2.3,budibase:budibase,1
CVE-2026-35216,2026-04-03,3.1,9.0,CRITICAL,NETWORK,HIGH,NONE,NONE,2.2,budibase:budibase,1
CVE-2026-35218,2026-04-03,3.1,8.7,HIGH,NETWORK,LOW,LOW,REQUIRED,2.3,budibase:budibase,1
CVE-2026-5470,2026-04-03,3.1,6.3,MEDIUM,NETWORK,LOW,LOW,NONE,2.8,,0
CVE-2026-5471,2026-04-03,3.1,3.3,LOW,LOCAL,LOW,LOW,NONE,1.8,,0
CVE-2026-5472,2026-04-03,3.1,6.3,MEDIUM,NETWORK,LOW,LOW,NONE,2.8,,0
CVE-2026-28373,2026-04-03,3.1,9.6,CRITICAL,NETWORK,LOW,NONE,REQUIRED,2.8,stackfield:stackfield,1
CVE-2026-5473,2026-04-03,3.1,4.5,MEDIUM,LOCAL,HIGH,LOW,NONE,1.0,nasa:core_flight_system,1
CVE-2026-5474,2026-04-03,3.1,6.3,MEDIUM,ADJACENT,LOW,NONE,NONE,2.8,nasa:core_flight_system,1
CVE-2026-0545,2026-04-03,3.1,9.8,CRITICAL,NETWORK,LOW,NONE,NONE,3.9,lfprojects:mlflow,1
CVE-2026-32186,2026-04-03,3.1,10.0,CRITICAL,NETWORK,LOW,NONE,NONE,3.9,microsoft:bing,1
CVE-2026-5475,2026-04-03,3.1,5.5,MEDIUM,ADJACENT,LOW,LOW,NONE,2.1,nasa:core_flight_system,1
CVE-2026-5476,2026-04-03,3.1,4.6,MEDIUM,ADJACENT,HIGH,LOW,NONE,1.2,nasa:core_flight_system,1
CVE-2026-2625,2026-04-03,3.1,4.0,MEDIUM,LOCAL,LOW,NONE,NONE,2.5,redhat:hardened_images|sequoia-pgp:rpm-sequoia|redhat:enterprise_linux,3
CVE-2026-3184,2026-04-03,3.1,3.7,LOW,NETWORK,HIGH,NONE,NONE,2.2,kernel:util-linux|redhat:hardened_images,2
CVE-2026-25726,2026-04-03,3.1,8.1,HIGH,NETWORK,HIGH,NONE,NONE,2.2,cloudreve:cloudreve,1
CVE-2026-28798,2026-04-03,3.1,9.0,CRITICAL,NETWORK,HIGH,NONE,NONE,2.2,zimaspace:zimaos,1
CVE-2026-5484,2026-04-03,3.1,5.3,MEDIUM,NETWORK,LOW,NONE,NONE,3.9,,0
CVE-2017-20237,2026-04-03,3.1,9.8,CRITICAL,NETWORK,LOW,NONE,NONE,3.9,,0
CVE-2020-37216,2026-04-03,3.1,7.5,HIGH,NETWORK,LOW,NONE,NONE,3.9,,0
CVE-2022-4987,2026-04-03,3.1,7.3,HIGH,LOCAL,LOW,LOW,REQUIRED,1.3,,0
CVE-2025-10681,2026-04-03,3.1,8.6,HIGH,NETWORK,LOW,NONE,NONE,3.9,,0
CVE-2026-22661,2026-04-03,3.1,8.1,HIGH,NETWORK,LOW,NONE,REQUIRED,2.8,fka:prompts.chat,1
CVE-2026-22662,2026-04-03,3.1,4.3,MEDIUM,NETWORK,LOW,LOW,NONE,2.8,fka:prompts.chat,1
CVE-2026-22663,2026-04-03,3.1,7.5,HIGH,NETWORK,LOW,NONE,NONE,3.9,fka:prompts.chat,1
CVE-2026-22664,2026-04-03,3.1,7.7,HIGH,NETWORK,LOW,LOW,NONE,3.1,fka:prompts.chat,1
CVE-2026-22665,2026-04-03,3.1,8.1,HIGH,NETWORK,LOW,LOW,NONE,2.8,fka:prompts.chat,1
CVE-2026-25197,2026-04-03,3.1,9.1,CRITICAL,NETWORK,LOW,NONE,NONE,3.9,mygardyn:cloud_api,1
CVE-2026-25742,2026-04-03,3.1,5.3,MEDIUM,NETWORK,LOW,NONE,NONE,3.9,zulip:zulip,1
CVE-2026-26058,2026-04-03,3.1,6.1,MEDIUM,LOCAL,LOW,NONE,REQUIRED,1.8,zulip:zulip,1
CVE-2026-28766,2026-04-03,3.1,9.3,CRITICAL,NETWORK,LOW,NONE,NONE,3.9,mygardyn:cloud_api,1
CVE-2026-28767,2026-04-03,3.1,5.3,MEDIUM,NETWORK,LOW,NONE,NONE,3.9,mygardyn:cloud_api,1
CVE-2026-32646,2026-04-03,3.1,7.5,HIGH,NETWORK,LOW,NONE,NONE,3.9,mygardyn:cloud_api,1
CVE-2026-32662,2026-04-03,3.1,5.3,MEDIUM,NETWORK,LOW,NONE,NONE,3.9,mygardyn:cloud_api,1
CVE-2026-34511,2026-04-03,3.1,5.3,MEDIUM,NETWORK,HIGH,NONE,REQUIRED,1.6,openclaw:openclaw,1
CVE-2026-35558,2026-04-03,3.1,7.8,HIGH,LOCAL,LOW,NONE,REQUIRED,1.8,amazon:athena_odbc,1
CVE-2026-35559,2026-04-03,3.1,6.5,MEDIUM,NETWORK,LOW,NONE,REQUIRED,2.8,amazon:athena_odbc,1
CVE-2026-35560,2026-04-03,3.1,7.4,HIGH,NETWORK,HIGH,NONE,NONE,2.2,amazon:athena_odbc,1
CVE-2026-35561,2026-04-03,3.1,7.4,HIGH,NETWORK,HIGH,NONE,NONE,2.2,amazon:athena_odbc,1
CVE-2026-35562,2026-04-03,3.1,7.5,HIGH,NETWORK,LOW,NONE,NONE,3.9,amazon:athena_odbc,1
CVE-2026-5485,2026-04-03,3.1,7.8,HIGH,LOCAL,LOW,NONE,REQUIRED,1.8,amazon:athena_odbc,1
CVE-2015-10148,2026-04-03,3.1,8.2,HIGH,NETWORK,LOW,NONE,NONE,3.9,,0
CVE-2016-15058,2026-04-03,3.1,8.1,HIGH,ADJACENT,LOW,NONE,NONE,2.8,,0
CVE-2018-25237,2026-04-03,3.1,9.8,CRITICAL,NETWORK,LOW,NONE,NONE,3.9,,0
CVE-2026-27447,2026-04-03,3.1,4.8,MEDIUM,NETWORK,HIGH,HIGH,REQUIRED,0.5,openprinting:cups,1
CVE-2026-27456,2026-04-03,3.1,4.7,MEDIUM,LOCAL,HIGH,LOW,NONE,1.0,kernel:util-linux,1
CVE-2026-27481,2026-04-03,3.1,5.3,MEDIUM,NETWORK,LOW,NONE,NONE,3.9,discourse:discourse,1
CVE-2026-27634,2026-04-03,3.1,9.8,CRITICAL,NETWORK,LOW,NONE,NONE,3.9,piwigo:piwigo,1
CVE-2026-27833,2026-04-03,3.1,7.5,HIGH,NETWORK,LOW,NONE,NONE,3.9,piwigo:piwigo,1
CVE-2026-27834,2026-04-03,3.1,7.2,HIGH,NETWORK,LOW,HIGH,NONE,1.2,piwigo:piwigo,1
CVE-2026-27885,2026-04-03,3.1,7.2,HIGH,NETWORK,LOW,HIGH,NONE,1.2,piwigo:piwigo,1
CVE-2026-28797,2026-04-03,3.1,8.8,HIGH,NETWORK,LOW,LOW,NONE,2.8,infiniflow:ragflow,1
CVE-2026-33175,2026-04-03,3.1,8.8,HIGH,NETWORK,LOW,LOW,NONE,2.8,jupyter:oauthenticator,1
CVE-2026-33709,2026-04-03,3.1,6.1,MEDIUM,NETWORK,LOW,NONE,REQUIRED,2.8,jupyter:jupyterhub,1
CVE-2026-34947,2026-04-03,3.1,5.3,MEDIUM,NETWORK,LOW,NONE,NONE,3.9,discourse:discourse,1
CVE-2026-34978,2026-04-03,3.1,6.5,MEDIUM,NETWORK,LOW,NONE,NONE,3.9,openprinting:cups,1
CVE-2026-34979,2026-04-03,3.1,5.3,MEDIUM,NETWORK,LOW,NONE,NONE,3.9,openprinting:cups,1
CVE-2026-34980,2026-04-03,3.1,7.5,HIGH,ADJACENT,HIGH,NONE,NONE,1.6,openprinting:cups,1
CVE-2026-34990,2026-04-03,3.1,7.8,HIGH,LOCAL,LOW,LOW,NONE,1.8,openprinting:cups,1
CVE-2017-20233,2026-04-03,3.1,5.4,MEDIUM,ADJACENT,LOW,NONE,NONE,2.8,,0
CVE-2017-20234,2026-04-03,3.1,9.8,CRITICAL,NETWORK,LOW,NONE,NONE,3.9,,0
CVE-2017-20235,2026-04-03,3.1,9.1,CRITICAL,NETWORK,LOW,NONE,NONE,3.9,prosoft-technology:icx35-hwc_firmware,1
CVE-2017-20236,2026-04-03,3.1,9.8,CRITICAL,NETWORK,LOW,NONE,NONE,3.9,prosoft-technology:icx35-hwc_firmware,1
CVE-2017-20238,2026-04-03,3.1,7.1,HIGH,NETWORK,LOW,LOW,NONE,2.8,,0
CVE-2018-25236,2026-04-03,3.1,9.8,CRITICAL,NETWORK,LOW,NONE,NONE,3.9,,0
CVE-2021-4477,2026-04-03,3.1,9.1,CRITICAL,NETWORK,LOW,NONE,NONE,3.9,,0
CVE-2026-33184,2026-04-03,3.1,7.5,HIGH,NETWORK,LOW,NONE,NONE,3.9,nimiq:nimiq_proof-of-stake,1
CVE-2026-34052,2026-04-03,3.1,5.9,MEDIUM,NETWORK,HIGH,NONE,NONE,2.2,jupyter:lti_jupyterhub_authenticator,1
CVE-2026-34061,2026-04-03,3.1,4.9,MEDIUM,NETWORK,LOW,HIGH,NONE,1.2,nimiq:nimiq_proof-of-stake,1
CVE-2026-34228,2026-04-03,3.1,6.5,MEDIUM,NETWORK,LOW,NONE,REQUIRED,2.8,emlog:emlog,1
CVE-2026-34229,2026-04-03,3.1,6.1,MEDIUM,NETWORK,LOW,NONE,REQUIRED,2.8,emlog:emlog,1
CVE-2026-34607,2026-04-03,3.1,7.2,HIGH,NETWORK,LOW,HIGH,NONE,1.2,emlog:emlog,1
CVE-2026-34612,2026-04-03,3.1,9.9,CRITICAL,NETWORK,LOW,LOW,NONE,3.1,kestra:kestra,1
CVE-2026-34787,2026-04-03,3.1,6.5,MEDIUM,NETWORK,LOW,HIGH,NONE,1.2,emlog:emlog,1
CVE-2026-34788,2026-04-03,3.1,6.5,MEDIUM,NETWORK,LOW,HIGH,NONE,1.2,emlog:emlog,1
CVE-2026-34824,2026-04-03,3.1,7.5,HIGH,NETWORK,LOW,NONE,NONE,3.9,mesop-dev:mesop,1
CVE-2026-34933,2026-04-03,3.1,5.5,MEDIUM,LOCAL,LOW,LOW,NONE,1.8,avahi:avahi,1
CVE-2026-34934,2026-04-03,3.1,9.8,CRITICAL,NETWORK,LOW,NONE,NONE,3.9,praison:praisonai,1
CVE-2026-34935,2026-04-03,3.1,9.8,CRITICAL,NETWORK,LOW,NONE,NONE,3.9,praison:praisonai,1
CVE-2026-34936,2026-04-03,3.1,7.7,HIGH,NETWORK,LOW,LOW,NONE,3.1,praison:praisonai,1
CVE-2026-34937,2026-04-03,3.1,7.8,HIGH,LOCAL,LOW,LOW,NONE,1.8,praison:praisonaiagents,1
CVE-2026-34938,2026-04-03,3.1,10.0,CRITICAL,NETWORK,LOW,NONE,NONE,3.9,praison:praisonaiagents,1
CVE-2026-34939,2026-04-03,3.1,6.5,MEDIUM,NETWORK,LOW,LOW,NONE,2.8,praison:praisonai,1
CVE-2026-34952,2026-04-03,3.1,9.1,CRITICAL,NETWORK,LOW,NONE,NONE,3.9,praison:praisonai,1
CVE-2026-34953,2026-04-03,3.1,9.1,CRITICAL,NETWORK,LOW,NONE,NONE,3.9,praison:praisonai,1
CVE-2026-34954,2026-04-03,3.1,8.6,HIGH,NETWORK,LOW,NONE,NONE,3.9,praison:praisonaiagents,1
CVE-2026-35468,2026-04-03,3.1,5.3,MEDIUM,NETWORK,LOW,NONE,NONE,3.9,nimiq:nimiq_proof-of-stake,1
CVE-2026-34766,2026-04-04,3.1,3.3,LOW,LOCAL,HIGH,LOW,REQUIRED,0.8,electronjs:electron,1
CVE-2026-34767,2026-04-04,3.1,5.9,MEDIUM,NETWORK,HIGH,NONE,REQUIRED,1.6,electronjs:electron,1
CVE-2026-34768,2026-04-04,3.1,3.9,LOW,LOCAL,HIGH,HIGH,NONE,0.5,electronjs:electron,1
CVE-2026-34769,2026-04-04,3.1,7.7,HIGH,LOCAL,HIGH,NONE,REQUIRED,1.0,electronjs:electron,1
CVE-2026-34770,2026-04-04,3.1,7.0,HIGH,LOCAL,HIGH,NONE,REQUIRED,1.0,electronjs:electron,1
CVE-2026-34771,2026-04-04,3.1,7.5,HIGH,NETWORK,HIGH,NONE,REQUIRED,1.6,electronjs:electron,1
CVE-2026-34772,2026-04-04,3.1,5.8,MEDIUM,LOCAL,HIGH,NONE,REQUIRED,1.0,electronjs:electron,1
CVE-2026-34773,2026-04-04,3.1,4.7,MEDIUM,LOCAL,HIGH,LOW,NONE,1.0,electronjs:electron,1
CVE-2026-34774,2026-04-04,3.1,8.1,HIGH,NETWORK,HIGH,NONE,NONE,2.2,electronjs:electron,1
CVE-2026-34775,2026-04-04,3.1,6.8,MEDIUM,NETWORK,HIGH,NONE,REQUIRED,1.6,electronjs:electron,1
CVE-2026-34776,2026-04-04,3.1,5.3,MEDIUM,LOCAL,HIGH,LOW,NONE,1.0,electronjs:electron,1
CVE-2026-34777,2026-04-04,3.1,5.4,MEDIUM,NETWORK,LOW,NONE,REQUIRED,2.8,electronjs:electron,1
CVE-2026-34778,2026-04-04,3.1,5.9,MEDIUM,NETWORK,HIGH,LOW,NONE,1.6,electronjs:electron,1
CVE-2026-34779,2026-04-04,3.1,6.5,MEDIUM,LOCAL,HIGH,NONE,REQUIRED,1.0,electronjs:electron,1
CVE-2026-34955,2026-04-04,3.1,8.8,HIGH,LOCAL,LOW,LOW,NONE,2.0,praison:praisonai,1
CVE-2026-34780,2026-04-04,3.1,8.3,HIGH,NETWORK,HIGH,NONE,REQUIRED,1.6,electronjs:electron,1
CVE-2026-35616,2026-04-04,3.1,9.8,CRITICAL,NETWORK,LOW,NONE,NONE,3.9,fortinet:forticlientems,1
CVE-2026-3571,2026-04-04,3.1,6.5,MEDIUM,NETWORK,LOW,NONE,NONE,3.9,,0
CVE-2026-2924,2026-04-04,3.1,6.4,MEDIUM,NETWORK,LOW,LOW,NONE,3.1,,0
CVE-2026-2949,2026-04-04,3.1,6.4,MEDIUM,NETWORK,LOW,LOW,NONE,3.1,,0
CVE-2025-13368,2026-04-04,3.1,6.4,MEDIUM,NETWORK,LOW,LOW,NONE,3.1,,0
CVE-2025-15064,2026-04-04,3.1,6.4,MEDIUM,NETWORK,LOW,LOW,NONE,3.1,,0
CVE-2026-0552,2026-04-04,3.1,6.4,MEDIUM,NETWORK,LOW,LOW,NONE,3.1,,0
CVE-2026-0664,2026-04-04,3.1,6.4,MEDIUM,NETWORK,LOW,LOW,NONE,3.1,,0
CVE-2026-0737,2026-04-04,3.1,6.4,MEDIUM,NETWORK,LOW,LOW,NONE,3.1,,0
CVE-2026-0738,2026-04-04,3.1,6.4,MEDIUM,NETWORK,LOW,LOW,NONE,3.1,,0
CVE-2026-2600,2026-04-04,3.1,6.4,MEDIUM,NETWORK,LOW,LOW,NONE,3.1,,0
CVE-2026-4896,2026-04-04,3.1,8.1,HIGH,NETWORK,LOW,LOW,NONE,2.8,,0
CVE-2026-2437,2026-04-04,3.1,6.4,MEDIUM,NETWORK,LOW,LOW,NONE,3.1,,0
CVE-2026-2826,2026-04-04,3.1,4.3,MEDIUM,NETWORK,LOW,LOW,NONE,2.8,,0
CVE-2026-3445,2026-04-04,3.1,7.1,HIGH,NETWORK,LOW,LOW,NONE,2.8,,0
CVE-2026-5425,2026-04-04,3.1,7.2,HIGH,NETWORK,LOW,NONE,NONE,3.9,,0
CVE-2025-14938,2026-04-04,3.1,5.3,MEDIUM,NETWORK,LOW,NONE,NONE,3.9,,0
CVE-2026-0626,2026-04-04,3.1,6.4,MEDIUM,NETWORK,LOW,LOW,NONE,3.1,,0
CVE-2026-1233,2026-04-04,3.1,7.5,HIGH,NETWORK,LOW,NONE,NONE,3.9,,0
CVE-2026-2936,2026-04-04,3.1,7.2,HIGH,NETWORK,LOW,NONE,NONE,3.9,,0
CVE-2026-3309,2026-04-04,3.1,6.5,MEDIUM,NETWORK,LOW,NONE,NONE,3.9,,0
CVE-2026-3666,2026-04-04,3.1,8.8,HIGH,NETWORK,LOW,LOW,NONE,2.8,,0
CVE-2016-20050,2026-04-04,3.1,6.2,MEDIUM,LOCAL,LOW,NONE,NONE,2.5,mcafee:netschedscan,1
CVE-2016-20051,2026-04-04,3.1,5.3,MEDIUM,NETWORK,LOW,NONE,NONE,3.9,snewscms:snews,1
CVE-2016-20052,2026-04-04,3.1,9.8,CRITICAL,NETWORK,LOW,NONE,NONE,3.9,snewscms:snews,1
CVE-2016-20053,2026-04-04,3.1,5.3,MEDIUM,NETWORK,LOW,NONE,NONE,3.9,redaxo:redaxo,1
CVE-2016-20055,2026-04-04,3.1,7.8,HIGH,LOCAL,LOW,LOW,NONE,1.8,iobit:advanced_system_care,1
CVE-2016-20056,2026-04-04,3.1,7.8,HIGH,LOCAL,LOW,LOW,NONE,1.8,,0
CVE-2016-20057,2026-04-04,3.1,7.8,HIGH,LOCAL,LOW,LOW,NONE,1.8,netgate:registry_cleaner,1
CVE-2016-20058,2026-04-04,3.1,7.8,HIGH,LOCAL,LOW,LOW,NONE,1.8,netgate:amiti_antivirus,1
CVE-2016-20059,2026-04-04,3.1,7.8,HIGH,LOCAL,LOW,LOW,NONE,1.8,iobit:malware_fighter,1
CVE-2016-20060,2026-04-04,3.1,7.8,HIGH,LOCAL,LOW,LOW,NONE,1.8,,0
CVE-2016-20061,2026-04-04,3.1,7.8,HIGH,LOCAL,LOW,LOW,NONE,1.8,,0
CVE-2018-25238,2026-04-04,3.1,6.2,MEDIUM,LOCAL,LOW,NONE,NONE,2.5,,0
CVE-2018-25239,2026-04-04,3.1,6.2,MEDIUM,LOCAL,LOW,NONE,NONE,2.5,,0
CVE-2018-25240,2026-04-04,3.1,6.2,MEDIUM,LOCAL,LOW,NONE,NONE,2.5,,0
CVE-2018-25241,2026-04-04,3.1,7.5,HIGH,NETWORK,LOW,NONE,NONE,3.9,,0
CVE-2018-25242,2026-04-04,3.1,6.2,MEDIUM,LOCAL,LOW,NONE,NONE,2.5,,0
CVE-2018-25243,2026-04-04,3.1,6.2,MEDIUM,LOCAL,LOW,NONE,NONE,2.5,,0
CVE-2018-25244,2026-04-04,3.1,6.2,MEDIUM,LOCAL,LOW,NONE,NONE,2.5,,0
CVE-2018-25245,2026-04-04,3.1,7.5,HIGH,NETWORK,LOW,NONE,NONE,3.9,,0
CVE-2018-25247,2026-04-04,3.1,6.1,MEDIUM,NETWORK,LOW,NONE,REQUIRED,2.8,mybb:thankyou\/like_system,1
CVE-2018-25248,2026-04-04,3.1,7.2,HIGH,NETWORK,LOW,NONE,NONE,3.9,mybb:mybb_downloads,1
CVE-2018-25249,2026-04-04,3.1,6.4,MEDIUM,NETWORK,LOW,LOW,NONE,3.1,mybb:my_arcade,1
CVE-2018-25250,2026-04-04,3.1,7.2,HIGH,NETWORK,LOW,NONE,NONE,3.9,mybb:last_user_threads,1
CVE-2018-25251,2026-04-04,3.1,8.4,HIGH,LOCAL,LOW,NONE,NONE,2.5,,0
CVE-2018-25252,2026-04-04,3.1,6.2,MEDIUM,LOCAL,LOW,NONE,NONE,2.5,solarwinds:ftp_voyager,1
CVE-2018-25253,2026-04-04,3.1,6.2,MEDIUM,LOCAL,LOW,NONE,NONE,2.5,compuphase:termite,1
CVE-2018-25254,2026-04-04,3.1,9.8,CRITICAL,NETWORK,LOW,NONE,NONE,3.9,nico-ftp_project:nico-ftp,1
CVE-2018-25255,2026-04-04,3.1,8.4,HIGH,LOCAL,LOW,NONE,NONE,2.5,,0
CVE-2016-20054,2026-04-04,3.1,4.3,MEDIUM,NETWORK,LOW,LOW,NONE,2.8,nodcms:nodcms,1
CVE-2018-25246,2026-04-04,3.1,7.5,HIGH,NETWORK,LOW,NONE,NONE,3.9,,0
CVE-2026-5526,2026-04-04,3.1,7.3,HIGH,NETWORK,LOW,NONE,NONE,3.9,tenda:4g03_pro_firmware,1
CVE-2026-5527,2026-04-05,3.1,5.3,MEDIUM,NETWORK,LOW,NONE,NONE,3.9,tenda:4g03_pro_firmware,1
CVE-2026-5528,2026-04-05,3.1,6.3,MEDIUM,NETWORK,LOW,LOW,NONE,2.8,,0
CVE-2026-5529,2026-04-05,3.1,4.3,MEDIUM,NETWORK,LOW,LOW,NONE,2.8,,0
CVE-2026-5530,2026-04-05,3.1,6.3,MEDIUM,NETWORK,LOW,LOW,NONE,2.8,,0
CVE-2026-5531,2026-04-05,3.1,5.3,MEDIUM,NETWORK,LOW,NONE,NONE,3.9,,0
CVE-2026-5532,2026-04-05,3.1,6.3,MEDIUM,NETWORK,LOW,NONE,REQUIRED,2.8,,0
CVE-2026-5533,2026-04-05,3.1,4.3,MEDIUM,NETWORK,LOW,NONE,REQUIRED,2.8,,0
CVE-2026-5534,2026-04-05,3.1,7.3,HIGH,NETWORK,LOW,NONE,NONE,3.9,,0
CVE-2026-5535,2026-04-05,3.1,4.3,MEDIUM,NETWORK,LOW,LOW,NONE,2.8,tensoropera:fedml,1
CVE-2026-5536,2026-04-05,3.1,7.3,HIGH,NETWORK,LOW,NONE,NONE,3.9,tensoropera:fedml,1
CVE-2026-5537,2026-04-05,3.1,6.3,MEDIUM,NETWORK,LOW,LOW,NONE,2.8,,0
CVE-2026-5538,2026-04-05,3.1,6.3,MEDIUM,NETWORK,LOW,LOW,NONE,2.8,,0
CVE-2026-5539,2026-04-05,3.1,4.3,MEDIUM,NETWORK,LOW,NONE,REQUIRED,2.8,,0
CVE-2026-5590,2026-04-05,3.1,6.4,MEDIUM,NETWORK,HIGH,LOW,NONE,1.6,zephyrproject:zephyr,1
CVE-2026-5540,2026-04-05,3.1,7.3,HIGH,NETWORK,LOW,NONE,NONE,3.9,,0
CVE-2026-5541,2026-04-05,3.1,4.3,MEDIUM,NETWORK,LOW,NONE,REQUIRED,2.8,,0
CVE-2026-5542,2026-04-05,3.1,4.3,MEDIUM,NETWORK,LOW,NONE,REQUIRED,2.8,,0
CVE-2026-5543,2026-04-05,3.1,6.3,MEDIUM,NETWORK,LOW,LOW,NONE,2.8,,0
CVE-2026-5544,2026-04-05,3.1,8.8,HIGH,NETWORK,LOW,LOW,NONE,2.8,,0
CVE-2026-5546,2026-04-05,3.1,6.3,MEDIUM,NETWORK,LOW,LOW,NONE,2.8,,0
CVE-2026-5547,2026-04-05,3.1,6.3,MEDIUM,NETWORK,LOW,LOW,NONE,2.8,tenda:ac10_firmware,1
CVE-2026-5548,2026-04-05,3.1,8.8,HIGH,NETWORK,LOW,LOW,NONE,2.8,tenda:ac10_firmware,1
CVE-2026-5549,2026-04-05,3.1,5.3,MEDIUM,NETWORK,LOW,NONE,NONE,3.9,tenda:ac10_firmware,1
CVE-2026-5550,2026-04-05,3.1,8.8,HIGH,NETWORK,LOW,LOW,NONE,2.8,tenda:ac10_firmware,1
CVE-2026-5551,2026-04-05,3.1,7.3,HIGH,NETWORK,LOW,NONE,NONE,3.9,,0
CVE-2026-5552,2026-04-05,3.1,6.3,MEDIUM,NETWORK,LOW,LOW,NONE,2.8,,0
CVE-2026-5553,2026-04-05,3.1,6.3,MEDIUM,NETWORK,LOW,LOW,NONE,2.8,,0
CVE-2026-5554,2026-04-05,3.1,7.3,HIGH,NETWORK,LOW,NONE,NONE,3.9,,0
CVE-2026-5555,2026-04-05,3.1,7.3,HIGH,NETWORK,LOW,NONE,NONE,3.9,,0
CVE-2026-5556,2026-04-05,3.1,6.3,MEDIUM,NETWORK,LOW,LOW,NONE,2.8,,0
CVE-2026-5557,2026-04-05,3.1,6.3,MEDIUM,NETWORK,LOW,LOW,NONE,2.8,,0
CVE-2026-5558,2026-04-05,3.1,6.3,MEDIUM,NETWORK,LOW,LOW,NONE,2.8,,0
CVE-2026-5559,2026-04-05,3.1,6.3,MEDIUM,NETWORK,LOW,LOW,NONE,2.8,,0
CVE-2026-5560,2026-04-05,3.1,6.3,MEDIUM,NETWORK,LOW,LOW,NONE,2.8,,0
CVE-2026-5561,2026-04-05,3.1,6.3,MEDIUM,NETWORK,LOW,LOW,NONE,2.8,,0
CVE-2026-5562,2026-04-05,3.1,7.3,HIGH,NETWORK,LOW,NONE,NONE,3.9,provectus:ui,1
CVE-2026-5563,2026-04-05,3.1,6.3,MEDIUM,NETWORK,LOW,LOW,NONE,2.8,,0
CVE-2026-5564,2026-04-05,3.1,7.3,HIGH,NETWORK,LOW,NONE,NONE,3.9,,0
CVE-2026-5565,2026-04-05,3.1,7.3,HIGH,NETWORK,LOW,NONE,NONE,3.9,,0
CVE-2026-5566,2026-04-05,3.1,8.8,HIGH,NETWORK,LOW,LOW,NONE,2.8,,0
CVE-2026-5567,2026-04-05,3.1,8.8,HIGH,NETWORK,LOW,LOW,NONE,2.8,tenda:m3_firmware,1
CVE-2026-5568,2026-04-05,3.1,3.5,LOW,NETWORK,LOW,LOW,REQUIRED,2.1,,0
CVE-2026-5569,2026-04-05,3.1,7.3,HIGH,NETWORK,LOW,NONE,NONE,3.9,technostrobe:hi-led-wr120-g2_firmware,1
CVE-2026-5570,2026-04-05,3.1,7.3,HIGH,NETWORK,LOW,NONE,NONE,3.9,technostrobe:hi-led-wr120-g2_firmware,1
CVE-2026-5571,2026-04-05,3.1,5.3,MEDIUM,NETWORK,LOW,NONE,NONE,3.9,technostrobe:hi-led-wr120-g2_firmware,1
CVE-2026-5572,2026-04-05,3.1,4.3,MEDIUM,NETWORK,LOW,NONE,REQUIRED,2.8,technostrobe:hi-led-wr120-g2_firmware,1
CVE-2026-5573,2026-04-05,3.1,7.3,HIGH,NETWORK,LOW,NONE,NONE,3.9,technostrobe:hi-led-wr120-g2_firmware,1
CVE-2026-5574,2026-04-05,3.1,6.5,MEDIUM,NETWORK,LOW,NONE,NONE,3.9,technostrobe:hi-led-wr120-g2_firmware,1
CVE-2026-5575,2026-04-05,3.1,7.3,HIGH,NETWORK,LOW,NONE,NONE,3.9,,0
CVE-2026-5576,2026-04-05,3.1,4.7,MEDIUM,NETWORK,LOW,HIGH,NONE,1.2,,0
CVE-2026-5577,2026-04-05,3.1,7.3,HIGH,NETWORK,LOW,NONE,NONE,3.9,songli:cross_browser_fingerprinting,1
CVE-2026-5578,2026-04-05,3.1,6.3,MEDIUM,NETWORK,LOW,LOW,NONE,2.8,,0
CVE-2026-5579,2026-04-05,3.1,6.3,MEDIUM,NETWORK,LOW,LOW,NONE,2.8,,0
CVE-2026-5580,2026-04-05,3.1,6.3,MEDIUM,NETWORK,LOW,LOW,NONE,2.8,,0
CVE-2026-5583,2026-04-05,3.1,6.3,MEDIUM,NETWORK,LOW,LOW,NONE,2.8,,0
CVE-2026-5584,2026-04-05,3.1,7.3,HIGH,NETWORK,LOW,NONE,NONE,3.9,fosowl:agenticseek,1
CVE-2026-5585,2026-04-05,3.1,5.3,MEDIUM,NETWORK,LOW,NONE,NONE,3.9,tencent:ai-infra-guard,1
CVE-2026-5586,2026-04-05,3.1,6.3,MEDIUM,NETWORK,LOW,LOW,NONE,2.8,,0
CVE-2026-5587,2026-04-05,3.1,6.3,MEDIUM,NETWORK,LOW,LOW,NONE,2.8,,0
CVE-2026-5594,2026-04-05,3.1,6.3,MEDIUM,NETWORK,LOW,LOW,NONE,2.8,,0
CVE-2026-5595,2026-04-05,3.1,6.3,MEDIUM,NETWORK,LOW,LOW,NONE,2.8,,0
CVE-2018-25256,2026-04-05,3.1,5.5,MEDIUM,LOCAL,LOW,NONE,REQUIRED,1.8,ks-soft:ip-tools,1
CVE-2019-25656,2026-04-05,3.1,8.4,HIGH,LOCAL,LOW,NONE,NONE,2.5,,0
CVE-2019-25657,2026-04-05,3.1,5.5,MEDIUM,LOCAL,LOW,NONE,REQUIRED,1.8,anyburn:anyburn,1
CVE-2019-25658,2026-04-05,3.1,5.5,MEDIUM,LOCAL,LOW,NONE,REQUIRED,1.8,,0
CVE-2019-25659,2026-04-05,3.1,6.2,MEDIUM,LOCAL,LOW,NONE,NONE,2.5,,0
CVE-2019-25660,2026-04-05,3.1,6.2,MEDIUM,LOCAL,LOW,NONE,NONE,2.5,hainsoft:lanhelper,1
CVE-2019-25661,2026-04-05,3.1,6.2,MEDIUM,LOCAL,LOW,NONE,NONE,2.5,,0
CVE-2019-25662,2026-04-05,3.1,8.2,HIGH,NETWORK,LOW,NONE,NONE,3.9,montala:resourcespace,1
CVE-2019-25663,2026-04-05,3.1,7.1,HIGH,NETWORK,LOW,LOW,NONE,2.8,salesagility:suitecrm,1
CVE-2019-25664,2026-04-05,3.1,7.1,HIGH,NETWORK,LOW,LOW,NONE,2.8,salesagility:suitecrm,1
CVE-2019-25665,2026-04-05,3.1,6.2,MEDIUM,LOCAL,LOW,NONE,NONE,2.5,river_past_ringtone_converter_project:river_past_ringtone_converter,1
CVE-2019-25666,2026-04-05,3.1,6.2,MEDIUM,LOCAL,LOW,NONE,NONE,2.5,nsasoft:spotauditor,1
CVE-2019-25667,2026-04-05,3.1,6.2,MEDIUM,LOCAL,LOW,NONE,NONE,2.5,iarsn:taskinfo,1
CVE-2019-25668,2026-04-05,3.1,8.2,HIGH,NETWORK,LOW,NONE,NONE,3.9,phpscriptsmall:news_website_script,1
CVE-2019-25669,2026-04-05,3.1,8.2,HIGH,NETWORK,LOW,NONE,NONE,3.9,qdpm:qdpm,1
CVE-2019-25670,2026-04-05,3.1,8.4,HIGH,LOCAL,LOW,NONE,NONE,2.5,river_past_video_cleaner_project:river_past_video_cleaner,1
CVE-2019-25671,2026-04-05,3.1,8.8,HIGH,NETWORK,LOW,LOW,NONE,2.8,,0
CVE-2019-25672,2026-04-05,3.1,8.2,HIGH,NETWORK,LOW,NONE,NONE,3.9,kartatopia:piluscart,1
CVE-2019-25673,2026-04-05,3.1,8.8,HIGH,NETWORK,LOW,LOW,NONE,2.8,,0
CVE-2019-25674,2026-04-05,3.1,8.2,HIGH,NETWORK,LOW,NONE,NONE,3.9,victoralagwu:cmssite,1
CVE-2019-25675,2026-04-05,3.1,8.2,HIGH,NETWORK,LOW,NONE,NONE,3.9,arcasolutions:edirectory,1
CVE-2019-25676,2026-04-05,3.1,8.2,HIGH,NETWORK,LOW,NONE,NONE,3.9,phpscriptsmall:ask_expert_script,1
CVE-2019-25677,2026-04-05,3.1,6.2,MEDIUM,LOCAL,LOW,NONE,NONE,2.5,rarlab:winrar,1
CVE-2019-25678,2026-04-05,3.1,8.2,HIGH,NETWORK,LOW,NONE,NONE,3.9,gatech:computing_for_good\'s_basic_laboratory_information_system,1
CVE-2019-25679,2026-04-05,3.1,7.8,HIGH,LOCAL,LOW,NONE,REQUIRED,1.8,crun:realterm,1
CVE-2019-25680,2026-04-05,3.1,8.2,HIGH,NETWORK,LOW,NONE,NONE,3.9,phpscriptsmall:advance_gift_shop_pro_script,1
CVE-2019-25681,2026-04-05,3.1,8.4,HIGH,LOCAL,LOW,NONE,NONE,2.5,xlightftpd:xlight_ftp_server,1
CVE-2019-25682,2026-04-05,3.1,4.3,MEDIUM,NETWORK,LOW,LOW,NONE,2.8,victoralagwu:cmssite,1
CVE-2019-25683,2026-04-05,3.1,6.2,MEDIUM,LOCAL,LOW,NONE,NONE,2.5,filezilla-project:filezilla_client,1
CVE-2019-25684,2026-04-05,3.1,8.2,HIGH,NETWORK,LOW,NONE,NONE,3.9,opendocman:opendocman,1
CVE-2019-25686,2026-04-05,3.1,7.5,HIGH,NETWORK,LOW,NONE,NONE,3.9,coreftp:core_ftp,1
CVE-2019-25687,2026-04-05,3.1,9.8,CRITICAL,NETWORK,LOW,NONE,NONE,3.9,wisdom:pegasus_cms,1
CVE-2019-25688,2026-04-05,3.1,8.2,HIGH,NETWORK,LOW,NONE,NONE,3.9,marmotech:kados,1
CVE-2019-25690,2026-04-05,3.1,8.2,HIGH,NETWORK,LOW,NONE,NONE,3.9,marmotech:kados,1
CVE-2019-25692,2026-04-05,3.1,8.2,HIGH,NETWORK,LOW,NONE,NONE,3.9,marmotech:kados,1
CVE-2019-25694,2026-04-05,3.1,8.2,HIGH,NETWORK,LOW,NONE,NONE,3.9,marmotech:kados,1
CVE-2019-25696,2026-04-05,3.1,8.2,HIGH,NETWORK,LOW,NONE,NONE,3.9,marmotech:kados,1
CVE-2019-25698,2026-04-05,3.1,8.2,HIGH,NETWORK,LOW,NONE,NONE,3.9,marmotech:kados,1
CVE-2019-25700,2026-04-05,3.1,8.2,HIGH,NETWORK,LOW,NONE,NONE,3.9,marmotech:kados,1
CVE-2019-25702,2026-04-05,3.1,8.2,HIGH,NETWORK,LOW,NONE,NONE,3.9,marmotech:kados,1
CVE-2019-25704,2026-04-05,3.1,8.2,HIGH,NETWORK,LOW,NONE,NONE,3.9,marmotech:kados,1
CVE-2026-5596,2026-04-05,3.1,6.3,MEDIUM,NETWORK,LOW,LOW,NONE,2.8,,0
CVE-2026-35679,2026-04-05,3.1,3.5,LOW,NETWORK,HIGH,LOW,NONE,1.8,,0
CVE-2026-4272,2026-04-05,3.1,8.1,HIGH,NETWORK,LOW,NONE,REQUIRED,2.8,,0
CVE-2026-5597,2026-04-05,3.1,6.3,MEDIUM,NETWORK,LOW,LOW,NONE,2.8,,0
CVE-2026-5601,2026-04-05,3.1,5.3,MEDIUM,NETWORK,LOW,NONE,NONE,3.9,,0
CVE-2026-5602,2026-04-05,3.1,5.3,MEDIUM,LOCAL,LOW,LOW,NONE,1.8,,0
CVE-2026-5603,2026-04-05,3.1,5.3,MEDIUM,LOCAL,LOW,LOW,NONE,1.8,,0
CVE-2026-5604,2026-04-05,3.1,8.8,HIGH,NETWORK,LOW,LOW,NONE,2.8,tenda:ch22_firmware,1
CVE-2026-5605,2026-04-06,3.1,8.8,HIGH,NETWORK,LOW,LOW,NONE,2.8,tenda:ch22_firmware,1
CVE-2026-5606,2026-04-06,3.1,6.3,MEDIUM,NETWORK,LOW,LOW,NONE,2.8,,0
CVE-2026-5607,2026-04-06,3.1,6.3,MEDIUM,NETWORK,LOW,LOW,NONE,2.8,,0
CVE-2026-5608,2026-04-06,3.1,8.8,HIGH,NETWORK,LOW,LOW,NONE,2.8,belkin:f9k1122_firmware,1
CVE-2026-5609,2026-04-06,3.1,8.8,HIGH,NETWORK,LOW,LOW,NONE,2.8,tenda:i12_firmware,1
CVE-2026-5610,2026-04-06,3.1,8.8,HIGH,NETWORK,LOW,LOW,NONE,2.8,belkin:f9k1015_firmware,1
CVE-2026-5611,2026-04-06,3.1,8.8,HIGH,NETWORK,LOW,LOW,NONE,2.8,belkin:f9k1015_firmware,1
CVE-2026-5612,2026-04-06,3.1,8.8,HIGH,NETWORK,LOW,LOW,NONE,2.8,belkin:f9k1015_firmware,1
CVE-2026-5613,2026-04-06,3.1,8.8,HIGH,NETWORK,LOW,LOW,NONE,2.8,belkin:f9k1015_firmware,1
CVE-2026-5614,2026-04-06,3.1,8.8,HIGH,NETWORK,LOW,LOW,NONE,2.8,belkin:f9k1015_firmware,1
CVE-2026-5615,2026-04-06,3.1,4.3,MEDIUM,NETWORK,LOW,NONE,REQUIRED,2.8,,0
CVE-2026-5616,2026-04-06,3.1,7.3,HIGH,NETWORK,LOW,NONE,NONE,3.9,,0
CVE-2026-5618,2026-04-06,3.1,5.6,MEDIUM,NETWORK,HIGH,NONE,NONE,2.2,,0
CVE-2026-5619,2026-04-06,3.1,5.3,MEDIUM,LOCAL,LOW,LOW,NONE,1.8,,0
CVE-2026-5620,2026-04-06,3.1,6.3,MEDIUM,NETWORK,LOW,LOW,NONE,2.8,,0
CVE-2026-5621,2026-04-06,3.1,5.3,MEDIUM,LOCAL,LOW,LOW,NONE,1.8,,0
CVE-2026-5622,2026-04-06,3.1,3.7,LOW,NETWORK,HIGH,NONE,NONE,2.2,,0
CVE-2026-5623,2026-04-06,3.1,6.3,MEDIUM,NETWORK,LOW,LOW,NONE,2.8,,0
CVE-2026-5624,2026-04-06,3.1,4.3,MEDIUM,NETWORK,LOW,NONE,REQUIRED,2.8,,0
CVE-2026-5625,2026-04-06,3.1,4.3,MEDIUM,NETWORK,LOW,NONE,REQUIRED,2.8,,0
CVE-2026-5628,2026-04-06,3.1,8.8,HIGH,NETWORK,LOW,LOW,NONE,2.8,belkin:f9k1015_firmware,1
CVE-2026-5629,2026-04-06,3.1,8.8,HIGH,NETWORK,LOW,LOW,NONE,2.8,belkin:f9k1015_firmware,1
CVE-2026-5630,2026-04-06,3.1,4.3,MEDIUM,NETWORK,LOW,NONE,REQUIRED,2.8,,0
CVE-2026-5631,2026-04-06,3.1,7.3,HIGH,NETWORK,LOW,NONE,NONE,3.9,,0
CVE-2026-5632,2026-04-06,3.1,7.3,HIGH,NETWORK,LOW,NONE,NONE,3.9,,0
CVE-2026-31405,2026-04-06,3.1,9.8,CRITICAL,NETWORK,LOW,NONE,NONE,3.9,linux:linux_kernel,1
CVE-2026-31406,2026-04-06,3.1,7.8,HIGH,LOCAL,LOW,LOW,NONE,1.8,linux:linux_kernel,1
CVE-2026-31407,2026-04-06,3.1,7.1,HIGH,LOCAL,LOW,LOW,NONE,1.8,linux:linux_kernel,1
CVE-2026-31408,2026-04-06,3.1,8.8,HIGH,ADJACENT,LOW,NONE,NONE,2.8,linux:linux_kernel,1
CVE-2026-31409,2026-04-06,3.1,8.8,HIGH,NETWORK,LOW,LOW,NONE,2.8,linux:linux_kernel,1
CVE-2026-31410,2026-04-06,3.1,5.5,MEDIUM,LOCAL,LOW,LOW,NONE,1.8,linux:linux_kernel,1
CVE-2026-5633,2026-04-06,3.1,7.3,HIGH,NETWORK,LOW,NONE,NONE,3.9,,0
CVE-2026-5634,2026-04-06,3.1,7.3,HIGH,NETWORK,LOW,NONE,NONE,3.9,,0
CVE-2026-5635,2026-04-06,3.1,6.3,MEDIUM,NETWORK,LOW,LOW,NONE,2.8,,0
CVE-2026-5636,2026-04-06,3.1,6.3,MEDIUM,NETWORK,LOW,LOW,NONE,2.8,,0
CVE-2026-37977,2026-04-06,3.1,3.7,LOW,NETWORK,HIGH,NONE,NONE,2.2,redhat:build_of_keycloak,1
CVE-2026-5637,2026-04-06,3.1,7.3,HIGH,NETWORK,LOW,NONE,NONE,3.9,,0
CVE-2026-5638,2026-04-06,3.1,5.3,MEDIUM,NETWORK,LOW,NONE,NONE,3.9,,0
CVE-2026-5639,2026-04-06,3.1,6.3,MEDIUM,NETWORK,LOW,LOW,NONE,2.8,,0
CVE-2026-5640,2026-04-06,3.1,6.3,MEDIUM,NETWORK,LOW,LOW,NONE,2.8,,0
CVE-2026-5641,2026-04-06,3.1,6.3,MEDIUM,NETWORK,LOW,LOW,NONE,2.8,,0
CVE-2026-5642,2026-04-06,3.1,7.3,HIGH,NETWORK,LOW,NONE,NONE,3.9,,0
CVE-2026-5643,2026-04-06,3.1,2.4,LOW,NETWORK,LOW,HIGH,REQUIRED,0.9,,0
CVE-2026-5644,2026-04-06,3.1,2.4,LOW,NETWORK,LOW,HIGH,REQUIRED,0.9,,0
CVE-2026-5673,2026-04-06,3.1,5.6,MEDIUM,LOCAL,LOW,LOW,REQUIRED,1.3,xiph:theora|redhat:enterprise_linux,2
CVE-2026-5645,2026-04-06,3.1,7.3,HIGH,NETWORK,LOW,NONE,NONE,3.9,,0
CVE-2026-5646,2026-04-06,3.1,7.3,HIGH,NETWORK,LOW,NONE,NONE,3.9,,0
CVE-2026-5647,2026-04-06,3.1,2.4,LOW,NETWORK,LOW,HIGH,REQUIRED,0.9,,0
CVE-2026-5648,2026-04-06,3.1,7.3,HIGH,NETWORK,LOW,NONE,NONE,3.9,,0
CVE-2026-5649,2026-04-06,3.1,6.3,MEDIUM,NETWORK,LOW,LOW,NONE,2.8,,0
CVE-2026-5650,2026-04-06,3.1,5.3,MEDIUM,NETWORK,LOW,NONE,NONE,3.9,,0
CVE-2026-3524,2026-04-06,3.1,8.8,HIGH,NETWORK,LOW,LOW,NONE,2.8,,0
CVE-2026-30078,2026-04-06,3.1,7.5,HIGH,NETWORK,LOW,NONE,NONE,3.9,openairinterface:oai-cn5g-amf,1
CVE-2026-5659,2026-04-06,3.1,6.3,MEDIUM,NETWORK,LOW,NONE,REQUIRED,2.8,,0
CVE-2026-5660,2026-04-06,3.1,6.3,MEDIUM,NETWORK,LOW,LOW,NONE,2.8,,0
CVE-2026-25932,2026-04-06,3.1,7.2,HIGH,NETWORK,LOW,HIGH,NONE,1.2,glpi-project:glpi,1
CVE-2026-26026,2026-04-06,3.1,9.1,CRITICAL,NETWORK,LOW,HIGH,NONE,2.3,glpi-project:glpi,1
CVE-2026-26027,2026-04-06,3.1,7.5,HIGH,NETWORK,HIGH,NONE,REQUIRED,1.6,glpi-project:glpi,1
CVE-2026-26263,2026-04-06,3.1,8.1,HIGH,NETWORK,HIGH,NONE,NONE,2.2,glpi-project:glpi,1
CVE-2026-29047,2026-04-06,3.1,7.2,HIGH,NETWORK,LOW,HIGH,NONE,1.2,glpi-project:glpi,1
CVE-2026-31053,2026-04-06,3.1,6.2,MEDIUM,LOCAL,LOW,NONE,NONE,2.5,rizin:rizin,1
CVE-2026-31058,2026-04-06,3.1,4.5,MEDIUM,ADJACENT,LOW,HIGH,NONE,0.9,utt:1200gw_firmware,1
CVE-2026-31059,2026-04-06,3.1,9.8,CRITICAL,NETWORK,LOW,NONE,NONE,3.9,utt:520w_firmware,1
CVE-2026-31060,2026-04-06,3.1,4.5,MEDIUM,ADJACENT,LOW,HIGH,NONE,0.9,utt:810g_firmware,1
CVE-2026-31061,2026-04-06,3.1,4.5,MEDIUM,ADJACENT,LOW,HIGH,NONE,0.9,utt:810g_firmware,1
CVE-2026-31062,2026-04-06,3.1,4.5,MEDIUM,ADJACENT,LOW,HIGH,NONE,0.9,utt:520w_firmware,1
CVE-2026-31063,2026-04-06,3.1,4.5,MEDIUM,ADJACENT,LOW,HIGH,NONE,0.9,utt:1200gw_firmware,1
CVE-2026-31065,2026-04-06,3.1,4.5,MEDIUM,ADJACENT,LOW,HIGH,NONE,0.9,utt:520w_firmware,1
CVE-2026-31066,2026-04-06,3.1,4.5,MEDIUM,ADJACENT,LOW,HIGH,NONE,0.9,utt:810g_firmware,1
CVE-2026-31067,2026-04-06,3.1,6.8,MEDIUM,ADJACENT,LOW,HIGH,NONE,0.9,utt:520w_firmware,1
CVE-2026-31150,2026-04-06,3.1,4.3,MEDIUM,NETWORK,LOW,LOW,NONE,2.8,kaleris:yard_management_solutions,1
CVE-2026-31151,2026-04-06,3.1,9.8,CRITICAL,NETWORK,LOW,NONE,NONE,3.9,kaleris:yard_management_solutions,1
CVE-2026-31153,2026-04-06,3.1,5.4,MEDIUM,NETWORK,LOW,LOW,REQUIRED,2.3,,0
CVE-2026-32602,2026-04-06,3.1,4.2,MEDIUM,NETWORK,HIGH,LOW,NONE,1.6,homarr:homarr,1
CVE-2026-33403,2026-04-06,3.1,6.1,MEDIUM,NETWORK,LOW,NONE,REQUIRED,2.8,pi-hole:web_interface,1
CVE-2026-33404,2026-04-06,3.1,3.4,LOW,LOCAL,LOW,HIGH,NONE,0.8,pi-hole:web_interface,1
CVE-2026-33406,2026-04-06,3.1,5.4,MEDIUM,NETWORK,LOW,NONE,REQUIRED,2.8,pi-hole:web_interface,1
CVE-2026-33510,2026-04-06,3.1,8.8,HIGH,NETWORK,LOW,NONE,REQUIRED,2.8,homarr:homarr,1
CVE-2026-33540,2026-04-06,3.1,7.5,HIGH,NETWORK,LOW,NONE,NONE,3.9,distribution_project:distribution,1
CVE-2026-34885,2026-04-06,3.1,8.5,HIGH,NETWORK,LOW,LOW,NONE,3.1,,0
CVE-2026-34897,2026-04-06,3.1,6.5,MEDIUM,NETWORK,LOW,LOW,REQUIRED,2.3,,0
CVE-2026-5661,2026-04-06,3.1,5.3,MEDIUM,NETWORK,LOW,NONE,NONE,3.9,,0
CVE-2026-5663,2026-04-06,3.1,7.3,HIGH,NETWORK,LOW,NONE,NONE,3.9,offis:dcmtk,1
CVE-2024-14032,2026-04-06,3.1,7.8,HIGH,LOCAL,LOW,LOW,NONE,1.8,twitch:twitch_studio,1
CVE-2025-47374,2026-04-06,3.1,6.5,MEDIUM,LOCAL,HIGH,LOW,NONE,1.0,qualcomm:fastconnect_6900_firmware|qualcomm:fastconnect_7800_firmware|qualcomm:pandeiro_firmware|qualcomm:qln1083bd_firmware|qualcomm:qln1086bd_firmware|qualcomm:qpa1083bd_firmware|qualcomm:qpa1086bd_firmware|qualcomm:qxm1083_firmware|qualcomm:qxm1086_firmware|qualcomm:qxm1093_firmware|qualcomm:qxm1094_firmware|qualcomm:qxm1095_firmware|qualcomm:qxm1096_firmware|qualcomm:sar1165p_firmware|qualcomm:sar2130p_firmware|qualcomm:snapdragon_ar1_gen_1_platform_firmware|qualcomm:snapdragon_ar1\+_gen_1_platform_firmware|qualcomm:sxr2230p_firmware|qualcomm:sxr2250p_firmware|qualcomm:sxr2330p_firmware|qualcomm:sxr2350p_firmware|qualcomm:wcd9380_firmware|qualcomm:wcd9385_firmware|qualcomm:wcn7860_firmware|qualcomm:wcn7861_firmware|qualcomm:wsa8830_firmware|qualcomm:wsa8832_firmware|qualcomm:wsa8835_firmware|qualcomm:xrv7209_firmware|qualcomm:xrv9209_firmware,30
CVE-2025-47389,2026-04-06,3.1,7.8,HIGH,LOCAL,LOW,LOW,NONE,1.8,qualcomm:ar8035_firmware|qualcomm:cologne_firmware|qualcomm:csra6620_firmware|qualcomm:csra6640_firmware|qualcomm:fastconnect_6200_firmware|qualcomm:snapdragon_x35_5g_modem-rf_system_firmware|qualcomm:snapdragon_x53_5g_modem-rf_system_firmware|qualcomm:snapdragon_x55_5g_modem-rf_system_firmware|qualcomm:snapdragon_x72_5g_modem-rf_system_firmware|qualcomm:snapdragon_x75_5g_modem-rf_system_firmware|qualcomm:snapdragon_xr2\+_gen_1_platform_firmware|qualcomm:snapdragon_xr2_5g_platform_firmware|qualcomm:srv1h_firmware|qualcomm:srv1l_firmware|qualcomm:srv1m_firmware|qualcomm:sw6100_firmware|qualcomm:sw6100p_firmware|qualcomm:sxr2330p_firmware|qualcomm:sxr2350p_firmware|qualcomm:themisto_firmware|qualcomm:video_collaboration_vc1_platform_firmware|qualcomm:video_collaboration_vc3_platform_firmware|qualcomm:wcd9335_firmware|qualcomm:wcd9340_firmware|qualcomm:wcd9370_firmware|qualcomm:wcd9375_firmware|qualcomm:wcd9378_firmware|qualcomm:wcd9378c_firmware|qualcomm:wcd9380_firmware|qualcomm:wcd9385_firmware|qualcomm:wcd9390_firmware|qualcomm:wcd9395_firmware|qualcomm:wcn3910_firmware|qualcomm:wcn3950_firmware|qualcomm:wcn3980_firmware|qualcomm:wcn3988_firmware|qualcomm:wcn6450_firmware|qualcomm:wcn6650_firmware|qualcomm:wcn6755_firmware|qualcomm:wcn7860_firmware,40
CVE-2025-47390,2026-04-06,3.1,7.8,HIGH,LOCAL,LOW,LOW,NONE,1.8,qualcomm:qcm5430_firmware|qualcomm:qcm6490_firmware|qualcomm:video_collaboration_vc3_platform_firmware|qualcomm:sc8380xp_firmware|qualcomm:snapdragon_7c\+_gen_3_compute_firmware|qualcomm:snapdragon_8cx_gen_3_compute_platform_firmware|qualcomm:wcd9370_firmware|qualcomm:wcd9375_firmware|qualcomm:wcd9378c_firmware|qualcomm:wcd9380_firmware|qualcomm:wcd9385_firmware|qualcomm:wsa8830_firmware|qualcomm:wsa8835_firmware|qualcomm:wsa8840_firmware|qualcomm:wsa8845_firmware|qualcomm:wsa8845h_firmware|qualcomm:x2000077_firmware|qualcomm:x2000086_firmware|qualcomm:x2000090_firmware|qualcomm:x2000092_firmware|qualcomm:x2000094_firmware|qualcomm:xg101002_firmware|qualcomm:xg101032_firmware|qualcomm:xg101039_firmware|qualcomm:cologne_firmware|qualcomm:fastconnect_6700_firmware|qualcomm:fastconnect_6900_firmware|qualcomm:fastconnect_7800_firmware|qualcomm:qca0000_firmware,29
CVE-2025-47391,2026-04-06,3.1,7.8,HIGH,LOCAL,LOW,LOW,NONE,1.8,qualcomm:wcn3988_firmware|qualcomm:wcn6450_firmware|qualcomm:wcn6650_firmware|qualcomm:wcn6755_firmware|qualcomm:wcn7860_firmware|qualcomm:wcn7861_firmware|qualcomm:wcn7880_firmware|qualcomm:wcn7881_firmware|qualcomm:wsa8810_firmware|qualcomm:wsa8815_firmware|qualcomm:wsa8830_firmware|qualcomm:wsa8832_firmware|qualcomm:wsa8835_firmware|qualcomm:wsa8840_firmware|qualcomm:wsa8845_firmware|qualcomm:wsa8845h_firmware|qualcomm:fastconnect_6200_firmware|qualcomm:fastconnect_6700_firmware|qualcomm:fastconnect_6900_firmware|qualcomm:fastconnect_7800_firmware|qualcomm:g2_gen_1_firmware|qualcomm:iq-615_firmware|qualcomm:iq-8275_firmware|qualcomm:iq-8300_firmware|qualcomm:iq-9100_firmware|qualcomm:iq-9075_firmware|qualcomm:lemans_au_lgit_firmware|qualcomm:lemansau_firmware|qualcomm:milos_firmware|qualcomm:monaco_iot_firmware|qualcomm:netrani_firmware|qualcomm:orne_firmware|qualcomm:palawan25_firmware|qualcomm:pandeiro_firmware|qualcomm:qam8255p_firmware|qualcomm:qam8397p_firmware|qualcomm:qamsrv1h_firmware|qualcomm:qamsrv1m_firmware|qualcomm:qca6391_firmware|qualcomm:qca6595_firmware,40
CVE-2025-47392,2026-04-06,3.1,8.8,HIGH,ADJACENT,LOW,NONE,NONE,2.8,qualcomm:5g_fixed_wireless_access_platform_firmware|qualcomm:ar8035_firmware|qualcomm:csra6620_firmware|qualcomm:csra6640_firmware|qualcomm:fastconnect_6200_firmware|qualcomm:snapdragon_690_5g_mobile_platform_firmware|qualcomm:snapdragon_695_5g_mobile_platform_firmware|qualcomm:snapdragon_7_gen_1_mobile_platform_firmware|qualcomm:snapdragon_7\+_gen_2_mobile_platform_firmware|qualcomm:snapdragon_778g_5g_mobile_platform_firmware|qualcomm:snapdragon_778g\+_5g_mobile_platform_firmware|qualcomm:snapdragon_782g_mobile_platform_firmware|qualcomm:snapdragon_7c_compute_platform_firmware|qualcomm:snapdragon_7c_gen_2_compute_platform_firmware|qualcomm:snapdragon_7c\+_gen_3_compute_firmware|qualcomm:snapdragon_7s_gen_3_mobile_platform_firmware|qualcomm:snapdragon_8_elite_firmware|qualcomm:snapdragon_8_gen_1_mobile_platform_firmware|qualcomm:snapdragon_8_gen_2_mobile_platform_firmware|qualcomm:snapdragon_8_gen_3_mobile_platform_firmware|qualcomm:snapdragon_8\+_gen_1_mobile_platform_firmware|qualcomm:snapdragon_8\+_gen_2_mobile_platform_firmware|qualcomm:snapdragon_865_5g_mobile_platform_firmware|qualcomm:snapdragon_865\+_5g_mobile_platform_firmware|qualcomm:snapdragon_870_5g_mobile_platform_firmware|qualcomm:snapdragon_888_5g_mobile_platform_firmware|qualcomm:snapdragon_888\+_5g_mobile_platform_firmware|qualcomm:snapdragon_auto_5g_modem-rf_firmware|qualcomm:snapdragon_auto_5g_modem-rf_gen_2_firmware|qualcomm:snapdragon_w5\+_gen_1_wearable_platform_firmware|qualcomm:snapdragon_x32_5g_modem-rf_system_firmware|qualcomm:snapdragon_x35_5g_modem-rf_system_firmware|qualcomm:snapdragon_x53_5g_modem-rf_system_firmware|qualcomm:snapdragon_x55_5g_modem-rf_system_firmware|qualcomm:snapdragon_x65_5g_modem-rf_system_firmware|qualcomm:snapdragon_x70_modem-rf_system_firmware|qualcomm:snapdragon_x72_5g_modem-rf_system_firmware|qualcomm:snapdragon_x75_5g_modem-rf_system_firmware|qualcomm:snapdragon_x80_5g_modem-rf_system_firmware|qualcomm:sw5100_firmware,40
CVE-2025-47400,2026-04-06,3.1,7.1,HIGH,LOCAL,LOW,LOW,NONE,1.8,qualcomm:pandeiro_firmware|qualcomm:snapdragon_8_elite_gen_5_firmware|qualcomm:sw6100_firmware|qualcomm:sw6100p_firmware|qualcomm:themisto_firmware|qualcomm:wcd9395_firmware|qualcomm:wcn7860_firmware|qualcomm:wcn7861_firmware|qualcomm:wsa8840_firmware|qualcomm:wsa8845_firmware|qualcomm:wsa8845h_firmware,11
CVE-2026-21367,2026-04-06,3.1,7.6,HIGH,NETWORK,HIGH,HIGH,REQUIRED,1.0,qualcomm:ar8035_firmware|qualcomm:cologne_firmware|qualcomm:csr8811_firmware|qualcomm:fastconnect_6200_firmware|qualcomm:fastconnect_6700_firmware|qualcomm:fastconnect_6900_firmware|qualcomm:fastconnect_7800_firmware|qualcomm:fwa_gen_3_ultra_firmware|qualcomm:g2_gen_1_firmware|qualcomm:immersive_home_214_platform_firmware|qualcomm:immersive_home_216_platform_firmware|qualcomm:immersive_home_316_platform_firmware|qualcomm:immersive_home_318_platform_firmware|qualcomm:ipq5010_firmware|qualcomm:ipq5028_firmware|qualcomm:ipq6000_firmware|qualcomm:ipq6010_firmware|qualcomm:ipq6018_firmware|qualcomm:ipq8076_firmware|qualcomm:ipq8078_firmware|qualcomm:ipq9574_firmware|qualcomm:milos_firmware|qualcomm:netrani_firmware|qualcomm:networking_pro_1200_platform_firmware|qualcomm:networking_pro_1210_platform_firmware|qualcomm:networking_pro_1610_platform_firmware|qualcomm:networking_pro_400_platform_firmware|qualcomm:networking_pro_600_platform_firmware|qualcomm:networking_pro_610_platform_firmware|qualcomm:networking_pro_800_platform_firmware|qualcomm:networking_pro_810_platform_firmware|qualcomm:orne_firmware|qualcomm:palawan25_firmware|qualcomm:pandeiro_firmware|qualcomm:qca4024_firmware|qualcomm:qca6391_firmware|qualcomm:qca6698au_firmware|qualcomm:qca6777aq_firmware|qualcomm:qca6787aq_firmware|qualcomm:qca6797aq_firmware,40
CVE-2026-21371,2026-04-06,3.1,7.8,HIGH,LOCAL,LOW,LOW,NONE,1.8,"qualcomm:snapdragon_8cx_compute_platform_\""poipu_pro\""_firmware|qualcomm:snapdragon_8cx_gen_2_5g_compute_platform_firmware|qualcomm:snapdragon_8cx_gen_2_5g_compute_platform_\""poipu_pro\""_firmware|qualcomm:snapdragon_8cx_gen_3_compute_platform_firmware|qualcomm:wcd9340_firmware|qualcomm:snapdragon_8cx_compute_platform_firmware|qualcomm:snapdragon_8c_compute_platform_\(sc8180xp-ad\)_firmware|qualcomm:snapdragon_8c_compute_platform_firmware|qualcomm:snapdragon_7c\+_gen_3_compute_firmware|qualcomm:snapdragon_7c_gen_2_compute_platform_firmware|qualcomm:snapdragon_7c_compute_platform_firmware|qualcomm:snapdragon_662_mobile_platform_firmware|qualcomm:snapdragon_460_mobile_platform_firmware|qualcomm:sm6250_firmware|qualcomm:sc8380xp_firmware|qualcomm:video_collaboration_vc3_platform_firmware|qualcomm:qcm6490_firmware|qualcomm:qcm5430_firmware|qualcomm:qca6430_firmware|qualcomm:qca6420_firmware|qualcomm:qca6391_firmware|qualcomm:qca0000_firmware|qualcomm:fastconnect_7800_firmware|qualcomm:fastconnect_6900_firmware|qualcomm:fastconnect_6800_firmware|qualcomm:fastconnect_6700_firmware|qualcomm:fastconnect_6200_firmware|qualcomm:cologne_firmware|qualcomm:aqt1000_firmware|qualcomm:wcd9341_firmware|qualcomm:wcd9370_firmware|qualcomm:wcd9375_firmware|qualcomm:wcd9378c_firmware|qualcomm:wcd9380_firmware|qualcomm:wcd9385_firmware|qualcomm:wcn3950_firmware|qualcomm:wcn3988_firmware|qualcomm:wsa8810_firmware|qualcomm:wsa8815_firmware|qualcomm:wsa8830_firmware",40
CVE-2026-21372,2026-04-06,3.1,7.8,HIGH,LOCAL,LOW,LOW,NONE,1.8,qualcomm:x2000094_firmware|qualcomm:xg101002_firmware|qualcomm:xg101032_firmware|qualcomm:xg101039_firmware|qualcomm:x2000092_firmware|qualcomm:x2000090_firmware|qualcomm:x2000086_firmware|qualcomm:x2000077_firmware|qualcomm:wsa8845h_firmware|qualcomm:wsa8845_firmware|qualcomm:wsa8840_firmware|qualcomm:wcn3988_firmware|qualcomm:wcn3950_firmware|qualcomm:wcd9385_firmware|qualcomm:wcd9380_firmware|qualcomm:wcd9378c_firmware|qualcomm:wcd9375_firmware|qualcomm:wcd9370_firmware|qualcomm:snapdragon_7c\+_gen_3_compute_firmware|qualcomm:snapdragon_662_mobile_platform_firmware|qualcomm:snapdragon_460_mobile_platform_firmware|qualcomm:video_collaboration_vc3_platform_firmware|qualcomm:qcm6490_firmware|qualcomm:qcm5430_firmware|qualcomm:fastconnect_7800_firmware|qualcomm:fastconnect_6900_firmware|qualcomm:fastconnect_6700_firmware|qualcomm:cologne_firmware,28
CVE-2026-21373,2026-04-06,3.1,7.8,HIGH,LOCAL,LOW,LOW,NONE,1.8,"qualcomm:aqt1000_firmware|qualcomm:cologne_firmware|qualcomm:fastconnect_6200_firmware|qualcomm:fastconnect_6700_firmware|qualcomm:fastconnect_6800_firmware|qualcomm:fastconnect_6900_firmware|qualcomm:fastconnect_7800_firmware|qualcomm:qca0000_firmware|qualcomm:qca6391_firmware|qualcomm:qca6420_firmware|qualcomm:qca6430_firmware|qualcomm:wcd9385_firmware|qualcomm:wcn3950_firmware|qualcomm:wcn3988_firmware|qualcomm:wsa8810_firmware|qualcomm:wsa8815_firmware|qualcomm:wsa8830_firmware|qualcomm:wsa8832_firmware|qualcomm:wsa8835_firmware|qualcomm:wsa8840_firmware|qualcomm:wsa8845_firmware|qualcomm:wsa8845h_firmware|qualcomm:x2000077_firmware|qualcomm:x2000086_firmware|qualcomm:x2000090_firmware|qualcomm:x2000092_firmware|qualcomm:x2000094_firmware|qualcomm:xg101002_firmware|qualcomm:xg101032_firmware|qualcomm:xg101039_firmware|qualcomm:wcd9380_firmware|qualcomm:wcd9378c_firmware|qualcomm:wcd9375_firmware|qualcomm:wcd9370_firmware|qualcomm:wcd9341_firmware|qualcomm:wcd9340_firmware|qualcomm:snapdragon_ar1_gen_1_platform_firmware|qualcomm:snapdragon_8cx_gen_3_compute_platform_firmware|qualcomm:snapdragon_8cx_gen_2_5g_compute_platform_\""poipu_pro\""_firmware|qualcomm:snapdragon_8cx_gen_2_5g_compute_platform_firmware",40
CVE-2026-21374,2026-04-06,3.1,7.8,HIGH,LOCAL,LOW,LOW,NONE,1.8,"qualcomm:sm6250_firmware|qualcomm:snapdragon_460_mobile_platform_firmware|qualcomm:snapdragon_662_mobile_platform_firmware|qualcomm:snapdragon_7c_compute_platform_firmware|qualcomm:snapdragon_7c_gen_2_compute_platform_firmware|qualcomm:snapdragon_7c\+_gen_3_compute_firmware|qualcomm:snapdragon_8c_compute_platform_firmware|qualcomm:snapdragon_8c_compute_platform_\(sc8180xp-ad\)_firmware|qualcomm:snapdragon_8cx_compute_platform_firmware|qualcomm:snapdragon_8cx_compute_platform_\""poipu_pro\""_firmware|qualcomm:snapdragon_8cx_gen_2_5g_compute_platform_firmware|qualcomm:snapdragon_8cx_gen_2_5g_compute_platform_\""poipu_pro\""_firmware|qualcomm:snapdragon_8cx_gen_3_compute_platform_firmware|qualcomm:snapdragon_ar1_gen_1_platform_firmware|qualcomm:wcd9340_firmware|qualcomm:wcd9341_firmware|qualcomm:wcd9370_firmware|qualcomm:wcd9375_firmware|qualcomm:wcd9378c_firmware|qualcomm:wcd9380_firmware|qualcomm:wcd9385_firmware|qualcomm:wcn3950_firmware|qualcomm:wcn3988_firmware|qualcomm:wsa8810_firmware|qualcomm:wsa8815_firmware|qualcomm:wsa8830_firmware|qualcomm:wsa8832_firmware|qualcomm:wsa8835_firmware|qualcomm:wsa8840_firmware|qualcomm:wsa8845_firmware|qualcomm:sc8380xp_firmware|qualcomm:video_collaboration_vc3_platform_firmware|qualcomm:qcm6490_firmware|qualcomm:qcm5430_firmware|qualcomm:qca6430_firmware|qualcomm:qca6420_firmware|qualcomm:qca6391_firmware|qualcomm:qca0000_firmware|qualcomm:fastconnect_7800_firmware|qualcomm:fastconnect_6900_firmware",40
CVE-2026-21375,2026-04-06,3.1,7.8,HIGH,LOCAL,LOW,LOW,NONE,1.8,qualcomm:wcn3988_firmware|qualcomm:wsa8830_firmware|qualcomm:wsa8832_firmware|qualcomm:wsa8835_firmware|qualcomm:wsa8840_firmware|qualcomm:wsa8845_firmware|qualcomm:wsa8845h_firmware|qualcomm:x2000077_firmware|qualcomm:x2000086_firmware|qualcomm:x2000090_firmware|qualcomm:x2000092_firmware|qualcomm:x2000094_firmware|qualcomm:xg101002_firmware|qualcomm:xg101032_firmware|qualcomm:xg101039_firmware|qualcomm:wcn3950_firmware|qualcomm:wcd9385_firmware|qualcomm:wcd9380_firmware|qualcomm:wcd9378c_firmware|qualcomm:wcd9375_firmware|qualcomm:wcd9370_firmware|qualcomm:snapdragon_ar1_gen_1_platform_firmware|qualcomm:snapdragon_8cx_gen_3_compute_platform_firmware|qualcomm:snapdragon_7c\+_gen_3_compute_firmware|qualcomm:snapdragon_662_mobile_platform_firmware|qualcomm:snapdragon_460_mobile_platform_firmware|qualcomm:sc8380xp_firmware|qualcomm:video_collaboration_vc3_platform_firmware|qualcomm:qcm6490_firmware|qualcomm:qcm5430_firmware|qualcomm:qca0000_firmware|qualcomm:fastconnect_7800_firmware|qualcomm:fastconnect_6900_firmware|qualcomm:fastconnect_6700_firmware|qualcomm:cologne_firmware,35
CVE-2026-21376,2026-04-06,3.1,7.8,HIGH,LOCAL,LOW,LOW,NONE,1.8,"qualcomm:aqt1000_firmware|qualcomm:cologne_firmware|qualcomm:fastconnect_6200_firmware|qualcomm:fastconnect_6700_firmware|qualcomm:fastconnect_6800_firmware|qualcomm:fastconnect_6900_firmware|qualcomm:wcd9341_firmware|qualcomm:wcd9370_firmware|qualcomm:wcd9375_firmware|qualcomm:wcd9378c_firmware|qualcomm:wcd9380_firmware|qualcomm:wcd9385_firmware|qualcomm:wcn3950_firmware|qualcomm:wcn3988_firmware|qualcomm:wsa8810_firmware|qualcomm:wsa8815_firmware|qualcomm:wsa8830_firmware|qualcomm:wsa8832_firmware|qualcomm:wsa8835_firmware|qualcomm:wsa8840_firmware|qualcomm:wsa8845_firmware|qualcomm:wsa8845h_firmware|qualcomm:x2000077_firmware|qualcomm:x2000086_firmware|qualcomm:x2000090_firmware|qualcomm:x2000092_firmware|qualcomm:x2000094_firmware|qualcomm:xg101002_firmware|qualcomm:xg101032_firmware|qualcomm:xg101039_firmware|qualcomm:wcd9340_firmware|qualcomm:snapdragon_ar1_gen_1_platform_firmware|qualcomm:snapdragon_8cx_gen_3_compute_platform_firmware|qualcomm:snapdragon_8cx_gen_2_5g_compute_platform_\""poipu_pro\""_firmware|qualcomm:snapdragon_8cx_gen_2_5g_compute_platform_firmware|qualcomm:snapdragon_8cx_compute_platform_\""poipu_pro\""_firmware|qualcomm:snapdragon_8cx_compute_platform_firmware|qualcomm:snapdragon_8c_compute_platform_\(sc8180xp-ad\)_firmware|qualcomm:snapdragon_8c_compute_platform_firmware|qualcomm:snapdragon_7c\+_gen_3_compute_firmware",40
CVE-2026-21378,2026-04-06,3.1,7.8,HIGH,LOCAL,LOW,LOW,NONE,1.8,qualcomm:wcd9375_firmware|qualcomm:wcd9378c_firmware|qualcomm:wcd9380_firmware|qualcomm:wcd9385_firmware|qualcomm:wcn3950_firmware|qualcomm:wcn3988_firmware|qualcomm:wsa8810_firmware|qualcomm:wsa8815_firmware|qualcomm:wsa8830_firmware|qualcomm:wsa8832_firmware|qualcomm:wsa8835_firmware|qualcomm:wsa8840_firmware|qualcomm:wsa8845_firmware|qualcomm:wsa8845h_firmware|qualcomm:x2000077_firmware|qualcomm:x2000086_firmware|qualcomm:aqt1000_firmware|qualcomm:cologne_firmware|qualcomm:fastconnect_6200_firmware|qualcomm:fastconnect_6700_firmware|qualcomm:fastconnect_6800_firmware|qualcomm:x2000090_firmware|qualcomm:x2000092_firmware|qualcomm:x2000094_firmware|qualcomm:xg101002_firmware|qualcomm:xg101032_firmware|qualcomm:xg101039_firmware|qualcomm:wcd9370_firmware|qualcomm:wcd9341_firmware|qualcomm:wcd9340_firmware|qualcomm:snapdragon_ar1_gen_1_platform_firmware|qualcomm:snapdragon_8cx_gen_3_compute_platform_firmware|qualcomm:snapdragon_8cx_gen_2_5g_compute_platform_firmware|qualcomm:snapdragon_8cx_compute_platform_firmware|qualcomm:snapdragon_8c_compute_platform_firmware|qualcomm:snapdragon_7c\+_gen_3_compute_firmware|qualcomm:snapdragon_7c_gen_2_compute_platform_firmware|qualcomm:snapdragon_7c_compute_platform_firmware|qualcomm:snapdragon_662_mobile_platform_firmware|qualcomm:snapdragon_460_mobile_platform_firmware,40
CVE-2026-21380,2026-04-06,3.1,7.8,HIGH,LOCAL,LOW,LOW,NONE,1.8,qualcomm:cologne_firmware|qualcomm:fastconnect_6900_firmware|qualcomm:fastconnect_7800_firmware|qualcomm:qca0000_firmware|qualcomm:sc8380xp_firmware|qualcomm:snapdragon_ar1_gen_1_platform_firmware|qualcomm:wcd9378c_firmware|qualcomm:wcd9380_firmware|qualcomm:wcd9385_firmware|qualcomm:wsa8830_firmware|qualcomm:wsa8832_firmware|qualcomm:wsa8835_firmware|qualcomm:wsa8840_firmware|qualcomm:wsa8845_firmware|qualcomm:wsa8845h_firmware|qualcomm:x2000077_firmware|qualcomm:x2000086_firmware|qualcomm:x2000090_firmware|qualcomm:x2000092_firmware|qualcomm:x2000094_firmware|qualcomm:xg101002_firmware|qualcomm:xg101032_firmware|qualcomm:xg101039_firmware,23
CVE-2026-21381,2026-04-06,3.1,7.6,HIGH,NETWORK,HIGH,HIGH,REQUIRED,1.0,qualcomm:ar8035_firmware|qualcomm:cologne_firmware|qualcomm:fastconnect_6200_firmware|qualcomm:fastconnect_6700_firmware|qualcomm:fastconnect_6900_firmware|qualcomm:fastconnect_7800_firmware|qualcomm:fwa_gen_3_ultra_firmware|qualcomm:g2_gen_1_firmware|qualcomm:milos_firmware|qualcomm:netrani_firmware|qualcomm:orne_firmware|qualcomm:palawan25_firmware|qualcomm:pandeiro_firmware|qualcomm:qca6391_firmware|qualcomm:qca6698au_firmware|qualcomm:qca6777aq_firmware|qualcomm:qca6787aq_firmware|qualcomm:qca6797aq_firmware|qualcomm:qca8081_firmware|qualcomm:qca8337_firmware|qualcomm:qcc2073_firmware|qualcomm:qcc2076_firmware|qualcomm:qcc710_firmware|qualcomm:qcn6224_firmware|qualcomm:qcn6274_firmware|qualcomm:qcn9011_firmware|qualcomm:qcn9012_firmware|qualcomm:qcs8550_firmware|qualcomm:qfw7114_firmware|qualcomm:qfw7124_firmware|qualcomm:qln1083bd_firmware|qualcomm:qln1086bd_firmware|qualcomm:qmp1000_firmware|qualcomm:qpa1083bd_firmware|qualcomm:qpa1086bd_firmware|qualcomm:qxm1083_firmware|qualcomm:qxm1086_firmware|qualcomm:qxm1093_firmware|qualcomm:qxm1094_firmware|qualcomm:qxm1095_firmware,40
CVE-2026-21382,2026-04-06,3.1,7.8,HIGH,LOCAL,LOW,LOW,NONE,1.8,qualcomm:cologne_firmware|qualcomm:fastconnect_6900_firmware|qualcomm:fastconnect_7800_firmware|qualcomm:qca0000_firmware|qualcomm:sc8380xp_firmware|qualcomm:wcd9378c_firmware|qualcomm:wcd9380_firmware|qualcomm:wcd9385_firmware|qualcomm:wsa8840_firmware|qualcomm:wsa8845_firmware|qualcomm:wsa8845h_firmware|qualcomm:x2000077_firmware|qualcomm:x2000086_firmware|qualcomm:x2000090_firmware|qualcomm:x2000092_firmware|qualcomm:x2000094_firmware|qualcomm:xg101002_firmware|qualcomm:xg101032_firmware|qualcomm:xg101039_firmware,19
CVE-2026-31350,2026-04-06,3.1,5.4,MEDIUM,NETWORK,LOW,LOW,REQUIRED,2.3,feehi:feehi_cms,1
CVE-2026-31351,2026-04-06,3.1,4.8,MEDIUM,NETWORK,LOW,HIGH,REQUIRED,1.7,feehi:feehi_cms,1
CVE-2026-31352,2026-04-06,3.1,5.4,MEDIUM,NETWORK,LOW,LOW,REQUIRED,2.3,feehi:feehi_cms,1
CVE-2026-31353,2026-04-06,3.1,5.4,MEDIUM,NETWORK,LOW,LOW,REQUIRED,2.3,feehi:feehi_cms,1
CVE-2026-31354,2026-04-06,3.1,5.4,MEDIUM,NETWORK,LOW,LOW,REQUIRED,2.3,feehi:feehi_cms,1
CVE-2026-33405,2026-04-06,3.1,3.1,LOW,LOCAL,LOW,HIGH,REQUIRED,0.6,pi-hole:web_interface,1
CVE-2026-33727,2026-04-06,3.1,6.4,MEDIUM,LOCAL,HIGH,HIGH,NONE,0.5,pi-hole:pi-hole,1
CVE-2026-33752,2026-04-06,3.1,8.6,HIGH,NETWORK,LOW,NONE,NONE,3.9,lexiforest:curl_cffi,1
CVE-2026-34148,2026-04-06,3.1,7.5,HIGH,NETWORK,LOW,NONE,NONE,3.9,fedify:fedify\/fedify|fedify:fedify\/vocab-runtime,2
CVE-2026-34208,2026-04-06,3.1,10.0,CRITICAL,NETWORK,LOW,NONE,NONE,3.9,nyariv:sandboxjs,1
CVE-2026-34211,2026-04-06,3.1,7.5,HIGH,NETWORK,LOW,NONE,NONE,3.9,nyariv:sandboxjs,1
CVE-2026-34217,2026-04-06,3.1,7.2,HIGH,NETWORK,LOW,NONE,NONE,3.9,nyariv:sandboxjs,1
CVE-2026-34378,2026-04-06,3.1,6.5,MEDIUM,NETWORK,LOW,NONE,REQUIRED,2.8,openexr:openexr,1
CVE-2026-34379,2026-04-06,3.1,7.1,HIGH,NETWORK,LOW,NONE,REQUIRED,2.8,openexr:openexr,1
CVE-2026-34380,2026-04-06,3.1,5.9,MEDIUM,NETWORK,HIGH,NONE,REQUIRED,1.6,openexr:openexr,1
CVE-2026-34444,2026-04-06,3.1,10.0,CRITICAL,NETWORK,LOW,NONE,NONE,3.9,scoder:lupa,1
CVE-2026-34588,2026-04-06,3.1,7.8,HIGH,LOCAL,LOW,LOW,NONE,1.8,openexr:openexr,1
CVE-2026-34589,2026-04-06,3.1,5.0,MEDIUM,LOCAL,LOW,LOW,REQUIRED,1.3,openexr:openexr,1
CVE-2026-34753,2026-04-06,3.1,5.4,MEDIUM,NETWORK,LOW,LOW,NONE,2.8,vllm:vllm,1
CVE-2026-34755,2026-04-06,3.1,6.5,MEDIUM,NETWORK,LOW,LOW,NONE,2.8,vllm:vllm,1
CVE-2026-34756,2026-04-06,3.1,6.5,MEDIUM,NETWORK,LOW,LOW,NONE,2.8,vllm:vllm,1
CVE-2026-34764,2026-04-06,3.1,2.3,LOW,LOCAL,LOW,HIGH,NONE,0.8,electronjs:electron,1
CVE-2026-34940,2026-04-06,3.1,8.7,HIGH,NETWORK,LOW,HIGH,NONE,2.3,kubeai:kubeai,1
CVE-2026-34950,2026-04-06,3.1,9.1,CRITICAL,NETWORK,LOW,NONE,NONE,3.9,nearform:fast-jwt,1
CVE-2026-34951,2026-04-06,3.1,6.1,MEDIUM,NETWORK,LOW,NONE,REQUIRED,2.8,salesforce:workbench,1
CVE-2026-34969,2026-04-06,3.1,7.5,HIGH,NETWORK,LOW,NONE,NONE,3.9,nhost:nhost\/auth,1
CVE-2026-34982,2026-04-06,3.1,8.2,HIGH,LOCAL,LOW,NONE,REQUIRED,1.8,vim:vim,1
CVE-2026-5665,2026-04-06,3.1,7.3,HIGH,NETWORK,LOW,NONE,NONE,3.9,,0
CVE-2026-5666,2026-04-06,3.1,5.3,MEDIUM,NETWORK,LOW,NONE,NONE,3.9,,0
CVE-2026-5704,2026-04-06,3.1,5.0,MEDIUM,LOCAL,LOW,LOW,REQUIRED,1.3,gnu:tar|redhat:hardened_images|redhat:enterprise_linux,3
CVE-2026-31313,2026-04-06,3.1,5.4,MEDIUM,NETWORK,LOW,LOW,REQUIRED,2.3,feehi:feehi_cms,1
CVE-2026-34783,2026-04-06,3.1,8.1,HIGH,NETWORK,LOW,NONE,REQUIRED,2.8,montferret:ferret,1
CVE-2026-34841,2026-04-06,3.1,9.8,CRITICAL,NETWORK,LOW,NONE,NONE,3.9,usebruno:bruno,1
CVE-2026-34975,2026-04-06,3.1,8.5,HIGH,NETWORK,LOW,LOW,NONE,3.1,useplunk:plunk,1
CVE-2026-34976,2026-04-06,3.1,10.0,CRITICAL,NETWORK,LOW,NONE,NONE,3.9,dgraph:dgraph,1
CVE-2026-34977,2026-04-06,3.1,9.8,CRITICAL,NETWORK,LOW,NONE,NONE,3.9,aperisolve:aperisolve,1
CVE-2026-34981,2026-04-06,3.1,5.8,MEDIUM,NETWORK,LOW,NONE,NONE,3.9,pavelzbornik:whisperx_rest_api,1
CVE-2026-34986,2026-04-06,3.1,7.5,HIGH,NETWORK,LOW,NONE,NONE,3.9,go-jose_project:go-jose,1
CVE-2026-34989,2026-04-06,3.1,9.0,CRITICAL,NETWORK,LOW,LOW,REQUIRED,2.3,ci4-cms-erp:ci4ms,1
CVE-2026-34992,2026-04-06,3.1,7.5,HIGH,NETWORK,LOW,NONE,NONE,3.9,linuxfoundation:antrea,1
CVE-2026-35029,2026-04-06,3.1,8.8,HIGH,NETWORK,LOW,LOW,NONE,2.8,litellm:litellm,1
CVE-2026-35030,2026-04-06,3.1,9.1,CRITICAL,NETWORK,LOW,NONE,NONE,3.9,litellm:litellm,1
CVE-2026-35035,2026-04-06,3.1,7.2,HIGH,NETWORK,LOW,HIGH,NONE,1.2,ci4-cms-erp:ci4ms,1
CVE-2026-35036,2026-04-06,3.1,7.5,HIGH,NETWORK,LOW,NONE,NONE,3.9,ech0:ech0,1
CVE-2026-35037,2026-04-06,3.1,7.2,HIGH,NETWORK,LOW,NONE,NONE,3.9,ech0:ech0,1
CVE-2026-35039,2026-04-06,3.1,9.1,CRITICAL,NETWORK,LOW,NONE,NONE,3.9,nearform:fast-jwt,1
CVE-2026-35042,2026-04-06,3.1,7.5,HIGH,NETWORK,LOW,NONE,NONE,3.9,nearform:fast-jwt,1
CVE-2026-5668,2026-04-06,3.1,2.4,LOW,NETWORK,LOW,HIGH,REQUIRED,0.9,,0
CVE-2026-5669,2026-04-06,3.1,7.3,HIGH,NETWORK,LOW,NONE,NONE,3.9,,0
CVE-2026-5670,2026-04-06,3.1,6.3,MEDIUM,NETWORK,LOW,LOW,NONE,2.8,,0
CVE-2025-57835,2026-04-06,3.1,7.5,HIGH,NETWORK,LOW,NONE,NONE,3.9,samsung:exynos_990_firmware|samsung:exynos_980_firmware|samsung:exynos_850_firmware|samsung:exynos_1080_firmware|samsung:exynos_1280_firmware|samsung:exynos_1330_firmware|samsung:exynos_1380_firmware|samsung:exynos_1480_firmware|samsung:exynos_1580_firmware|samsung:exynos_2100_firmware|samsung:exynos_2200_firmware|samsung:exynos_2400_firmware|samsung:exynos_2500_firmware|samsung:exynos_w930_firmware|samsung:exynos_w920_firmware|samsung:exynos_w1000_firmware|samsung:exynos_modem_5400_firmware|samsung:exynos_modem_5300_firmware|samsung:exynos_modem_5123_firmware|samsung:exynos_9110_firmware,20
CVE-2025-59440,2026-04-06,3.1,7.5,HIGH,NETWORK,LOW,NONE,NONE,3.9,samsung:exynos_990_firmware|samsung:exynos_980_firmware|samsung:exynos_850_firmware|samsung:exynos_1080_firmware|samsung:exynos_1280_firmware|samsung:exynos_1330_firmware|samsung:exynos_1380_firmware|samsung:exynos_1480_firmware|samsung:exynos_1580_firmware|samsung:exynos_2100_firmware|samsung:exynos_2200_firmware|samsung:exynos_2400_firmware|samsung:exynos_2500_firmware|samsung:exynos_w930_firmware|samsung:exynos_w920_firmware|samsung:exynos_w1000_firmware|samsung:exynos_modem_5400_firmware|samsung:exynos_modem_5300_firmware|samsung:exynos_modem_5123_firmware|samsung:exynos_9110_firmware,20
CVE-2025-61166,2026-04-06,3.1,6.1,MEDIUM,NETWORK,LOW,NONE,REQUIRED,2.8,ascertia:signinghub,1
CVE-2026-30613,2026-04-06,3.1,4.6,MEDIUM,PHYSICAL,LOW,NONE,NONE,0.9,,0
CVE-2026-35043,2026-04-06,3.1,7.8,HIGH,LOCAL,LOW,NONE,REQUIRED,1.8,bentoml:bentoml,1
CVE-2026-35044,2026-04-06,3.1,8.8,HIGH,NETWORK,LOW,NONE,REQUIRED,2.8,bentoml:bentoml,1
CVE-2026-35045,2026-04-06,3.1,8.1,HIGH,NETWORK,LOW,LOW,NONE,2.8,tandoor:recipes,1
CVE-2026-35046,2026-04-06,3.1,5.4,MEDIUM,NETWORK,LOW,LOW,REQUIRED,2.3,tandoor:recipes,1
CVE-2026-35047,2026-04-06,3.1,9.8,CRITICAL,NETWORK,LOW,NONE,NONE,3.9,ajax30:bravecms,1
CVE-2026-35050,2026-04-06,3.1,9.1,CRITICAL,NETWORK,LOW,HIGH,NONE,2.3,oobabooga:textgen,1
CVE-2026-35052,2026-04-06,3.1,9.8,CRITICAL,NETWORK,LOW,NONE,NONE,3.9,man:d-tale,1
CVE-2026-35164,2026-04-06,3.1,8.8,HIGH,NETWORK,LOW,LOW,NONE,2.8,ajax30:bravecms,1
CVE-2026-35166,2026-04-06,3.1,5.4,MEDIUM,NETWORK,LOW,LOW,REQUIRED,2.3,gohugo:hugo,1
CVE-2026-35167,2026-04-06,3.1,7.1,HIGH,NETWORK,LOW,LOW,NONE,2.8,linuxfoundation:kedro,1
CVE-2026-35171,2026-04-06,3.1,9.8,CRITICAL,NETWORK,LOW,NONE,NONE,3.9,linuxfoundation:kedro,1
CVE-2026-35173,2026-04-06,3.1,6.5,MEDIUM,NETWORK,LOW,LOW,NONE,2.8,chyrplite:chyrp_lite,1
CVE-2026-35174,2026-04-06,3.1,9.1,CRITICAL,NETWORK,LOW,HIGH,NONE,2.3,chyrplite:chyrp_lite,1
CVE-2026-35175,2026-04-06,3.1,6.5,MEDIUM,NETWORK,LOW,LOW,NONE,2.8,ajenti:ajenti,1
CVE-2026-35177,2026-04-06,3.1,4.1,MEDIUM,LOCAL,HIGH,NONE,REQUIRED,1.0,vim:vim,1
CVE-2026-35209,2026-04-06,3.1,7.5,HIGH,NETWORK,LOW,NONE,NONE,3.9,unjs:defu,1
CVE-2026-35470,2026-04-06,3.1,8.8,HIGH,NETWORK,LOW,LOW,NONE,2.8,devcode:openstamanager,1
CVE-2026-5671,2026-04-06,3.1,4.3,MEDIUM,NETWORK,LOW,NONE,REQUIRED,2.8,,0
CVE-2026-5672,2026-04-06,3.1,7.3,HIGH,NETWORK,LOW,NONE,NONE,3.9,,0
CVE-2026-5675,2026-04-06,3.1,6.3,MEDIUM,NETWORK,LOW,LOW,NONE,2.8,,0
CVE-2025-48651,2026-04-06,3.1,5.5,MEDIUM,LOCAL,LOW,LOW,NONE,1.8,google:android,1
CVE-2025-54324,2026-04-06,3.1,7.5,HIGH,NETWORK,LOW,NONE,NONE,3.9,samsung:exynos_990_firmware|samsung:exynos_980_firmware|samsung:exynos_850_firmware|samsung:exynos_1080_firmware|samsung:exynos_1280_firmware|samsung:exynos_1330_firmware|samsung:exynos_1380_firmware|samsung:exynos_1480_firmware|samsung:exynos_1580_firmware|samsung:exynos_2100_firmware|samsung:exynos_2200_firmware|samsung:exynos_2400_firmware|samsung:exynos_2500_firmware|samsung:exynos_w930_firmware|samsung:exynos_w920_firmware|samsung:exynos_w1000_firmware|samsung:exynos_modem_5400_firmware|samsung:exynos_modem_5300_firmware|samsung:exynos_modem_5123_firmware|samsung:exynos_9110_firmware,20
CVE-2025-58349,2026-04-06,3.1,9.1,CRITICAL,NETWORK,LOW,NONE,NONE,3.9,samsung:exynos_990_firmware|samsung:exynos_980_firmware|samsung:exynos_850_firmware|samsung:exynos_1080_firmware|samsung:exynos_1280_firmware|samsung:exynos_1330_firmware|samsung:exynos_1380_firmware|samsung:exynos_1480_firmware|samsung:exynos_1580_firmware|samsung:exynos_2100_firmware|samsung:exynos_2200_firmware|samsung:exynos_2400_firmware|samsung:exynos_2500_firmware|samsung:exynos_w930_firmware|samsung:exynos_w920_firmware|samsung:exynos_w1000_firmware|samsung:exynos_modem_5400_firmware|samsung:exynos_modem_5300_firmware|samsung:exynos_modem_5123_firmware|samsung:exynos_9110_firmware,20
CVE-2026-0049,2026-04-06,3.1,6.2,MEDIUM,LOCAL,LOW,NONE,NONE,2.5,google:android,1
CVE-2026-5676,2026-04-06,3.1,7.3,HIGH,NETWORK,LOW,NONE,NONE,3.9,,0
CVE-2026-5677,2026-04-06,3.1,7.3,HIGH,NETWORK,LOW,NONE,NONE,3.9,,0
CVE-2026-5678,2026-04-06,3.1,7.3,HIGH,NETWORK,LOW,NONE,NONE,3.9,,0
CVE-2025-54328,2026-04-06,3.1,10.0,CRITICAL,NETWORK,LOW,NONE,NONE,3.9,samsung:exynos_980_firmware|samsung:exynos_990_firmware|samsung:exynos_850_firmware|samsung:exynos_1080_firmware|samsung:exynos_2100_firmware|samsung:exynos_1280_firmware|samsung:exynos_1330_firmware|samsung:exynos_1380_firmware|samsung:exynos_1480_firmware|samsung:exynos_1580_firmware|samsung:exynos_2200_firmware|samsung:exynos_2400_firmware|samsung:exynos_2500_firmware|samsung:exynos_9110_firmware|samsung:exynos_w930_firmware|samsung:exynos_w920_firmware|samsung:exynos_w1000_firmware|samsung:exynos_modem_5123_firmware|samsung:exynos_modem_5300_firmware|samsung:exynos_modem_5400_firmware,20
CVE-2025-54602,2026-04-06,3.1,7.0,HIGH,LOCAL,HIGH,LOW,NONE,1.0,samsung:exynos_980_firmware|samsung:exynos_850_firmware|samsung:exynos_1080_firmware|samsung:exynos_1280_firmware|samsung:exynos_1330_firmware|samsung:exynos_1380_firmware|samsung:exynos_1480_firmware|samsung:exynos_1580_firmware|samsung:exynos_w1000_firmware|samsung:exynos_w920_firmware|samsung:exynos_w930_firmware,11
CVE-2025-57834,2026-04-06,3.1,7.5,HIGH,NETWORK,LOW,NONE,NONE,3.9,samsung:exynos_980_firmware|samsung:exynos_990_firmware|samsung:exynos_850_firmware|samsung:exynos_1080_firmware|samsung:exynos_2100_firmware|samsung:exynos_1280_firmware|samsung:exynos_1330_firmware|samsung:exynos_1380_firmware|samsung:exynos_1480_firmware|samsung:exynos_1580_firmware|samsung:exynos_2200_firmware|samsung:exynos_2400_firmware|samsung:exynos_2500_firmware|samsung:exynos_9110_firmware|samsung:exynos_w930_firmware|samsung:exynos_w920_firmware|samsung:exynos_w1000_firmware|samsung:exynos_modem_5123_firmware|samsung:exynos_modem_5300_firmware|samsung:exynos_modem_5400_firmware|samsung:exynos_1680_firmware|samsung:exynos_modem_5410_firmware,22
CVE-2026-35170,2026-04-06,3.1,7.1,HIGH,LOCAL,LOW,NONE,REQUIRED,1.8,trabucayre:openfpgaloader,1
CVE-2026-35172,2026-04-06,3.1,7.5,HIGH,NETWORK,LOW,NONE,NONE,3.9,distribution:distribution,1
CVE-2026-35176,2026-04-06,3.1,7.1,HIGH,LOCAL,LOW,NONE,REQUIRED,1.8,trabucayre:openfpgaloader,1
CVE-2026-35178,2026-04-06,3.1,9.8,CRITICAL,NETWORK,LOW,NONE,NONE,3.9,forceworkbench:forceworkbench,1
CVE-2026-35179,2026-04-06,3.1,5.3,MEDIUM,NETWORK,LOW,NONE,NONE,3.9,wwbn:avideo,1
CVE-2026-35180,2026-04-06,3.1,4.3,MEDIUM,NETWORK,LOW,NONE,REQUIRED,2.8,wwbn:avideo,1
CVE-2026-35181,2026-04-06,3.1,4.3,MEDIUM,NETWORK,LOW,NONE,REQUIRED,2.8,wwbn:avideo,1
CVE-2026-35182,2026-04-06,3.1,8.8,HIGH,NETWORK,LOW,LOW,NONE,2.8,ajax30:bravecms,1
CVE-2026-35183,2026-04-06,3.1,7.1,HIGH,NETWORK,LOW,LOW,NONE,2.8,ajax30:bravecms,1
CVE-2026-35184,2026-04-06,3.1,9.8,CRITICAL,NETWORK,LOW,NONE,NONE,3.9,ecclesiacrm:ecclesiacrm,1
CVE-2026-35185,2026-04-06,3.1,7.5,HIGH,NETWORK,LOW,NONE,NONE,3.9,psu:haxiam,1
CVE-2026-35187,2026-04-06,3.1,7.7,HIGH,NETWORK,LOW,LOW,NONE,3.1,pyload-ng_project:pyload-ng,1
CVE-2026-35197,2026-04-06,3.1,6.6,MEDIUM,LOCAL,LOW,LOW,REQUIRED,1.3,mattiebee:dye,1
CVE-2026-35199,2026-04-06,3.1,6.1,MEDIUM,LOCAL,LOW,LOW,NONE,1.8,microsoft:symcrypt,1
CVE-2026-35200,2026-04-06,3.1,5.4,MEDIUM,NETWORK,LOW,LOW,REQUIRED,2.3,parseplatform:parse-server,1
CVE-2026-35201,2026-04-06,3.1,5.9,MEDIUM,NETWORK,HIGH,NONE,NONE,2.2,dafoster:rdiscount,1
CVE-2026-35203,2026-04-06,3.1,7.5,HIGH,NETWORK,LOW,NONE,NONE,3.9,zlmediakit:zlmediakit,1
CVE-2026-35459,2026-04-06,3.1,9.1,CRITICAL,NETWORK,LOW,NONE,NONE,3.9,pyload-ng_project:pyload-ng,1
CVE-2026-5679,2026-04-06,3.1,5.5,MEDIUM,ADJACENT,LOW,LOW,NONE,2.1,,0
CVE-2026-5681,2026-04-06,3.1,6.3,MEDIUM,NETWORK,LOW,LOW,NONE,2.8,,0
CVE-2026-5682,2026-04-06,3.1,3.7,LOW,NETWORK,HIGH,NONE,NONE,2.2,,0
CVE-2025-54601,2026-04-06,3.1,7.0,HIGH,LOCAL,HIGH,LOW,NONE,1.0,samsung:exynos_980_firmware|samsung:exynos_850_firmware|samsung:exynos_1080_firmware|samsung:exynos_1280_firmware|samsung:exynos_1330_firmware|samsung:exynos_1380_firmware|samsung:exynos_1480_firmware|samsung:exynos_1580_firmware|samsung:exynos_w930_firmware|samsung:exynos_w920_firmware|samsung:exynos_w1000_firmware,11
CVE-2026-34972,2026-04-06,3.1,5.0,MEDIUM,NETWORK,HIGH,LOW,NONE,1.6,openfga:helm_charts|openfga:openfga,2
CVE-2026-35208,2026-04-06,3.1,5.4,MEDIUM,NETWORK,LOW,LOW,REQUIRED,2.3,lichess:lila,1
CVE-2026-35213,2026-04-06,3.1,7.5,HIGH,NETWORK,LOW,NONE,NONE,3.9,content_project:content,1
CVE-2026-35389,2026-04-06,3.1,7.5,HIGH,NETWORK,LOW,NONE,NONE,3.9,bulwarkmail:webmail,1
CVE-2026-35390,2026-04-06,3.1,5.4,MEDIUM,NETWORK,LOW,LOW,REQUIRED,2.3,bulwarkmail:webmail,1
CVE-2026-35391,2026-04-06,3.1,7.5,HIGH,NETWORK,LOW,NONE,NONE,3.9,bulwarkmail:webmail,1
CVE-2026-35392,2026-04-06,3.0,9.8,CRITICAL,NETWORK,LOW,NONE,NONE,3.9,goshs:goshs,1
CVE-2026-35393,2026-04-06,3.0,9.8,CRITICAL,NETWORK,LOW,NONE,NONE,3.9,goshs:goshs,1
CVE-2026-35394,2026-04-06,3.1,8.3,HIGH,NETWORK,LOW,NONE,REQUIRED,2.8,mobilenexthq:mobile_mcp,1
CVE-2026-35395,2026-04-06,3.1,8.8,HIGH,NETWORK,LOW,LOW,NONE,2.8,wegia:wegia,1
CVE-2026-35396,2026-04-06,3.1,6.1,MEDIUM,NETWORK,LOW,NONE,REQUIRED,2.8,wegia:wegia,1
CVE-2026-35398,2026-04-06,3.1,6.1,MEDIUM,NETWORK,LOW,NONE,REQUIRED,2.8,wegia:wegia,1
CVE-2026-35399,2026-04-06,3.1,6.1,MEDIUM,NETWORK,LOW,NONE,REQUIRED,2.8,wegia:wegia,1
CVE-2026-35472,2026-04-06,3.1,6.1,MEDIUM,NETWORK,LOW,NONE,REQUIRED,2.8,wegia:wegia,1
CVE-2026-5683,2026-04-06,3.1,5.5,MEDIUM,ADJACENT,LOW,LOW,NONE,2.1,tenda:cx12l_firmware,1
CVE-2026-22675,2026-04-06,3.1,5.4,MEDIUM,NETWORK,LOW,LOW,REQUIRED,2.3,ocsinventory-ng:ocs_inventory_server,1
CVE-2026-35404,2026-04-06,3.1,4.7,MEDIUM,NETWORK,LOW,NONE,REQUIRED,2.8,openedx:openedx,1
CVE-2026-35408,2026-04-06,3.1,8.7,HIGH,NETWORK,HIGH,NONE,NONE,2.2,monospace:directus,1
CVE-2026-35409,2026-04-06,3.1,7.7,HIGH,NETWORK,LOW,LOW,NONE,3.1,monospace:directus,1
CVE-2026-35410,2026-04-06,3.1,6.1,MEDIUM,NETWORK,LOW,NONE,REQUIRED,2.8,monospace:directus,1
CVE-2026-35411,2026-04-06,3.1,4.3,MEDIUM,NETWORK,LOW,NONE,REQUIRED,2.8,monospace:directus,1
CVE-2026-35412,2026-04-06,3.1,7.1,HIGH,NETWORK,LOW,LOW,NONE,2.8,monospace:directus,1
CVE-2026-35413,2026-04-06,3.1,5.3,MEDIUM,NETWORK,LOW,NONE,NONE,3.9,monospace:directus,1
CVE-2026-35441,2026-04-06,3.1,6.5,MEDIUM,NETWORK,LOW,LOW,NONE,2.8,monospace:directus,1
CVE-2026-35442,2026-04-06,3.1,8.1,HIGH,NETWORK,LOW,LOW,NONE,2.8,monospace:directus,1
CVE-2026-35444,2026-04-06,3.1,7.1,HIGH,NETWORK,LOW,NONE,REQUIRED,2.8,libsdl:sdl_image,1
CVE-2026-35448,2026-04-06,3.1,3.7,LOW,NETWORK,HIGH,NONE,NONE,2.2,wwbn:avideo,1
CVE-2026-35449,2026-04-06,3.1,5.3,MEDIUM,NETWORK,LOW,NONE,NONE,3.9,wwbn:avideo,1
CVE-2026-35450,2026-04-06,3.1,5.3,MEDIUM,NETWORK,LOW,NONE,NONE,3.9,wwbn:avideo,1
CVE-2026-35452,2026-04-06,3.1,5.3,MEDIUM,NETWORK,LOW,NONE,NONE,3.9,wwbn:avideo,1
CVE-2026-35454,2026-04-06,3.1,6.5,MEDIUM,NETWORK,LOW,LOW,NONE,2.8,coder:code-marketplace,1
CVE-2026-35471,2026-04-06,3.0,9.8,CRITICAL,NETWORK,LOW,NONE,NONE,3.9,goshs:goshs,1
CVE-2026-35473,2026-04-06,3.1,6.1,MEDIUM,NETWORK,LOW,NONE,REQUIRED,2.8,wegia:wegia,1
CVE-2026-35474,2026-04-06,3.1,6.1,MEDIUM,NETWORK,LOW,NONE,REQUIRED,2.8,wegia:wegia,1
CVE-2026-35475,2026-04-06,3.1,6.1,MEDIUM,NETWORK,LOW,NONE,REQUIRED,2.8,wegia:wegia,1
CVE-2026-5684,2026-04-06,3.1,8.0,HIGH,ADJACENT,LOW,LOW,NONE,2.1,tenda:cx12l_firmware,1
CVE-2026-5685,2026-04-06,3.1,8.8,HIGH,NETWORK,LOW,LOW,NONE,2.8,tenda:cx12l_firmware,1
CVE-2026-5686,2026-04-06,3.1,8.8,HIGH,NETWORK,LOW,LOW,NONE,2.8,tenda:cx12l_firmware,1
CVE-2026-5687,2026-04-06,3.1,8.8,HIGH,NETWORK,LOW,LOW,NONE,2.8,tenda:cx12l_firmware,1
CVE-2026-5707,2026-04-06,3.1,8.8,HIGH,NETWORK,LOW,LOW,NONE,2.8,amazon:research_and_engineering_studio,1
CVE-2026-5708,2026-04-06,3.1,8.8,HIGH,NETWORK,LOW,LOW,NONE,2.8,amazon:research_and_engineering_studio,1
CVE-2026-5709,2026-04-06,3.1,8.8,HIGH,NETWORK,LOW,LOW,NONE,2.8,amazon:research_and_engineering_studio,1
CVE-2026-5688,2026-04-06,3.1,7.3,HIGH,NETWORK,LOW,NONE,NONE,3.9,,0
CVE-2026-5689,2026-04-06,3.1,7.3,HIGH,NETWORK,LOW,NONE,NONE,3.9,,0
CVE-2026-5690,2026-04-06,3.1,7.3,HIGH,NETWORK,LOW,NONE,NONE,3.9,,0
CVE-2026-5691,2026-04-06,3.1,7.3,HIGH,NETWORK,LOW,NONE,NONE,3.9,,0
CVE-2026-5692,2026-04-07,3.1,7.3,HIGH,NETWORK,LOW,NONE,NONE,3.9,,0
CVE-2026-5705,2026-04-07,3.1,4.3,MEDIUM,NETWORK,LOW,NONE,REQUIRED,2.8,,0
CVE-2025-13044,2026-04-07,3.1,6.2,MEDIUM,LOCAL,LOW,NONE,NONE,2.5,ibm:concert,1
CVE-2026-5719,2026-04-07,3.1,6.3,MEDIUM,NETWORK,LOW,LOW,NONE,2.8,,0
CVE-2026-20431,2026-04-07,3.1,6.5,MEDIUM,ADJACENT,LOW,NONE,NONE,2.8,mediatek:mt6813_firmware|mediatek:mt6815_firmware|mediatek:mt6835_firmware|mediatek:mt6878_firmware|mediatek:mt6897_firmware|mediatek:mt6899_firmware|mediatek:mt6986_firmware|mediatek:mt6991_firmware|mediatek:mt6993_firmware|mediatek:mt8668_firmware|mediatek:mt8676_firmware|mediatek:mt8678_firmware|mediatek:mt8755_firmware|mediatek:mt8775_firmware|mediatek:mt8792_firmware|mediatek:mt8793_firmware|mediatek:mt8863_firmware|mediatek:mt8873_firmware|mediatek:mt8883_firmware,19
CVE-2026-20432,2026-04-07,3.1,8.0,HIGH,ADJACENT,LOW,NONE,REQUIRED,2.1,mediatek:mt2735_firmware|mediatek:mt2737_firmware|mediatek:mt6779_firmware|mediatek:mt6781_firmware|mediatek:mt6783_firmware|mediatek:mt8781_firmware|mediatek:mt8789_firmware|mediatek:mt8791_firmware|mediatek:mt8791t_firmware|mediatek:mt8792_firmware|mediatek:mt8793_firmware|mediatek:mt8795t_firmware|mediatek:mt8797_firmware|mediatek:mt8798_firmware|mediatek:mt8863_firmware|mediatek:mt8873_firmware|mediatek:mt8883_firmware|mediatek:mt8893_firmware|mediatek:mt6785_firmware|mediatek:mt6789_firmware|mediatek:mt6813_firmware|mediatek:mt6815_firmware|mediatek:mt6833_firmware|mediatek:mt6835_firmware|mediatek:mt6853_firmware|mediatek:mt6855_firmware|mediatek:mt6873_firmware|mediatek:mt6875_firmware|mediatek:mt6877_firmware|mediatek:mt6878_firmware|mediatek:mt6879_firmware|mediatek:mt6880_firmware|mediatek:mt6883_firmware|mediatek:mt6885_firmware|mediatek:mt6886_firmware|mediatek:mt6889_firmware|mediatek:mt6890_firmware|mediatek:mt6891_firmware|mediatek:mt6893_firmware|mediatek:mt6895_firmware,40
CVE-2026-20433,2026-04-07,3.1,8.8,HIGH,ADJACENT,LOW,NONE,NONE,2.8,mediatek:mt2735_firmware|mediatek:mt2737_firmware|mediatek:mt6813_firmware|mediatek:mt6833_firmware|mediatek:mt6833p_firmware|mediatek:mt6835_firmware|mediatek:mt6835t_firmware|mediatek:mt6853_firmware|mediatek:mt6853t_firmware|mediatek:mt6855_firmware|mediatek:mt6855t_firmware|mediatek:mt6873_firmware|mediatek:mt6875_firmware|mediatek:mt6875t_firmware|mediatek:mt6877_firmware|mediatek:mt6877t_firmware|mediatek:mt6877tt_firmware|mediatek:mt6878_firmware|mediatek:mt6878m_firmware|mediatek:mt6879_firmware|mediatek:mt6880_firmware|mediatek:mt6883_firmware|mediatek:mt6885_firmware|mediatek:mt6886_firmware|mediatek:mt6889_firmware|mediatek:mt6890_firmware|mediatek:mt6891_firmware|mediatek:mt6893_firmware|mediatek:mt6895_firmware|mediatek:mt6895tt_firmware|mediatek:mt6896_firmware|mediatek:mt6897_firmware|mediatek:mt6899_firmware|mediatek:mt6980_firmware|mediatek:mt6980d_firmware|mediatek:mt6983_firmware|mediatek:mt6983t_firmware|mediatek:mt6985_firmware|mediatek:mt6985t_firmware|mediatek:mt6989_firmware,40
CVE-2026-20446,2026-04-07,3.1,4.3,MEDIUM,PHYSICAL,LOW,LOW,NONE,0.7,mediatek:mt6813_firmware,1
CVE-2026-0740,2026-04-07,3.1,9.8,CRITICAL,NETWORK,LOW,NONE,NONE,3.9,,0
CVE-2025-65115,2026-04-07,3.1,8.8,HIGH,NETWORK,LOW,LOW,NONE,2.8,hitachi:job_management_partner_1\/it_desktop_management-manager|hitachi:jp1\/it_desktop_management_2-manager|hitachi:jp1\/it_desktop_management_2-operations_director|hitachi:jp1\/netm\/dm_manager|hitachi:jp1\/netm\/dm_client,5
CVE-2025-65116,2026-04-07,3.1,5.5,MEDIUM,LOCAL,LOW,LOW,NONE,1.8,hitachi:job_management_partner_1\/it_desktop_management-manager|hitachi:jp1\/it_desktop_management_2-manager|hitachi:jp1\/it_desktop_management_2-operations_director|hitachi:jp1\/netm\/dm_manager|hitachi:jp1\/netm\/dm_client,5
CVE-2026-1839,2026-04-07,3.1,7.8,HIGH,LOCAL,LOW,NONE,REQUIRED,1.8,huggingface:transformers,1
CVE-2025-15611,2026-04-07,3.1,5.4,MEDIUM,NETWORK,LOW,LOW,REQUIRED,2.3,ays-pro:popup_box,1
CVE-2026-1114,2026-04-07,3.0,9.8,CRITICAL,NETWORK,LOW,NONE,NONE,3.9,lollms:lollms,1
CVE-2026-1900,2026-04-07,3.1,6.5,MEDIUM,NETWORK,LOW,NONE,NONE,3.9,linkwhisper:link_whisper,1
CVE-2026-4079,2026-04-07,3.1,6.5,MEDIUM,NETWORK,LOW,NONE,NONE,3.9,guaven:sql_chart_builder,1
CVE-2026-5465,2026-04-07,3.1,8.8,HIGH,NETWORK,LOW,LOW,NONE,2.8,,0
CVE-2026-3177,2026-04-07,3.1,5.3,MEDIUM,NETWORK,LOW,NONE,NONE,3.9,,0
CVE-2026-28810,2026-04-07,3.1,3.7,LOW,NETWORK,HIGH,NONE,NONE,2.2,erlang:erlang\/otp,1
CVE-2026-33227,2026-04-07,3.1,4.3,MEDIUM,NETWORK,LOW,LOW,NONE,2.8,apache:activemq|apache:activemq_broker|apache:activemq_web,3
CVE-2026-34197,2026-04-07,3.1,8.8,HIGH,NETWORK,LOW,LOW,NONE,2.8,apache:activemq|apache:activemq_broker,2
CVE-2026-34896,2026-04-07,3.1,7.5,HIGH,NETWORK,HIGH,NONE,REQUIRED,1.6,,0
CVE-2026-34899,2026-04-07,3.1,5.3,MEDIUM,NETWORK,LOW,NONE,NONE,3.9,,0
CVE-2026-34903,2026-04-07,3.1,5.4,MEDIUM,NETWORK,LOW,LOW,NONE,2.8,,0
CVE-2026-34904,2026-04-07,3.1,7.5,HIGH,NETWORK,HIGH,NONE,REQUIRED,1.6,,0
CVE-2026-4420,2026-04-07,3.1,5.4,MEDIUM,NETWORK,LOW,LOW,REQUIRED,2.3,bludit:bludit,1
CVE-2026-31842,2026-04-07,3.1,7.5,HIGH,NETWORK,LOW,NONE,NONE,3.9,tinyproxy_project:tinyproxy,1
CVE-2021-4473,2026-04-07,3.1,9.8,CRITICAL,NETWORK,LOW,NONE,NONE,3.9,topsecgroup:tianxin_internet_behavior_management_system,1
CVE-2025-39666,2026-04-07,3.1,7.3,HIGH,LOCAL,LOW,LOW,REQUIRED,1.3,checkmk:checkmk,1
CVE-2026-22666,2026-04-07,3.1,7.2,HIGH,NETWORK,LOW,HIGH,NONE,1.2,dolibarr:dolibarr_erp\/crm,1
CVE-2026-22679,2026-04-07,3.1,9.8,CRITICAL,NETWORK,LOW,NONE,NONE,3.9,weaver:e-cology,1
CVE-2026-23818,2026-04-07,3.1,8.8,HIGH,NETWORK,LOW,NONE,REQUIRED,2.8,hpe:aruba_networking_private_5g_core,1
CVE-2026-28808,2026-04-07,3.1,9.8,CRITICAL,NETWORK,LOW,NONE,NONE,3.9,erlang:erlang\/inets|erlang:erlang\/otp,2
CVE-2026-32144,2026-04-07,3.1,7.4,HIGH,NETWORK,HIGH,NONE,NONE,2.2,erlang:erlang\/otp|erlang:erlang\/public_key|erlang:erlang\/ssl,3
CVE-2026-33865,2026-04-07,3.1,5.4,MEDIUM,NETWORK,LOW,LOW,REQUIRED,2.3,lfprojects:mlflow,1
CVE-2026-33866,2026-04-07,3.1,4.3,MEDIUM,NETWORK,LOW,LOW,NONE,2.8,lfprojects:mlflow,1
CVE-2026-3466,2026-04-07,3.1,5.4,MEDIUM,NETWORK,LOW,LOW,REQUIRED,2.3,checkmk:checkmk,1
CVE-2026-5731,2026-04-07,3.1,9.8,CRITICAL,NETWORK,LOW,NONE,NONE,3.9,mozilla:firefox|mozilla:thunderbird,2
CVE-2026-5732,2026-04-07,3.1,8.8,HIGH,NETWORK,LOW,NONE,REQUIRED,2.8,mozilla:firefox,1
CVE-2026-5733,2026-04-07,3.1,8.8,HIGH,NETWORK,LOW,NONE,REQUIRED,2.8,mozilla:firefox,1
CVE-2026-5734,2026-04-07,3.1,9.8,CRITICAL,NETWORK,LOW,NONE,NONE,3.9,mozilla:firefox|mozilla:thunderbird,2
CVE-2026-5735,2026-04-07,3.1,9.8,CRITICAL,NETWORK,LOW,NONE,NONE,3.9,mozilla:firefox|mozilla:thunderbird,2
CVE-2026-35554,2026-04-07,3.1,8.7,HIGH,NETWORK,HIGH,NONE,NONE,2.2,,0
CVE-2026-5627,2026-04-07,3.1,7.2,HIGH,NETWORK,LOW,HIGH,NONE,1.2,mintplexlabs:anythingllm,1
CVE-2025-52909,2026-04-07,3.1,9.8,CRITICAL,NETWORK,LOW,NONE,NONE,3.9,samsung:exynos_w1000_firmware|samsung:exynos_w920_firmware|samsung:exynos_w930_firmware|samsung:exynos_980_firmware|samsung:exynos_850_firmware|samsung:exynos_1580_firmware|samsung:exynos_1480_firmware|samsung:exynos_1380_firmware|samsung:exynos_1330_firmware|samsung:exynos_1280_firmware,10
CVE-2025-62818,2026-04-07,3.1,9.8,CRITICAL,NETWORK,LOW,NONE,NONE,3.9,samsung:exynos_990_firmware|samsung:exynos_980_firmware|samsung:exynos_850_firmware|samsung:exynos_1080_firmware|samsung:exynos_1280_firmware|samsung:exynos_1330_firmware|samsung:exynos_1380_firmware|samsung:exynos_1480_firmware|samsung:exynos_1580_firmware|samsung:exynos_9110_firmware|samsung:exynos_2100_firmware|samsung:exynos_2200_firmware|samsung:exynos_2400_firmware|samsung:exynos_2500_firmware|samsung:exynos_w930_firmware|samsung:exynos_w920_firmware|samsung:exynos_w1000_firmware|samsung:exynos_modem_5400_firmware|samsung:exynos_modem_5300_firmware|samsung:exynos_modem_5123_firmware,20
CVE-2026-20884,2026-04-07,3.1,8.1,HIGH,NETWORK,HIGH,NONE,NONE,2.2,libraw:libraw,1
CVE-2026-20889,2026-04-07,3.1,9.8,CRITICAL,NETWORK,LOW,NONE,NONE,3.9,libraw:libraw,1
CVE-2026-20911,2026-04-07,3.1,9.8,CRITICAL,NETWORK,LOW,NONE,NONE,3.9,libraw:libraw,1
CVE-2026-21413,2026-04-07,3.1,9.8,CRITICAL,NETWORK,LOW,NONE,NONE,3.9,libraw:libraw,1
CVE-2026-24450,2026-04-07,3.1,8.1,HIGH,NETWORK,HIGH,NONE,NONE,2.2,libraw:libraw,1
CVE-2026-24660,2026-04-07,3.1,8.1,HIGH,NETWORK,HIGH,NONE,NONE,2.2,libraw:libraw,1
CVE-2026-30079,2026-04-07,3.1,9.8,CRITICAL,NETWORK,LOW,NONE,NONE,3.9,openairinterface:oai-cn5g-amf,1
CVE-2026-33033,2026-04-07,3.1,6.5,MEDIUM,NETWORK,LOW,LOW,NONE,2.8,djangoproject:django,1
CVE-2026-33034,2026-04-07,3.1,7.5,HIGH,NETWORK,LOW,NONE,NONE,3.9,djangoproject:django,1
CVE-2026-35405,2026-04-07,3.1,7.5,HIGH,NETWORK,LOW,NONE,NONE,3.9,protocol:libp2p,1
CVE-2026-35457,2026-04-07,3.1,8.2,HIGH,NETWORK,LOW,NONE,NONE,3.9,protocol:libp2p,1
CVE-2026-35458,2026-04-07,3.1,9.8,CRITICAL,NETWORK,LOW,NONE,NONE,3.9,thecodingmachine:gotenberg,1
CVE-2026-35460,2026-04-07,3.1,4.3,MEDIUM,NETWORK,LOW,LOW,NONE,2.8,papra:papra,1
CVE-2026-35461,2026-04-07,3.1,5.0,MEDIUM,NETWORK,LOW,LOW,NONE,3.1,papra:papra,1
CVE-2026-35462,2026-04-07,3.1,4.3,MEDIUM,NETWORK,LOW,LOW,NONE,2.8,papra:papra,1
CVE-2026-35463,2026-04-07,3.1,8.8,HIGH,NETWORK,LOW,LOW,NONE,2.8,pyload-ng_project:pyload-ng,1
CVE-2026-35464,2026-04-07,3.1,7.5,HIGH,NETWORK,HIGH,LOW,NONE,1.6,pyload:pyload,1
CVE-2026-35480,2026-04-07,3.1,6.2,MEDIUM,LOCAL,LOW,NONE,NONE,2.5,protocol:go-ipld-prime,1
CVE-2026-35483,2026-04-07,3.1,5.3,MEDIUM,NETWORK,LOW,NONE,NONE,3.9,oobabooga:textgen,1
CVE-2026-35484,2026-04-07,3.1,5.3,MEDIUM,NETWORK,LOW,NONE,NONE,3.9,oobabooga:textgen,1
CVE-2026-35485,2026-04-07,3.1,7.5,HIGH,NETWORK,LOW,NONE,NONE,3.9,oobabooga:textgen,1
CVE-2026-3902,2026-04-07,3.1,7.5,HIGH,NETWORK,LOW,NONE,NONE,3.9,djangoproject:django,1
CVE-2026-4277,2026-04-07,3.1,9.8,CRITICAL,NETWORK,LOW,NONE,NONE,3.9,djangoproject:django,1
CVE-2026-4292,2026-04-07,3.1,2.7,LOW,NETWORK,LOW,HIGH,NONE,1.2,djangoproject:django,1
CVE-2026-4740,2026-04-07,3.1,8.2,HIGH,LOCAL,LOW,HIGH,NONE,1.5,redhat:advanced_cluster_management_for_kubernetes,1
CVE-2026-5372,2026-04-07,3.1,6.4,MEDIUM,NETWORK,HIGH,HIGH,REQUIRED,0.5,runzero:runzero_platform,1
CVE-2026-5373,2026-04-07,3.1,8.1,HIGH,NETWORK,LOW,HIGH,REQUIRED,1.7,runzero:runzero_platform,1
CVE-2026-5374,2026-04-07,3.1,5.8,MEDIUM,NETWORK,HIGH,HIGH,NONE,1.3,runzero:runzero_platform,1
CVE-2026-5375,2026-04-07,3.1,2.7,LOW,NETWORK,LOW,HIGH,NONE,1.2,runzero:runzero_platform,1
CVE-2026-5376,2026-04-07,3.1,5.9,MEDIUM,NETWORK,HIGH,HIGH,NONE,0.7,runzero:runzero_platform,1
CVE-2026-5378,2026-04-07,3.1,5.8,MEDIUM,NETWORK,HIGH,HIGH,NONE,1.3,runzero:runzero_platform,1
CVE-2026-5379,2026-04-07,3.1,3.0,LOW,NETWORK,HIGH,HIGH,NONE,1.3,runzero:runzero_platform,1
CVE-2026-5380,2026-04-07,3.1,5.3,MEDIUM,NETWORK,HIGH,NONE,REQUIRED,1.6,runzero:runzero_platform,1
CVE-2026-5381,2026-04-07,3.1,2.2,LOW,NETWORK,HIGH,HIGH,NONE,0.7,runzero:runzero_platform,1
CVE-2026-5382,2026-04-07,3.1,3.0,LOW,NETWORK,HIGH,HIGH,NONE,1.3,runzero:runzero_platform,1
CVE-2026-5383,2026-04-07,3.1,4.4,MEDIUM,NETWORK,HIGH,HIGH,NONE,1.3,runzero:runzero_platform,1
CVE-2026-5384,2026-04-07,3.1,5.8,MEDIUM,NETWORK,HIGH,HIGH,NONE,1.3,runzero:runzero_platform,1
CVE-2024-36057,2026-04-07,3.1,9.8,CRITICAL,NETWORK,LOW,NONE,NONE,3.9,,0
CVE-2025-24817,2026-04-07,3.1,8.0,HIGH,ADJACENT,LOW,LOW,NONE,2.1,nokia:mantaray_nm,1
CVE-2025-24818,2026-04-07,3.1,8.0,HIGH,ADJACENT,LOW,LOW,NONE,2.1,nokia:mantaray_nm,1
CVE-2025-24819,2026-04-07,3.1,5.7,MEDIUM,ADJACENT,LOW,LOW,NONE,2.1,nokia:mantaray_nm,1
CVE-2025-52908,2026-04-07,3.1,9.8,CRITICAL,NETWORK,LOW,NONE,NONE,3.9,samsung:exynos_w1000_firmware|samsung:exynos_w920_firmware|samsung:exynos_w930_firmware|samsung:exynos_980_firmware|samsung:exynos_850_firmware|samsung:exynos_1580_firmware|samsung:exynos_1480_firmware|samsung:exynos_1380_firmware|samsung:exynos_1330_firmware|samsung:exynos_1280_firmware,10
CVE-2026-30460,2026-04-07,3.1,8.8,HIGH,NETWORK,LOW,LOW,NONE,2.8,thedaylightstudio:fuel_cms,1
CVE-2026-33815,2026-04-07,3.1,9.8,CRITICAL,NETWORK,LOW,NONE,NONE,3.9,jackc:pgx,1
CVE-2026-33816,2026-04-07,3.1,9.8,CRITICAL,NETWORK,LOW,NONE,NONE,3.9,jackc:pgx,1
CVE-2026-35486,2026-04-07,3.1,7.5,HIGH,NETWORK,LOW,NONE,NONE,3.9,oobabooga:text_generation_web_ui,1
CVE-2026-35487,2026-04-07,3.1,5.3,MEDIUM,NETWORK,LOW,NONE,NONE,3.9,oobabooga:text_generation_web_ui,1
CVE-2026-35488,2026-04-07,3.1,8.1,HIGH,NETWORK,LOW,LOW,NONE,2.8,tandoor:recipes,1
CVE-2026-35489,2026-04-07,3.1,7.3,HIGH,NETWORK,LOW,NONE,NONE,3.9,tandoor:recipes,1
CVE-2026-35490,2026-04-07,3.1,9.8,CRITICAL,NETWORK,LOW,NONE,NONE,3.9,webtechnologies:changedetection,1
CVE-2026-35491,2026-04-07,3.1,6.1,MEDIUM,LOCAL,LOW,LOW,NONE,1.8,pi-hole:ftldns,1
CVE-2026-35492,2026-04-07,3.1,6.5,MEDIUM,NETWORK,LOW,LOW,NONE,2.8,,0
CVE-2026-35515,2026-04-07,3.1,6.1,MEDIUM,NETWORK,LOW,NONE,REQUIRED,2.8,nestjs:nest,1
CVE-2026-35516,2026-04-07,3.1,5.0,MEDIUM,NETWORK,LOW,LOW,NONE,3.1,linkace:linkace,1
CVE-2026-35517,2026-04-07,3.1,8.8,HIGH,NETWORK,LOW,LOW,NONE,2.8,pi-hole:ftldns,1
CVE-2026-35518,2026-04-07,3.1,8.8,HIGH,NETWORK,LOW,LOW,NONE,2.8,pi-hole:ftldns,1
CVE-2026-35519,2026-04-07,3.1,8.8,HIGH,NETWORK,LOW,LOW,NONE,2.8,pi-hole:ftldns,1
CVE-2026-35520,2026-04-07,3.1,8.8,HIGH,NETWORK,LOW,LOW,NONE,2.8,pi-hole:ftldns,1
CVE-2026-35521,2026-04-07,3.1,8.8,HIGH,NETWORK,LOW,LOW,NONE,2.8,pi-hole:ftldns,1
CVE-2026-35526,2026-04-07,3.1,7.5,HIGH,NETWORK,LOW,NONE,NONE,3.9,strawberry:strawberry_graphql,1
CVE-2026-35534,2026-04-07,3.1,7.6,HIGH,NETWORK,LOW,LOW,REQUIRED,2.3,churchcrm:churchcrm,1
CVE-2026-35571,2026-04-07,3.1,4.8,MEDIUM,NETWORK,LOW,HIGH,REQUIRED,1.7,nsa:emissary,1
CVE-2026-4931,2026-04-07,3.1,8.6,HIGH,NETWORK,LOW,NONE,NONE,3.9,marginal:v1-core,1
CVE-2026-5745,2026-04-07,3.1,5.5,MEDIUM,LOCAL,LOW,NONE,REQUIRED,1.8,libarchive:libarchive|redhat:hardened_images|redhat:openshift_container_platform|redhat:enterprise_linux,4
CVE-2024-36058,2026-04-07,3.1,9.8,CRITICAL,NETWORK,LOW,NONE,NONE,3.9,,0
CVE-2025-14821,2026-04-07,3.1,7.8,HIGH,LOCAL,LOW,LOW,NONE,1.8,libssh:libssh|redhat:hardened_images,2
CVE-2025-14944,2026-04-07,3.1,5.3,MEDIUM,NETWORK,LOW,NONE,NONE,3.9,,0
CVE-2025-70844,2026-04-07,3.1,6.1,MEDIUM,NETWORK,LOW,NONE,REQUIRED,2.8,kantorge:yaffa,1
CVE-2026-22683,2026-04-07,3.1,8.8,HIGH,NETWORK,LOW,LOW,NONE,2.8,nextcloud:flow|windmill:windmill,2
CVE-2026-23696,2026-04-07,3.1,9.9,CRITICAL,NETWORK,LOW,LOW,NONE,3.1,,0
CVE-2026-27314,2026-04-07,3.1,8.8,HIGH,NETWORK,LOW,LOW,NONE,2.8,apache:cassandra,1
CVE-2026-27315,2026-04-07,3.1,5.5,MEDIUM,LOCAL,LOW,LOW,NONE,1.8,apache:cassandra,1
CVE-2026-32588,2026-04-07,3.1,6.5,MEDIUM,NETWORK,LOW,LOW,NONE,2.8,apache:cassandra,1
CVE-2026-35523,2026-04-07,3.1,7.5,HIGH,NETWORK,LOW,NONE,NONE,3.9,strawberry:strawberry_graphql,1
CVE-2026-35574,2026-04-07,3.1,7.3,HIGH,NETWORK,LOW,LOW,REQUIRED,2.1,churchcrm:churchcrm,1
CVE-2026-35580,2026-04-07,3.1,9.1,CRITICAL,NETWORK,LOW,HIGH,NONE,2.3,nsa:emissary,1
CVE-2026-35581,2026-04-07,3.1,7.2,HIGH,NETWORK,LOW,HIGH,NONE,1.2,nsa:emissary,1
CVE-2026-35583,2026-04-07,3.1,5.3,MEDIUM,NETWORK,LOW,NONE,NONE,3.9,nsa:emissary,1
CVE-2026-35584,2026-04-07,3.1,6.5,MEDIUM,NETWORK,LOW,NONE,NONE,3.9,freescout:freescout,1
CVE-2026-35585,2026-04-07,3.1,7.2,HIGH,NETWORK,LOW,HIGH,NONE,1.2,filebrowser:filebrowser,1
CVE-2026-35586,2026-04-07,3.1,6.8,MEDIUM,NETWORK,HIGH,LOW,NONE,1.6,pyload-ng_project:pyload-ng,1
CVE-2026-35592,2026-04-07,3.1,5.3,MEDIUM,NETWORK,HIGH,NONE,REQUIRED,1.6,pyload-ng_project:pyload-ng,1
CVE-2026-35604,2026-04-07,3.1,8.1,HIGH,NETWORK,LOW,LOW,NONE,2.8,filebrowser:filebrowser,1
CVE-2026-35605,2026-04-07,3.1,7.5,HIGH,NETWORK,LOW,NONE,NONE,3.9,filebrowser:filebrowser,1
CVE-2026-35606,2026-04-07,3.1,7.5,HIGH,NETWORK,LOW,NONE,NONE,3.9,filebrowser:filebrowser,1
CVE-2026-35607,2026-04-07,3.1,8.1,HIGH,NETWORK,HIGH,NONE,NONE,2.2,filebrowser:filebrowser,1
CVE-2026-35608,2026-04-07,3.1,6.1,MEDIUM,NETWORK,LOW,NONE,REQUIRED,2.8,roastslav:quickdrop,1
CVE-2026-35610,2026-04-07,3.1,8.8,HIGH,NETWORK,LOW,LOW,NONE,2.8,polarlearn:polarlearn,1
CVE-2026-35611,2026-04-07,3.1,7.5,HIGH,NETWORK,LOW,NONE,NONE,3.9,addressable_project:addressable,1
CVE-2026-35613,2026-04-07,3.1,5.1,MEDIUM,LOCAL,HIGH,NONE,NONE,1.4,moritzmyrz:coursevault-preview,1
CVE-2026-35614,2026-04-07,3.1,9.8,CRITICAL,NETWORK,LOW,NONE,NONE,3.9,frappe:frappe,1
CVE-2026-35615,2026-04-07,3.1,7.5,HIGH,NETWORK,LOW,NONE,NONE,3.9,praison:praisonai,1
CVE-2026-39305,2026-04-07,3.1,9.0,CRITICAL,LOCAL,LOW,NONE,NONE,2.5,praison:praisonai,1
CVE-2026-39306,2026-04-07,3.1,7.3,HIGH,NETWORK,LOW,LOW,REQUIRED,2.1,praison:praisonai,1
CVE-2026-39307,2026-04-07,3.1,8.1,HIGH,NETWORK,LOW,NONE,REQUIRED,2.8,praison:praisonai,1
CVE-2026-39308,2026-04-07,3.1,7.1,HIGH,NETWORK,LOW,LOW,NONE,2.8,praison:praisonai,1
CVE-2026-39312,2026-04-07,3.1,7.5,HIGH,NETWORK,LOW,NONE,NONE,3.9,softether:softethervpn,1
CVE-2026-39314,2026-04-07,3.1,4.0,MEDIUM,LOCAL,LOW,NONE,NONE,2.5,openprinting:cups,1
CVE-2026-39316,2026-04-07,3.1,4.0,MEDIUM,LOCAL,LOW,NONE,NONE,2.5,openprinting:cups,1
CVE-2026-39384,2026-04-07,3.1,7.6,HIGH,NETWORK,LOW,LOW,NONE,2.8,freescout:freescout,1
CVE-2026-4631,2026-04-07,3.1,9.8,CRITICAL,NETWORK,LOW,NONE,NONE,3.9,,0
CVE-2026-22680,2026-04-07,3.1,5.3,MEDIUM,NETWORK,LOW,NONE,NONE,3.9,volcengine:openviking,1
CVE-2026-22682,2026-04-07,3.1,7.1,HIGH,LOCAL,LOW,LOW,NONE,1.8,,0
CVE-2026-24146,2026-04-07,3.1,7.5,HIGH,NETWORK,LOW,NONE,NONE,3.9,nvidia:triton_inference_server,1
CVE-2026-24147,2026-04-07,3.1,4.8,MEDIUM,NETWORK,HIGH,NONE,NONE,2.2,nvidia:triton_inference_server,1
CVE-2026-24156,2026-04-07,3.1,7.3,HIGH,LOCAL,LOW,LOW,REQUIRED,1.3,nvidia:data_loading_library,1
CVE-2026-24173,2026-04-07,3.1,7.5,HIGH,NETWORK,LOW,NONE,NONE,3.9,nvidia:triton_inference_server,1
CVE-2026-24174,2026-04-07,3.1,7.5,HIGH,NETWORK,LOW,NONE,NONE,3.9,nvidia:triton_inference_server,1
CVE-2026-24175,2026-04-07,3.1,7.5,HIGH,NETWORK,LOW,NONE,NONE,3.9,nvidia:triton_inference_server,1
CVE-2026-31271,2026-04-07,3.1,9.8,CRITICAL,NETWORK,LOW,NONE,NONE,3.9,,0
CVE-2026-31272,2026-04-07,3.1,9.8,CRITICAL,NETWORK,LOW,NONE,NONE,3.9,mrcms:mrcms,1
CVE-2026-35572,2026-04-07,3.1,6.0,MEDIUM,NETWORK,LOW,HIGH,NONE,1.2,churchcrm:churchcrm,1
CVE-2026-35573,2026-04-07,3.1,9.1,CRITICAL,NETWORK,LOW,HIGH,NONE,2.3,churchcrm:churchcrm,1
CVE-2026-35575,2026-04-07,3.1,8.0,HIGH,NETWORK,LOW,LOW,REQUIRED,2.1,churchcrm:churchcrm,1
CVE-2026-35576,2026-04-07,3.1,8.7,HIGH,NETWORK,LOW,LOW,REQUIRED,2.3,churchcrm:churchcrm,1
CVE-2026-39318,2026-04-07,3.1,8.8,HIGH,NETWORK,LOW,LOW,NONE,2.8,churchcrm:churchcrm,1
CVE-2026-39319,2026-04-07,3.1,8.8,HIGH,NETWORK,LOW,LOW,NONE,2.8,churchcrm:churchcrm,1
CVE-2026-39321,2026-04-07,3.1,3.7,LOW,NETWORK,HIGH,NONE,NONE,2.2,parseplatform:parse-server,1
CVE-2026-39324,2026-04-07,3.1,9.8,CRITICAL,NETWORK,LOW,NONE,NONE,3.9,rack:rack-session,1
CVE-2026-39325,2026-04-07,3.1,7.2,HIGH,NETWORK,LOW,HIGH,NONE,1.2,churchcrm:churchcrm,1
CVE-2026-39326,2026-04-07,3.1,8.8,HIGH,NETWORK,LOW,LOW,NONE,2.8,churchcrm:churchcrm,1
CVE-2026-39327,2026-04-07,3.1,8.8,HIGH,NETWORK,LOW,LOW,NONE,2.8,churchcrm:churchcrm,1
CVE-2026-39328,2026-04-07,3.1,8.9,HIGH,NETWORK,LOW,LOW,REQUIRED,2.3,churchcrm:churchcrm,1
CVE-2026-39329,2026-04-07,3.1,8.8,HIGH,NETWORK,LOW,LOW,NONE,2.8,churchcrm:churchcrm,1
CVE-2026-39330,2026-04-07,3.1,8.8,HIGH,NETWORK,LOW,LOW,NONE,2.8,churchcrm:churchcrm,1
CVE-2026-39331,2026-04-07,3.1,8.1,HIGH,NETWORK,LOW,LOW,NONE,2.8,churchcrm:churchcrm,1
CVE-2026-39332,2026-04-07,3.1,8.7,HIGH,NETWORK,LOW,LOW,REQUIRED,2.3,churchcrm:churchcrm,1
CVE-2026-39333,2026-04-07,3.1,8.7,HIGH,NETWORK,LOW,LOW,REQUIRED,2.3,churchcrm:churchcrm,1
CVE-2026-39334,2026-04-07,3.1,8.8,HIGH,NETWORK,LOW,LOW,NONE,2.8,churchcrm:churchcrm,1
CVE-2026-39335,2026-04-07,3.1,6.1,MEDIUM,NETWORK,LOW,HIGH,REQUIRED,0.9,churchcrm:churchcrm,1
CVE-2026-39336,2026-04-07,3.1,6.1,MEDIUM,NETWORK,LOW,HIGH,REQUIRED,0.9,churchcrm:churchcrm,1
CVE-2026-39337,2026-04-07,3.1,10.0,CRITICAL,NETWORK,LOW,NONE,NONE,3.9,churchcrm:churchcrm,1
CVE-2026-39338,2026-04-07,3.1,6.1,MEDIUM,NETWORK,LOW,NONE,REQUIRED,2.8,churchcrm:churchcrm,1
CVE-2026-39339,2026-04-07,3.1,9.1,CRITICAL,NETWORK,LOW,NONE,NONE,3.9,churchcrm:churchcrm,1
CVE-2026-39340,2026-04-07,3.1,8.1,HIGH,NETWORK,LOW,LOW,NONE,2.8,churchcrm:churchcrm,1
CVE-2026-39341,2026-04-07,3.1,8.1,HIGH,NETWORK,LOW,LOW,NONE,2.8,churchcrm:churchcrm,1
CVE-2026-39342,2026-04-07,3.1,8.8,HIGH,NETWORK,LOW,LOW,NONE,2.8,churchcrm:churchcrm,1
CVE-2026-39343,2026-04-07,3.1,7.2,HIGH,NETWORK,LOW,HIGH,NONE,1.2,churchcrm:churchcrm,1
CVE-2026-39344,2026-04-07,3.0,8.1,HIGH,NETWORK,LOW,NONE,REQUIRED,2.8,churchcrm:churchcrm,1
CVE-2025-71058,2026-04-07,3.1,9.1,CRITICAL,NETWORK,LOW,NONE,NONE,3.9,,0
CVE-2026-39345,2026-04-07,3.1,4.9,MEDIUM,NETWORK,LOW,HIGH,NONE,1.2,orangehrm:orangehrm,1
CVE-2026-39346,2026-04-07,3.1,5.4,MEDIUM,NETWORK,LOW,LOW,NONE,2.8,orangehrm:orangehrm,1
CVE-2026-39347,2026-04-07,3.1,2.7,LOW,NETWORK,LOW,HIGH,NONE,1.2,orangehrm:orangehrm,1
CVE-2026-39348,2026-04-07,3.1,4.3,MEDIUM,NETWORK,LOW,LOW,NONE,2.8,orangehrm:orangehrm,1
CVE-2026-39349,2026-04-07,3.1,2.7,LOW,NETWORK,LOW,HIGH,NONE,1.2,orangehrm:orangehrm,1
CVE-2026-39351,2026-04-07,3.1,9.1,CRITICAL,NETWORK,LOW,NONE,NONE,3.9,frappe:frappe,1
CVE-2026-39354,2026-04-07,3.1,6.5,MEDIUM,NETWORK,LOW,LOW,NONE,2.8,erudika:scoold,1
CVE-2026-39355,2026-04-07,3.1,9.9,CRITICAL,NETWORK,LOW,LOW,NONE,3.1,kreaweb:genealogy,1
CVE-2026-39360,2026-04-07,3.1,4.3,MEDIUM,NETWORK,LOW,LOW,NONE,2.8,rustfs:rustfs,1
CVE-2026-5736,2026-04-07,3.1,7.3,HIGH,NETWORK,LOW,NONE,NONE,3.9,,0
CVE-2025-56015,2026-04-07,3.1,7.5,HIGH,NETWORK,LOW,NONE,NONE,3.9,genieacs:genieacs,1
CVE-2025-69515,2026-04-07,3.1,9.1,CRITICAL,NETWORK,LOW,NONE,NONE,3.9,,0
CVE-2026-32860,2026-04-07,3.1,7.8,HIGH,LOCAL,LOW,NONE,REQUIRED,1.8,ni:labview,1
CVE-2026-32861,2026-04-07,3.1,7.8,HIGH,LOCAL,LOW,NONE,REQUIRED,1.8,ni:labview,1
CVE-2026-32862,2026-04-07,3.1,7.8,HIGH,LOCAL,LOW,NONE,REQUIRED,1.8,ni:labview,1
CVE-2026-32863,2026-04-07,3.1,7.8,HIGH,LOCAL,LOW,NONE,REQUIRED,1.8,ni:labview,1
CVE-2026-32864,2026-04-07,3.1,7.8,HIGH,LOCAL,LOW,NONE,REQUIRED,1.8,ni:labview,1
CVE-2026-39322,2026-04-07,3.1,8.8,HIGH,NETWORK,LOW,LOW,NONE,2.8,polarlearn:polarlearn,1
CVE-2026-39356,2026-04-07,3.1,7.5,HIGH,NETWORK,LOW,NONE,NONE,3.9,drizzle:drizzle,1
CVE-2026-39361,2026-04-07,3.1,7.7,HIGH,NETWORK,LOW,LOW,NONE,3.1,openobserve:openobserve,1
CVE-2026-39363,2026-04-07,3.1,7.5,HIGH,NETWORK,LOW,NONE,NONE,3.9,vitejs:vite|voidzero:vite\+,2
CVE-2026-39364,2026-04-07,3.1,7.5,HIGH,NETWORK,LOW,NONE,NONE,3.9,vitejs:vite|voidzero:vite\+,2
CVE-2026-39365,2026-04-07,3.1,5.3,MEDIUM,NETWORK,LOW,NONE,NONE,3.9,vitejs:vite|voidzero:vite\+,2
CVE-2026-39366,2026-04-07,3.1,6.5,MEDIUM,NETWORK,LOW,LOW,NONE,2.8,wwbn:avideo,1
CVE-2026-39367,2026-04-07,3.1,5.4,MEDIUM,NETWORK,LOW,LOW,REQUIRED,2.3,wwbn:avideo,1
CVE-2026-39368,2026-04-07,3.1,6.5,MEDIUM,NETWORK,LOW,LOW,NONE,2.8,wwbn:avideo,1
CVE-2026-39369,2026-04-07,3.1,7.6,HIGH,NETWORK,LOW,LOW,NONE,2.8,wwbn:avideo,1
CVE-2026-39370,2026-04-07,3.1,7.1,HIGH,NETWORK,LOW,LOW,NONE,2.8,wwbn:avideo,1
CVE-2026-39371,2026-04-07,3.1,8.1,HIGH,NETWORK,LOW,NONE,REQUIRED,2.8,redwoodjs:redwoodsdk,1
CVE-2026-39373,2026-04-07,3.1,5.3,MEDIUM,NETWORK,LOW,NONE,NONE,3.9,latchset:jwcrypto,1
CVE-2026-39374,2026-04-07,3.1,6.5,MEDIUM,NETWORK,LOW,LOW,NONE,2.8,plane:plane,1
CVE-2026-39376,2026-04-07,3.1,7.5,HIGH,NETWORK,LOW,NONE,NONE,3.9,kagi:fastfeedparser,1
CVE-2026-39380,2026-04-07,3.1,5.4,MEDIUM,NETWORK,LOW,LOW,REQUIRED,2.3,opensourcepos:open_source_point_of_sale,1
CVE-2026-39381,2026-04-07,3.1,4.3,MEDIUM,NETWORK,LOW,LOW,NONE,2.8,parseplatform:parse-server,1
CVE-2026-39395,2026-04-07,3.1,4.3,MEDIUM,NETWORK,LOW,NONE,REQUIRED,2.8,sigstore:cosign,1
CVE-2026-39837,2026-04-07,3.1,5.4,MEDIUM,NETWORK,LOW,LOW,REQUIRED,2.3,mediawiki:cargo,1
CVE-2026-39839,2026-04-07,3.1,6.1,MEDIUM,NETWORK,LOW,NONE,REQUIRED,2.8,mediawiki:cargo,1
CVE-2026-39840,2026-04-07,3.1,6.1,MEDIUM,NETWORK,LOW,NONE,REQUIRED,2.8,mediawiki:cargo,1
CVE-2026-39841,2026-04-07,3.1,6.1,MEDIUM,NETWORK,LOW,NONE,REQUIRED,2.8,mediawiki:cargo,1
CVE-2026-5739,2026-04-07,3.1,7.3,HIGH,NETWORK,LOW,NONE,NONE,3.9,,0
CVE-2026-5741,2026-04-07,3.1,7.3,HIGH,NETWORK,LOW,NONE,NONE,3.9,,0
CVE-2026-27949,2026-04-07,3.1,2.0,LOW,NETWORK,HIGH,HIGH,REQUIRED,0.5,plane:plane,1
CVE-2026-29181,2026-04-07,3.1,7.5,HIGH,NETWORK,LOW,NONE,NONE,3.9,opentelemetry:opentelemetry,1
CVE-2026-32712,2026-04-07,3.1,5.4,MEDIUM,NETWORK,LOW,LOW,REQUIRED,2.3,opensourcepos:open_source_point_of_sale,1
CVE-2026-33439,2026-04-07,3.1,9.8,CRITICAL,NETWORK,LOW,NONE,NONE,3.9,openidentityplatform:openam,1
CVE-2026-34045,2026-04-07,3.1,8.2,HIGH,NETWORK,LOW,NONE,NONE,3.9,linuxfoundation:podman_desktop,1
CVE-2026-34080,2026-04-07,3.1,5.5,MEDIUM,LOCAL,LOW,LOW,NONE,1.8,flatpak:xdg-dbus-proxy,1
CVE-2026-35533,2026-04-07,3.1,7.7,HIGH,LOCAL,HIGH,NONE,REQUIRED,1.0,jdx:mise,1
CVE-2026-39397,2026-04-07,3.1,9.4,CRITICAL,NETWORK,LOW,NONE,NONE,3.9,delmaredigital:payload-puck,1
CVE-2026-39400,2026-04-07,3.1,6.1,MEDIUM,NETWORK,LOW,NONE,REQUIRED,2.8,cronicle:cronicle,1
CVE-2026-39401,2026-04-07,3.1,5.4,MEDIUM,NETWORK,LOW,LOW,NONE,2.8,cronicle:cronicle,1
CVE-2026-28386,2026-04-07,3.1,7.5,HIGH,NETWORK,LOW,NONE,NONE,3.9,openssl:openssl,1
CVE-2026-28387,2026-04-07,3.1,8.1,HIGH,NETWORK,HIGH,NONE,NONE,2.2,openssl:openssl,1
CVE-2026-28388,2026-04-07,3.1,7.5,HIGH,NETWORK,LOW,NONE,NONE,3.9,openssl:openssl,1
CVE-2026-28389,2026-04-07,3.1,7.5,HIGH,NETWORK,LOW,NONE,NONE,3.9,openssl:openssl,1
CVE-2026-28390,2026-04-07,3.1,7.5,HIGH,NETWORK,LOW,NONE,NONE,3.9,openssl:openssl,1
CVE-2026-31789,2026-04-07,3.1,9.8,CRITICAL,NETWORK,LOW,NONE,NONE,3.9,openssl:openssl,1
CVE-2026-31790,2026-04-07,3.1,7.5,HIGH,NETWORK,LOW,NONE,NONE,3.9,openssl:openssl,1
CVE-2026-34078,2026-04-07,3.1,10.0,CRITICAL,NETWORK,LOW,NONE,NONE,3.9,flatpak:flatpak,1
CVE-2026-34079,2026-04-07,3.1,7.5,HIGH,NETWORK,LOW,NONE,NONE,3.9,flatpak:flatpak,1
CVE-2026-34371,2026-04-07,3.1,6.3,MEDIUM,NETWORK,HIGH,LOW,NONE,1.8,librechat:librechat,1
CVE-2026-34580,2026-04-07,3.1,7.5,HIGH,NETWORK,LOW,NONE,NONE,3.9,botan_project:botan,1
CVE-2026-34582,2026-04-07,3.1,9.1,CRITICAL,NETWORK,LOW,NONE,NONE,3.9,botan_project:botan,1
CVE-2026-34765,2026-04-07,3.1,6.0,MEDIUM,NETWORK,HIGH,LOW,NONE,1.8,electronjs:electron,1
CVE-2026-34781,2026-04-07,3.1,2.8,LOW,LOCAL,LOW,LOW,REQUIRED,1.3,electronjs:electron,1
CVE-2026-35406,2026-04-07,3.1,6.2,MEDIUM,LOCAL,LOW,NONE,NONE,2.5,containers:aardvark-dns,1
CVE-2026-35568,2026-04-07,3.1,5.7,MEDIUM,ADJACENT,LOW,NONE,REQUIRED,2.1,lfprojects:mcp_java_sdk,1
CVE-2026-39846,2026-04-07,3.1,9.0,CRITICAL,NETWORK,LOW,LOW,REQUIRED,2.3,b3log:siyuan,1
CVE-2026-39847,2026-04-07,3.1,9.1,CRITICAL,NETWORK,LOW,NONE,NONE,3.9,emmett:emmett,1
CVE-2026-4065,2026-04-07,3.1,5.4,MEDIUM,NETWORK,LOW,LOW,NONE,2.8,,0
CVE-2026-1342,2026-04-08,3.1,8.5,HIGH,LOCAL,LOW,NONE,NONE,2.5,ibm:security_verify_access|ibm:security_verify_access_container|ibm:verify_identity_access|ibm:verify_identity_access_container,4
CVE-2026-2263,2026-04-08,3.1,5.3,MEDIUM,NETWORK,LOW,NONE,NONE,3.9,,0
CVE-2026-4394,2026-04-08,3.1,6.1,MEDIUM,NETWORK,LOW,NONE,REQUIRED,2.8,,0
CVE-2026-4401,2026-04-08,3.1,5.4,MEDIUM,NETWORK,LOW,NONE,REQUIRED,2.8,,0
CVE-2026-4406,2026-04-08,3.1,4.7,MEDIUM,NETWORK,HIGH,NONE,REQUIRED,1.6,,0
CVE-2026-5747,2026-04-08,3.1,7.5,HIGH,LOCAL,HIGH,HIGH,NONE,0.8,amazon:firecracker,1
CVE-2026-1343,2026-04-08,3.1,7.2,HIGH,NETWORK,LOW,NONE,NONE,3.9,ibm:security_verify_access|ibm:security_verify_access_container|ibm:verify_identity_access|ibm:verify_identity_access_container,4
CVE-2026-1346,2026-04-08,3.1,9.3,CRITICAL,LOCAL,LOW,NONE,NONE,2.5,ibm:security_verify_access|ibm:security_verify_access_container|ibm:verify_identity_access|ibm:verify_identity_access_container,4
CVE-2026-3357,2026-04-08,3.1,8.8,HIGH,NETWORK,LOW,LOW,NONE,2.8,langflow:langflow,1
CVE-2026-4788,2026-04-08,3.1,8.4,HIGH,LOCAL,LOW,NONE,NONE,2.5,ibm:tivoli_netcool\/impact,1
CVE-2025-14732,2026-04-08,3.1,6.4,MEDIUM,NETWORK,LOW,LOW,NONE,3.1,,0
CVE-2026-27140,2026-04-08,3.1,8.8,HIGH,NETWORK,LOW,NONE,REQUIRED,2.8,golang:go,1
CVE-2026-27143,2026-04-08,3.1,9.8,CRITICAL,NETWORK,LOW,NONE,NONE,3.9,golang:go,1
CVE-2026-27144,2026-04-08,3.1,7.1,HIGH,LOCAL,LOW,LOW,NONE,1.8,golang:go,1
CVE-2026-32280,2026-04-08,3.1,7.5,HIGH,NETWORK,LOW,NONE,NONE,3.9,golang:go,1
CVE-2026-32281,2026-04-08,3.1,7.5,HIGH,NETWORK,LOW,NONE,NONE,3.9,golang:go,1
CVE-2026-32282,2026-04-08,3.1,6.4,MEDIUM,LOCAL,HIGH,HIGH,NONE,0.5,golang:go,1
CVE-2026-32283,2026-04-08,3.1,7.5,HIGH,NETWORK,LOW,NONE,NONE,3.9,golang:go,1
CVE-2026-32288,2026-04-08,3.1,5.5,MEDIUM,LOCAL,LOW,NONE,REQUIRED,1.8,golang:go,1
CVE-2026-32289,2026-04-08,3.1,6.1,MEDIUM,NETWORK,LOW,NONE,REQUIRED,2.8,golang:go,1
CVE-2026-33810,2026-04-08,3.1,8.2,HIGH,NETWORK,LOW,NONE,NONE,3.9,golang:go,1
CVE-2026-3296,2026-04-08,3.1,9.8,CRITICAL,NETWORK,LOW,NONE,NONE,3.9,,0
CVE-2026-3499,2026-04-08,3.1,8.8,HIGH,NETWORK,LOW,NONE,REQUIRED,2.8,,0
CVE-2026-1163,2026-04-08,3.0,4.1,MEDIUM,NETWORK,HIGH,HIGH,NONE,0.7,,0
CVE-2026-5726,2026-04-08,3.1,7.8,HIGH,LOCAL,LOW,NONE,REQUIRED,1.8,deltaww:asda_soft,1
CVE-2026-2988,2026-04-08,3.1,6.4,MEDIUM,NETWORK,LOW,LOW,NONE,3.1,,0
CVE-2026-4379,2026-04-08,3.1,6.4,MEDIUM,NETWORK,LOW,LOW,NONE,3.1,,0
CVE-2026-3239,2026-04-08,3.1,6.4,MEDIUM,NETWORK,LOW,LOW,NONE,3.1,,0
CVE-2026-3513,2026-04-08,3.1,6.4,MEDIUM,NETWORK,LOW,LOW,NONE,3.1,,0
CVE-2026-3600,2026-04-08,3.1,6.4,MEDIUM,NETWORK,LOW,LOW,NONE,3.1,,0
CVE-2026-3646,2026-04-08,3.1,5.3,MEDIUM,NETWORK,LOW,NONE,NONE,3.9,,0
CVE-2026-4003,2026-04-08,3.1,9.8,CRITICAL,NETWORK,LOW,NONE,NONE,3.9,,0
CVE-2026-4299,2026-04-08,3.1,5.3,MEDIUM,NETWORK,LOW,NONE,NONE,3.9,,0
CVE-2026-4333,2026-04-08,3.1,6.4,MEDIUM,NETWORK,LOW,LOW,NONE,3.1,,0
CVE-2026-4341,2026-04-08,3.1,6.4,MEDIUM,NETWORK,LOW,LOW,NONE,3.1,,0
CVE-2026-4785,2026-04-08,3.1,6.4,MEDIUM,NETWORK,LOW,LOW,NONE,3.1,,0
CVE-2026-24913,2026-04-08,3.0,8.8,HIGH,NETWORK,LOW,LOW,NONE,2.8,icz:matcha_invoice,1
CVE-2026-27787,2026-04-08,3.0,5.4,MEDIUM,NETWORK,LOW,LOW,REQUIRED,2.3,icz:matcha_sns,1
CVE-2026-33273,2026-04-08,3.1,7.2,HIGH,NETWORK,LOW,HIGH,NONE,1.2,icz:matcha_invoice,1
CVE-2026-3311,2026-04-08,3.1,6.4,MEDIUM,NETWORK,LOW,LOW,NONE,3.1,,0
CVE-2026-5082,2026-04-08,3.1,5.3,MEDIUM,NETWORK,LOW,NONE,NONE,3.9,tokuhirom:amon2\,1
CVE-2026-5083,2026-04-08,3.1,5.3,MEDIUM,NETWORK,LOW,NONE,NONE,3.9,berov:ado\,1
CVE-2025-1794,2026-04-08,3.1,5.4,MEDIUM,NETWORK,LOW,LOW,REQUIRED,2.3,,0
CVE-2026-2838,2026-04-08,3.1,4.4,MEDIUM,NETWORK,HIGH,HIGH,NONE,1.3,,0
CVE-2026-3142,2026-04-08,3.1,6.4,MEDIUM,NETWORK,LOW,LOW,NONE,3.1,,0
CVE-2026-3477,2026-04-08,3.1,5.3,MEDIUM,NETWORK,LOW,NONE,NONE,3.9,,0
CVE-2026-3480,2026-04-08,3.1,6.5,MEDIUM,NETWORK,LOW,LOW,NONE,2.8,,0
CVE-2026-3535,2026-04-08,3.1,9.8,CRITICAL,NETWORK,LOW,NONE,NONE,3.9,,0
CVE-2026-3594,2026-04-08,3.1,5.3,MEDIUM,NETWORK,LOW,NONE,NONE,3.9,,0
CVE-2026-3618,2026-04-08,3.1,6.4,MEDIUM,NETWORK,LOW,LOW,NONE,3.1,,0
CVE-2026-3781,2026-04-08,3.1,5.4,MEDIUM,NETWORK,LOW,LOW,NONE,2.8,,0
CVE-2026-4141,2026-04-08,3.1,4.3,MEDIUM,NETWORK,LOW,NONE,REQUIRED,2.8,,0
CVE-2026-4338,2026-04-08,3.1,7.5,HIGH,NETWORK,LOW,NONE,NONE,3.9,automattic:activitypub,1
CVE-2026-4808,2026-04-08,3.1,7.2,HIGH,NETWORK,LOW,HIGH,NONE,1.2,,0
CVE-2026-4871,2026-04-08,3.1,6.4,MEDIUM,NETWORK,LOW,LOW,NONE,3.1,,0
CVE-2026-5167,2026-04-08,3.1,5.3,MEDIUM,NETWORK,LOW,NONE,NONE,3.9,,0
CVE-2026-5169,2026-04-08,3.1,4.4,MEDIUM,NETWORK,HIGH,HIGH,NONE,1.3,,0
CVE-2026-5506,2026-04-08,3.1,6.4,MEDIUM,NETWORK,LOW,LOW,NONE,3.1,,0
CVE-2026-5508,2026-04-08,3.1,6.4,MEDIUM,NETWORK,LOW,LOW,NONE,3.1,,0
CVE-2026-4330,2026-04-08,3.1,4.3,MEDIUM,NETWORK,LOW,LOW,NONE,2.8,,0
CVE-2026-4654,2026-04-08,3.1,5.3,MEDIUM,NETWORK,LOW,NONE,NONE,3.9,,0
CVE-2026-4655,2026-04-08,3.1,6.4,MEDIUM,NETWORK,LOW,LOW,NONE,3.1,,0
CVE-2026-1396,2026-04-08,3.1,6.4,MEDIUM,NETWORK,LOW,LOW,NONE,3.1,,0
CVE-2026-25776,2026-04-08,3.0,9.8,CRITICAL,NETWORK,LOW,NONE,NONE,3.9,sixapart:movable_type,1
CVE-2026-33088,2026-04-08,3.1,9.8,CRITICAL,NETWORK,LOW,NONE,NONE,3.9,sixapart:movable_type,1
CVE-2026-39464,2026-04-08,3.1,5.5,MEDIUM,NETWORK,LOW,HIGH,NONE,2.3,,0
CVE-2026-39466,2026-04-08,3.1,7.6,HIGH,NETWORK,LOW,HIGH,NONE,2.3,,0
CVE-2026-39469,2026-04-08,3.1,4.3,MEDIUM,NETWORK,LOW,LOW,NONE,2.8,,0
CVE-2026-39473,2026-04-08,3.1,5.3,MEDIUM,NETWORK,LOW,NONE,NONE,3.9,,0
CVE-2026-39475,2026-04-08,3.1,7.6,HIGH,NETWORK,LOW,HIGH,NONE,2.3,,0
CVE-2026-39476,2026-04-08,3.1,4.3,MEDIUM,NETWORK,LOW,LOW,NONE,2.8,,0
CVE-2026-39477,2026-04-08,3.1,4.3,MEDIUM,NETWORK,LOW,LOW,NONE,2.8,,0
CVE-2026-39479,2026-04-08,3.1,7.6,HIGH,NETWORK,LOW,HIGH,NONE,2.3,,0
CVE-2026-39482,2026-04-08,3.1,6.5,MEDIUM,NETWORK,LOW,LOW,REQUIRED,2.3,,0
CVE-2026-39483,2026-04-08,3.1,6.5,MEDIUM,NETWORK,LOW,LOW,REQUIRED,2.3,,0
CVE-2026-39484,2026-04-08,3.1,4.7,MEDIUM,NETWORK,LOW,NONE,REQUIRED,2.8,,0
CVE-2026-39485,2026-04-08,3.1,4.3,MEDIUM,NETWORK,LOW,LOW,NONE,2.8,,0
CVE-2026-39486,2026-04-08,3.1,8.5,HIGH,NETWORK,LOW,LOW,NONE,3.1,,0
CVE-2026-39487,2026-04-08,3.1,7.6,HIGH,NETWORK,LOW,HIGH,NONE,2.3,,0
CVE-2026-39488,2026-04-08,3.1,6.5,MEDIUM,NETWORK,LOW,LOW,NONE,2.8,,0
CVE-2026-39495,2026-04-08,3.1,8.5,HIGH,NETWORK,LOW,LOW,NONE,3.1,,0
CVE-2026-39496,2026-04-08,3.1,7.6,HIGH,NETWORK,LOW,HIGH,NONE,2.3,,0
CVE-2026-39497,2026-04-08,3.1,7.6,HIGH,NETWORK,LOW,HIGH,NONE,2.3,,0
CVE-2026-39500,2026-04-08,3.1,6.5,MEDIUM,NETWORK,LOW,LOW,REQUIRED,2.3,,0
CVE-2026-39501,2026-04-08,3.1,5.3,MEDIUM,NETWORK,LOW,NONE,NONE,3.9,,0
CVE-2026-39504,2026-04-08,3.1,5.4,MEDIUM,NETWORK,LOW,LOW,NONE,2.8,,0
CVE-2026-39505,2026-04-08,3.1,5.3,MEDIUM,NETWORK,LOW,NONE,NONE,3.9,,0
CVE-2026-39506,2026-04-08,3.1,4.3,MEDIUM,NETWORK,LOW,LOW,NONE,2.8,,0
CVE-2026-39508,2026-04-08,3.1,6.5,MEDIUM,NETWORK,LOW,LOW,REQUIRED,2.3,,0
CVE-2026-39509,2026-04-08,3.1,5.3,MEDIUM,NETWORK,LOW,NONE,NONE,3.9,,0
CVE-2026-39510,2026-04-08,3.1,2.7,LOW,NETWORK,LOW,HIGH,NONE,1.2,,0
CVE-2026-39516,2026-04-08,3.1,5.3,MEDIUM,NETWORK,LOW,NONE,NONE,3.9,,0
CVE-2026-39517,2026-04-08,3.1,6.5,MEDIUM,NETWORK,LOW,LOW,REQUIRED,2.3,,0
CVE-2026-39520,2026-04-08,3.1,5.3,MEDIUM,NETWORK,LOW,NONE,NONE,3.9,,0
CVE-2026-39521,2026-04-08,3.1,4.9,MEDIUM,NETWORK,HIGH,LOW,NONE,1.8,,0
CVE-2026-39526,2026-04-08,3.1,5.4,MEDIUM,NETWORK,LOW,LOW,NONE,2.8,,0
CVE-2026-39528,2026-04-08,3.1,5.3,MEDIUM,NETWORK,LOW,NONE,NONE,3.9,,0
CVE-2026-39535,2026-04-08,3.1,5.3,MEDIUM,NETWORK,LOW,NONE,NONE,3.9,,0
CVE-2026-39536,2026-04-08,3.1,5.3,MEDIUM,NETWORK,LOW,NONE,NONE,3.9,,0
CVE-2026-39538,2026-04-08,3.1,7.5,HIGH,NETWORK,HIGH,LOW,NONE,1.6,,0
CVE-2026-39541,2026-04-08,3.1,5.9,MEDIUM,NETWORK,LOW,HIGH,REQUIRED,1.7,,0
CVE-2026-39542,2026-04-08,3.1,5.3,MEDIUM,NETWORK,LOW,NONE,NONE,3.9,,0
CVE-2026-39543,2026-04-08,3.1,5.3,MEDIUM,NETWORK,LOW,NONE,NONE,3.9,,0
CVE-2026-39544,2026-04-08,3.1,7.5,HIGH,NETWORK,HIGH,LOW,NONE,1.6,,0
CVE-2026-39561,2026-04-08,3.1,5.3,MEDIUM,NETWORK,LOW,NONE,NONE,3.9,,0
CVE-2026-39562,2026-04-08,3.1,5.3,MEDIUM,NETWORK,LOW,NONE,NONE,3.9,,0
CVE-2026-39563,2026-04-08,3.1,5.3,MEDIUM,NETWORK,LOW,NONE,NONE,3.9,,0
CVE-2026-39564,2026-04-08,3.1,5.3,MEDIUM,NETWORK,LOW,NONE,NONE,3.9,,0
CVE-2026-39565,2026-04-08,3.1,4.3,MEDIUM,NETWORK,LOW,LOW,NONE,2.8,,0
CVE-2026-39566,2026-04-08,3.1,4.3,MEDIUM,NETWORK,LOW,LOW,NONE,2.8,,0
CVE-2026-39569,2026-04-08,3.1,6.5,MEDIUM,NETWORK,LOW,LOW,NONE,2.8,,0
CVE-2026-39570,2026-04-08,3.1,5.3,MEDIUM,NETWORK,LOW,NONE,NONE,3.9,,0
CVE-2026-39571,2026-04-08,3.1,5.3,MEDIUM,NETWORK,LOW,NONE,NONE,3.9,,0
CVE-2026-39572,2026-04-08,3.1,4.3,MEDIUM,NETWORK,LOW,LOW,NONE,2.8,,0
CVE-2026-39575,2026-04-08,3.1,6.5,MEDIUM,NETWORK,LOW,LOW,REQUIRED,2.3,,0
CVE-2026-39585,2026-04-08,3.1,5.3,MEDIUM,NETWORK,LOW,NONE,NONE,3.9,,0
CVE-2026-39586,2026-04-08,3.1,5.3,MEDIUM,NETWORK,LOW,NONE,NONE,3.9,,0
CVE-2026-39588,2026-04-08,3.1,5.3,MEDIUM,NETWORK,LOW,NONE,NONE,3.9,,0
CVE-2026-39592,2026-04-08,3.1,4.3,MEDIUM,NETWORK,LOW,LOW,NONE,2.8,,0
CVE-2026-39602,2026-04-08,3.1,5.3,MEDIUM,NETWORK,LOW,NONE,NONE,3.9,,0
CVE-2026-39603,2026-04-08,3.1,5.4,MEDIUM,NETWORK,LOW,NONE,REQUIRED,2.8,,0
CVE-2026-39604,2026-04-08,3.1,5.9,MEDIUM,NETWORK,LOW,HIGH,REQUIRED,1.7,,0
CVE-2026-39605,2026-04-08,3.1,5.3,MEDIUM,NETWORK,LOW,NONE,NONE,3.9,,0
CVE-2026-39606,2026-04-08,3.1,5.3,MEDIUM,NETWORK,LOW,NONE,NONE,3.9,,0
CVE-2026-39607,2026-04-08,3.1,5.4,MEDIUM,NETWORK,LOW,LOW,NONE,2.8,,0
CVE-2026-39608,2026-04-08,3.1,5.3,MEDIUM,NETWORK,LOW,NONE,NONE,3.9,,0
CVE-2026-39609,2026-04-08,3.1,5.3,MEDIUM,NETWORK,LOW,NONE,NONE,3.9,,0
CVE-2026-39610,2026-04-08,3.1,5.3,MEDIUM,NETWORK,LOW,NONE,NONE,3.9,,0
CVE-2026-39611,2026-04-08,3.1,7.5,HIGH,NETWORK,HIGH,LOW,NONE,1.6,,0
CVE-2026-39612,2026-04-08,3.1,5.3,MEDIUM,NETWORK,LOW,NONE,NONE,3.9,,0
CVE-2026-39613,2026-04-08,3.1,7.5,HIGH,NETWORK,HIGH,LOW,NONE,1.6,,0
CVE-2026-39614,2026-04-08,3.1,5.4,MEDIUM,NETWORK,LOW,LOW,NONE,2.8,,0
CVE-2026-39615,2026-04-08,3.1,5.9,MEDIUM,NETWORK,LOW,HIGH,REQUIRED,1.7,,0
CVE-2026-39616,2026-04-08,3.1,5.3,MEDIUM,NETWORK,LOW,NONE,NONE,3.9,,0
CVE-2026-39617,2026-04-08,3.1,9.6,CRITICAL,NETWORK,LOW,NONE,REQUIRED,2.8,,0
CVE-2026-39618,2026-04-08,3.1,4.3,MEDIUM,NETWORK,LOW,NONE,REQUIRED,2.8,,0
CVE-2026-39619,2026-04-08,3.1,9.6,CRITICAL,NETWORK,LOW,NONE,REQUIRED,2.8,,0
CVE-2026-39620,2026-04-08,3.1,9.6,CRITICAL,NETWORK,LOW,NONE,REQUIRED,2.8,,0
CVE-2026-39621,2026-04-08,3.1,8.8,HIGH,NETWORK,LOW,NONE,REQUIRED,2.8,,0
CVE-2026-39622,2026-04-08,3.1,5.3,MEDIUM,NETWORK,LOW,NONE,NONE,3.9,,0
CVE-2026-39623,2026-04-08,3.1,7.5,HIGH,NETWORK,HIGH,LOW,NONE,1.6,,0
CVE-2026-39624,2026-04-08,3.1,5.3,MEDIUM,NETWORK,LOW,NONE,NONE,3.9,,0
CVE-2026-39625,2026-04-08,3.1,5.3,MEDIUM,NETWORK,LOW,NONE,NONE,3.9,,0
CVE-2026-39626,2026-04-08,3.1,5.3,MEDIUM,NETWORK,LOW,NONE,NONE,3.9,,0
CVE-2026-39627,2026-04-08,3.1,4.3,MEDIUM,NETWORK,LOW,LOW,NONE,2.8,,0
CVE-2026-39628,2026-04-08,3.1,5.3,MEDIUM,NETWORK,LOW,NONE,NONE,3.9,,0
CVE-2026-39629,2026-04-08,3.1,5.3,MEDIUM,NETWORK,LOW,NONE,NONE,3.9,,0
CVE-2026-39630,2026-04-08,3.1,6.4,MEDIUM,NETWORK,LOW,LOW,NONE,3.1,,0
CVE-2026-39631,2026-04-08,3.1,4.9,MEDIUM,NETWORK,LOW,HIGH,NONE,1.2,,0
CVE-2026-39632,2026-04-08,3.1,6.5,MEDIUM,NETWORK,LOW,NONE,REQUIRED,2.8,,0
CVE-2026-39633,2026-04-08,3.1,6.5,MEDIUM,NETWORK,LOW,NONE,REQUIRED,2.8,,0
CVE-2026-39634,2026-04-08,3.1,5.4,MEDIUM,NETWORK,LOW,NONE,REQUIRED,2.8,,0
CVE-2026-39635,2026-04-08,3.1,5.4,MEDIUM,NETWORK,LOW,NONE,REQUIRED,2.8,,0
CVE-2026-39636,2026-04-08,3.1,6.5,MEDIUM,NETWORK,LOW,LOW,REQUIRED,2.3,,0
CVE-2026-39637,2026-04-08,3.1,5.3,MEDIUM,NETWORK,LOW,NONE,NONE,3.9,,0
CVE-2026-39638,2026-04-08,3.1,5.9,MEDIUM,NETWORK,LOW,HIGH,REQUIRED,1.7,,0
CVE-2026-39639,2026-04-08,3.1,6.5,MEDIUM,NETWORK,LOW,LOW,NONE,2.8,,0
CVE-2026-39640,2026-04-08,3.1,9.6,CRITICAL,NETWORK,LOW,NONE,REQUIRED,2.8,,0
CVE-2026-39641,2026-04-08,3.1,6.5,MEDIUM,NETWORK,LOW,NONE,REQUIRED,2.8,,0
CVE-2026-39643,2026-04-08,3.1,5.3,MEDIUM,NETWORK,LOW,NONE,NONE,3.9,,0
CVE-2026-39644,2026-04-08,3.1,5.3,MEDIUM,NETWORK,LOW,NONE,NONE,3.9,,0
CVE-2026-39645,2026-04-08,3.1,5.4,MEDIUM,NETWORK,HIGH,NONE,NONE,2.2,,0
CVE-2026-39646,2026-04-08,3.1,6.5,MEDIUM,NETWORK,LOW,LOW,REQUIRED,2.3,,0
CVE-2026-39647,2026-04-08,3.1,5.4,MEDIUM,NETWORK,HIGH,NONE,NONE,2.2,,0
CVE-2026-39648,2026-04-08,3.1,5.3,MEDIUM,NETWORK,LOW,NONE,NONE,3.9,,0
CVE-2026-39649,2026-04-08,3.1,5.3,MEDIUM,NETWORK,LOW,NONE,NONE,3.9,,0
CVE-2026-39650,2026-04-08,3.1,5.3,MEDIUM,NETWORK,LOW,NONE,NONE,3.9,,0
CVE-2026-39651,2026-04-08,3.1,6.5,MEDIUM,NETWORK,LOW,LOW,NONE,2.8,,0
CVE-2026-39652,2026-04-08,3.1,5.3,MEDIUM,NETWORK,LOW,NONE,NONE,3.9,,0
CVE-2026-39653,2026-04-08,3.1,4.3,MEDIUM,NETWORK,LOW,LOW,NONE,2.8,,0
CVE-2026-39654,2026-04-08,3.1,5.9,MEDIUM,NETWORK,LOW,HIGH,REQUIRED,1.7,,0
CVE-2026-39656,2026-04-08,3.1,5.3,MEDIUM,NETWORK,LOW,NONE,NONE,3.9,,0
CVE-2026-39657,2026-04-08,3.1,5.3,MEDIUM,NETWORK,LOW,NONE,NONE,3.9,,0
CVE-2026-39658,2026-04-08,3.1,5.3,MEDIUM,NETWORK,LOW,NONE,NONE,3.9,,0
CVE-2026-39662,2026-04-08,3.1,5.3,MEDIUM,NETWORK,LOW,NONE,NONE,3.9,,0
CVE-2026-39663,2026-04-08,3.1,5.3,MEDIUM,NETWORK,LOW,NONE,NONE,3.9,,0
CVE-2026-39664,2026-04-08,3.1,5.3,MEDIUM,NETWORK,LOW,NONE,NONE,3.9,,0
CVE-2026-39665,2026-04-08,3.1,6.5,MEDIUM,NETWORK,LOW,LOW,REQUIRED,2.3,,0
CVE-2026-39666,2026-04-08,3.1,6.5,MEDIUM,NETWORK,LOW,LOW,REQUIRED,2.3,,0
CVE-2026-39667,2026-04-08,3.1,5.9,MEDIUM,NETWORK,LOW,HIGH,REQUIRED,1.7,,0
CVE-2026-39668,2026-04-08,3.1,5.3,MEDIUM,NETWORK,LOW,NONE,NONE,3.9,,0
CVE-2026-39669,2026-04-08,3.1,5.3,MEDIUM,NETWORK,LOW,NONE,NONE,3.9,,0
CVE-2026-39670,2026-04-08,3.1,6.0,MEDIUM,NETWORK,HIGH,LOW,NONE,1.8,,0
CVE-2026-39671,2026-04-08,3.1,7.1,HIGH,NETWORK,LOW,NONE,REQUIRED,2.8,,0
CVE-2026-39672,2026-04-08,3.1,5.3,MEDIUM,NETWORK,LOW,NONE,NONE,3.9,,0
CVE-2026-39673,2026-04-08,3.1,5.3,MEDIUM,NETWORK,LOW,NONE,NONE,3.9,,0
CVE-2026-39674,2026-04-08,3.1,6.5,MEDIUM,NETWORK,LOW,LOW,REQUIRED,2.3,,0
CVE-2026-39675,2026-04-08,3.1,5.3,MEDIUM,NETWORK,LOW,NONE,NONE,3.9,,0
CVE-2026-39676,2026-04-08,3.1,5.3,MEDIUM,NETWORK,LOW,NONE,NONE,3.9,,0
CVE-2026-39677,2026-04-08,3.1,7.5,HIGH,NETWORK,HIGH,LOW,NONE,1.6,,0
CVE-2026-39678,2026-04-08,3.1,5.3,MEDIUM,NETWORK,LOW,NONE,NONE,3.9,,0
CVE-2026-39679,2026-04-08,3.1,7.5,HIGH,NETWORK,HIGH,LOW,NONE,1.6,,0
CVE-2026-39680,2026-04-08,3.1,5.3,MEDIUM,NETWORK,LOW,NONE,NONE,3.9,,0
CVE-2026-39681,2026-04-08,3.1,7.5,HIGH,NETWORK,HIGH,LOW,NONE,1.6,,0
CVE-2026-39682,2026-04-08,3.1,5.3,MEDIUM,NETWORK,LOW,NONE,NONE,3.9,,0
CVE-2026-39683,2026-04-08,3.1,5.9,MEDIUM,NETWORK,LOW,HIGH,REQUIRED,1.7,,0
CVE-2026-39684,2026-04-08,3.1,7.5,HIGH,NETWORK,HIGH,LOW,NONE,1.6,,0
CVE-2026-39685,2026-04-08,3.1,5.3,MEDIUM,NETWORK,LOW,NONE,NONE,3.9,,0
CVE-2026-39686,2026-04-08,3.1,5.3,MEDIUM,NETWORK,LOW,NONE,NONE,3.9,,0
CVE-2026-39687,2026-04-08,3.1,5.3,MEDIUM,NETWORK,LOW,NONE,NONE,3.9,,0
CVE-2026-39688,2026-04-08,3.1,5.3,MEDIUM,NETWORK,LOW,NONE,NONE,3.9,,0
CVE-2026-39689,2026-04-08,3.1,5.3,MEDIUM,NETWORK,LOW,NONE,NONE,3.9,,0
CVE-2026-39690,2026-04-08,3.1,5.3,MEDIUM,NETWORK,LOW,NONE,NONE,3.9,,0
CVE-2026-39691,2026-04-08,3.1,5.3,MEDIUM,NETWORK,LOW,NONE,NONE,3.9,,0
CVE-2026-39692,2026-04-08,3.1,6.5,MEDIUM,NETWORK,LOW,LOW,REQUIRED,2.3,,0
CVE-2026-39693,2026-04-08,3.1,5.9,MEDIUM,NETWORK,LOW,HIGH,REQUIRED,1.7,,0
CVE-2026-39694,2026-04-08,3.1,5.3,MEDIUM,NETWORK,LOW,NONE,NONE,3.9,,0
CVE-2026-39695,2026-04-08,3.1,5.4,MEDIUM,NETWORK,HIGH,NONE,NONE,2.2,,0
CVE-2026-39696,2026-04-08,3.1,6.5,MEDIUM,NETWORK,LOW,LOW,REQUIRED,2.3,,0
CVE-2026-39697,2026-04-08,3.1,5.3,MEDIUM,NETWORK,LOW,NONE,NONE,3.9,,0
CVE-2026-39698,2026-04-08,3.1,5.3,MEDIUM,NETWORK,LOW,NONE,NONE,3.9,,0
CVE-2026-39699,2026-04-08,3.1,5.3,MEDIUM,NETWORK,LOW,NONE,NONE,3.9,,0
CVE-2026-39700,2026-04-08,3.1,5.3,MEDIUM,NETWORK,LOW,NONE,NONE,3.9,,0
CVE-2026-39701,2026-04-08,3.1,5.3,MEDIUM,NETWORK,LOW,NONE,NONE,3.9,,0
CVE-2026-39702,2026-04-08,3.1,6.5,MEDIUM,NETWORK,LOW,LOW,REQUIRED,2.3,,0
CVE-2026-39703,2026-04-08,3.1,6.5,MEDIUM,NETWORK,LOW,LOW,REQUIRED,2.3,,0
CVE-2026-39704,2026-04-08,3.1,5.3,MEDIUM,NETWORK,LOW,NONE,NONE,3.9,,0
CVE-2026-39705,2026-04-08,3.1,5.3,MEDIUM,NETWORK,LOW,NONE,NONE,3.9,,0
CVE-2026-39706,2026-04-08,3.1,5.3,MEDIUM,NETWORK,LOW,NONE,NONE,3.9,,0
CVE-2026-39707,2026-04-08,3.1,5.3,MEDIUM,NETWORK,LOW,NONE,NONE,3.9,,0
CVE-2026-39708,2026-04-08,3.1,6.5,MEDIUM,NETWORK,LOW,LOW,REQUIRED,2.3,,0
CVE-2026-39709,2026-04-08,3.1,5.3,MEDIUM,NETWORK,LOW,NONE,NONE,3.9,,0
CVE-2026-39710,2026-04-08,3.1,5.4,MEDIUM,NETWORK,LOW,NONE,REQUIRED,2.8,,0
CVE-2026-39711,2026-04-08,3.1,5.3,MEDIUM,NETWORK,LOW,NONE,NONE,3.9,,0
CVE-2026-39712,2026-04-08,3.1,5.3,MEDIUM,NETWORK,LOW,NONE,NONE,3.9,,0
CVE-2026-39713,2026-04-08,3.1,5.3,MEDIUM,NETWORK,LOW,NONE,NONE,3.9,,0
CVE-2026-39714,2026-04-08,3.1,5.3,MEDIUM,NETWORK,LOW,NONE,NONE,3.9,,0
CVE-2026-39715,2026-04-08,3.1,5.3,MEDIUM,NETWORK,LOW,NONE,NONE,3.9,,0
CVE-2026-39716,2026-04-08,3.1,5.3,MEDIUM,NETWORK,LOW,NONE,NONE,3.9,,0
CVE-2026-4025,2026-04-08,3.1,6.4,MEDIUM,NETWORK,LOW,LOW,NONE,3.1,,0
CVE-2026-4073,2026-04-08,3.1,6.4,MEDIUM,NETWORK,LOW,LOW,NONE,3.1,,0
CVE-2026-4300,2026-04-08,3.1,6.4,MEDIUM,NETWORK,LOW,LOW,NONE,3.1,,0
CVE-2026-4303,2026-04-08,3.1,6.4,MEDIUM,NETWORK,LOW,LOW,NONE,3.1,,0
CVE-2026-1672,2026-04-08,3.1,6.5,MEDIUM,NETWORK,LOW,NONE,REQUIRED,2.8,,0
CVE-2026-1673,2026-04-08,3.1,4.3,MEDIUM,NETWORK,LOW,NONE,REQUIRED,2.8,,0
CVE-2026-1865,2026-04-08,3.1,6.5,MEDIUM,NETWORK,LOW,LOW,NONE,2.8,,0
CVE-2026-28264,2026-04-08,3.1,3.3,LOW,LOCAL,LOW,LOW,NONE,1.8,dell:powerprotect_data_manager,1
CVE-2026-2481,2026-04-08,3.1,6.4,MEDIUM,NETWORK,LOW,LOW,NONE,3.1,,0
CVE-2026-3243,2026-04-08,3.1,8.8,HIGH,NETWORK,LOW,LOW,NONE,2.8,,0
CVE-2026-3396,2026-04-08,3.1,7.5,HIGH,NETWORK,LOW,NONE,NONE,3.9,,0
CVE-2026-5208,2026-04-08,3.1,8.2,HIGH,LOCAL,LOW,HIGH,NONE,1.5,coolercontrol:coolercontrold,1
CVE-2026-24511,2026-04-08,3.1,4.4,MEDIUM,LOCAL,LOW,HIGH,NONE,0.8,dell:powerscale_onefs,1
CVE-2026-27102,2026-04-08,3.1,6.6,MEDIUM,LOCAL,LOW,LOW,NONE,1.8,dell:powerscale_onefs,1
CVE-2026-28261,2026-04-08,3.1,7.8,HIGH,LOCAL,LOW,LOW,NONE,1.8,dell:elastic_cloud_storage|dell:objectscale,2
CVE-2026-5300,2026-04-08,3.1,5.9,MEDIUM,LOCAL,LOW,NONE,NONE,2.5,coolercontrol:coolercontrold,1
CVE-2026-5301,2026-04-08,3.1,7.6,HIGH,NETWORK,LOW,NONE,REQUIRED,2.8,coolercontrol:coolercontrold,1
CVE-2026-5302,2026-04-08,3.1,6.3,MEDIUM,NETWORK,LOW,NONE,REQUIRED,2.8,coolercontrol:coolercontrold,1
CVE-2026-5600,2026-04-08,3.1,4.3,MEDIUM,NETWORK,LOW,LOW,NONE,2.8,pretix:pretix,1
CVE-2025-57847,2026-04-08,3.1,6.4,MEDIUM,LOCAL,HIGH,HIGH,NONE,0.5,redhat:ansible_automation_platform,1
CVE-2025-57851,2026-04-08,3.1,6.4,MEDIUM,LOCAL,HIGH,HIGH,NONE,0.5,redhat:advanced_cluster_management_for_kubernetes,1
CVE-2025-57853,2026-04-08,3.1,6.4,MEDIUM,LOCAL,HIGH,HIGH,NONE,0.5,redhat:web_terminal,1
CVE-2025-57854,2026-04-08,3.1,6.4,MEDIUM,LOCAL,HIGH,HIGH,NONE,0.5,redhat:openshift_update_service,1
CVE-2025-58713,2026-04-08,3.1,6.4,MEDIUM,LOCAL,HIGH,HIGH,NONE,0.5,redhat:process_automation_manager,1
CVE-2026-2509,2026-04-08,3.1,6.4,MEDIUM,NETWORK,LOW,LOW,NONE,3.1,,0
CVE-2026-31411,2026-04-08,3.1,5.5,MEDIUM,LOCAL,LOW,LOW,NONE,1.8,linux:linux_kernel,1
CVE-2026-35023,2026-04-08,3.1,4.3,MEDIUM,NETWORK,LOW,LOW,NONE,2.8,wimi-teamwork:wimi-teamwork,1
CVE-2026-5795,2026-04-08,3.1,7.4,HIGH,NETWORK,HIGH,NONE,NONE,2.2,eclipse:jetty,1
CVE-2026-39389,2026-04-08,3.1,6.7,MEDIUM,NETWORK,LOW,HIGH,NONE,1.2,ci4-cms-erp:ci4ms,1
CVE-2026-39390,2026-04-08,3.1,5.5,MEDIUM,NETWORK,LOW,HIGH,NONE,2.3,ci4-cms-erp:ci4ms,1
CVE-2026-39391,2026-04-08,3.1,4.8,MEDIUM,NETWORK,LOW,HIGH,REQUIRED,1.7,ci4-cms-erp:ci4ms,1
CVE-2026-39392,2026-04-08,3.1,5.5,MEDIUM,NETWORK,LOW,HIGH,NONE,2.3,ci4-cms-erp:ci4ms,1
CVE-2026-39393,2026-04-08,3.1,8.1,HIGH,NETWORK,HIGH,NONE,NONE,2.2,ci4-cms-erp:ci4ms,1
CVE-2026-39394,2026-04-08,3.1,8.1,HIGH,NETWORK,HIGH,NONE,NONE,2.2,ci4-cms-erp:ci4ms,1
CVE-2026-39406,2026-04-08,3.1,5.3,MEDIUM,NETWORK,LOW,NONE,NONE,3.9,hono:node-server,1
CVE-2026-39407,2026-04-08,3.1,5.3,MEDIUM,NETWORK,LOW,NONE,NONE,3.9,hono:hono,1
CVE-2026-39408,2026-04-08,3.1,7.5,HIGH,NETWORK,LOW,NONE,NONE,3.9,hono:hono,1
CVE-2026-39409,2026-04-08,3.1,5.3,MEDIUM,NETWORK,LOW,NONE,NONE,3.9,hono:hono,1
CVE-2026-39410,2026-04-08,3.1,4.8,MEDIUM,NETWORK,HIGH,NONE,NONE,2.2,hono:hono,1
CVE-2026-39865,2026-04-08,3.1,5.9,MEDIUM,NETWORK,HIGH,NONE,NONE,2.2,axios:axios,1
CVE-2026-31040,2026-04-08,3.1,9.8,CRITICAL,NETWORK,LOW,NONE,NONE,3.9,statamcp:stata-mcp,1
CVE-2026-33229,2026-04-08,3.1,9.8,CRITICAL,NETWORK,LOW,NONE,NONE,3.9,xwiki:xwiki,1
CVE-2026-33753,2026-04-08,3.1,6.2,MEDIUM,LOCAL,LOW,NONE,NONE,2.5,trailofbits:rfc3161-client,1
CVE-2023-46945,2026-04-08,3.1,9.1,CRITICAL,NETWORK,LOW,NONE,NONE,3.9,qd-today:qd,1
CVE-2025-14243,2026-04-08,3.1,5.3,MEDIUM,NETWORK,LOW,NONE,NONE,3.9,redhat:mirror_registry_for_red_hat_openshift,1
CVE-2025-57175,2026-04-08,3.1,6.4,MEDIUM,PHYSICAL,HIGH,NONE,NONE,0.5,ceragon:etherhaul-8010fx_firmware,1
CVE-2026-2377,2026-04-08,3.1,6.5,MEDIUM,NETWORK,LOW,LOW,NONE,2.8,redhat:mirror_registry_for_red_hat_openshift|redhat:quay,2
CVE-2026-30075,2026-04-08,3.1,7.5,HIGH,NETWORK,LOW,NONE,NONE,3.9,openairinterface:oai-cn5g-amf,1
CVE-2026-30080,2026-04-08,3.1,7.5,HIGH,NETWORK,LOW,NONE,NONE,3.9,openairinterface:oai-cn5g-amf,1
CVE-2026-31017,2026-04-08,3.1,9.1,CRITICAL,NETWORK,LOW,NONE,NONE,3.9,frappe:erpnext|frappe:frappe,2
CVE-2026-33460,2026-04-08,3.1,4.3,MEDIUM,NETWORK,LOW,LOW,NONE,2.8,elastic:kibana,1
CVE-2026-33461,2026-04-08,3.1,7.7,HIGH,NETWORK,LOW,LOW,NONE,3.1,elastic:kibana,1
CVE-2026-4498,2026-04-08,3.1,7.7,HIGH,NETWORK,LOW,LOW,NONE,3.1,elastic:kibana,1
CVE-2026-4837,2026-04-08,3.1,6.6,MEDIUM,NETWORK,HIGH,HIGH,NONE,0.7,rapid7:insight_agent,1
CVE-2025-45057,2026-04-08,3.1,7.5,HIGH,NETWORK,LOW,NONE,NONE,3.9,dlink:di-8300_firmware,1
CVE-2025-45058,2026-04-08,3.1,7.5,HIGH,NETWORK,LOW,NONE,NONE,3.9,dlink:di-8300_firmware,1
CVE-2025-45059,2026-04-08,3.1,7.5,HIGH,NETWORK,LOW,NONE,NONE,3.9,dlink:di-8300_firmware,1
CVE-2025-52221,2026-04-08,3.1,9.8,CRITICAL,NETWORK,LOW,NONE,NONE,3.9,tenda:ac6_firmware,1
CVE-2025-52222,2026-04-08,3.1,7.5,HIGH,NETWORK,LOW,NONE,NONE,3.9,dlink:di-8100_firmware|dlink:di-8100g_firmware|dlink:di-8004w_firmware|dlink:di-8003g_firmware|dlink:di-8003_firmware|dlink:di-8500_firmware|dlink:di-8200g_firmware|dlink:di-8200_firmware|dlink:di-8400_firmware,9
CVE-2026-32589,2026-04-08,3.1,7.4,HIGH,NETWORK,LOW,LOW,NONE,3.1,redhat:mirror_registry_for_red_hat_openshift|redhat:quay,2
CVE-2026-32590,2026-04-08,3.1,7.1,HIGH,NETWORK,HIGH,LOW,REQUIRED,1.2,redhat:mirror_registry_for_red_hat_openshift|redhat:quay,2
CVE-2026-32591,2026-04-08,3.1,5.2,MEDIUM,NETWORK,LOW,HIGH,REQUIRED,0.9,redhat:mirror_registry_for_red_hat_openshift|redhat:quay,2
CVE-2026-33458,2026-04-08,3.1,6.3,MEDIUM,NETWORK,HIGH,LOW,NONE,1.8,elastic:kibana,1
CVE-2026-33459,2026-04-08,3.1,6.5,MEDIUM,NETWORK,LOW,LOW,NONE,2.8,elastic:kibana,1
CVE-2026-33466,2026-04-08,3.1,8.1,HIGH,NETWORK,HIGH,NONE,NONE,2.2,elastic:logstash,1
CVE-2026-33756,2026-04-08,3.1,7.5,HIGH,NETWORK,LOW,NONE,NONE,3.9,saleor:saleor,1
CVE-2025-30650,2026-04-08,3.1,6.7,MEDIUM,LOCAL,LOW,HIGH,NONE,0.8,,0
CVE-2025-50644,2026-04-08,3.1,7.5,HIGH,NETWORK,LOW,NONE,NONE,3.9,dlink:di-8003_firmware,1
CVE-2025-50645,2026-04-08,3.1,7.5,HIGH,NETWORK,LOW,NONE,NONE,3.9,dlink:di-8003_firmware,1
CVE-2025-50646,2026-04-08,3.1,7.5,HIGH,NETWORK,LOW,NONE,NONE,3.9,dlink:di-8003_firmware,1
CVE-2025-50647,2026-04-08,3.1,7.5,HIGH,NETWORK,LOW,NONE,NONE,3.9,dlink:di-8003_firmware,1
CVE-2025-50648,2026-04-08,3.1,7.5,HIGH,NETWORK,LOW,NONE,NONE,3.9,dlink:di-8003_firmware,1
CVE-2025-50649,2026-04-08,3.1,7.5,HIGH,NETWORK,LOW,NONE,NONE,3.9,dlink:di-8003_firmware,1
CVE-2025-50650,2026-04-08,3.1,7.5,HIGH,NETWORK,LOW,NONE,NONE,3.9,dlink:di-8003_firmware,1
CVE-2025-50652,2026-04-08,3.1,7.5,HIGH,NETWORK,LOW,NONE,NONE,3.9,dlink:di-8003_firmware,1
CVE-2025-50653,2026-04-08,3.1,7.5,HIGH,NETWORK,LOW,NONE,NONE,3.9,dlink:di-8003_firmware,1
CVE-2025-50654,2026-04-08,3.1,7.5,HIGH,NETWORK,LOW,NONE,NONE,3.9,dlink:di-8003_firmware,1
CVE-2025-50655,2026-04-08,3.1,7.5,HIGH,NETWORK,LOW,NONE,NONE,3.9,dlink:di-8003_firmware,1
CVE-2025-50657,2026-04-08,3.1,7.5,HIGH,NETWORK,LOW,NONE,NONE,3.9,dlink:di-8003_firmware,1
CVE-2025-50659,2026-04-08,3.1,7.5,HIGH,NETWORK,LOW,NONE,NONE,3.9,dlink:di-8003_firmware,1
CVE-2025-50660,2026-04-08,3.1,7.5,HIGH,NETWORK,LOW,NONE,NONE,3.9,dlink:di-8003_firmware,1
CVE-2025-50661,2026-04-08,3.1,7.5,HIGH,NETWORK,LOW,NONE,NONE,3.9,dlink:di-8003_firmware,1
CVE-2025-50662,2026-04-08,3.1,7.5,HIGH,NETWORK,LOW,NONE,NONE,3.9,dlink:di-8003_firmware,1
CVE-2025-50663,2026-04-08,3.1,7.5,HIGH,NETWORK,LOW,NONE,NONE,3.9,dlink:di-8003_firmware,1
CVE-2025-50664,2026-04-08,3.1,7.5,HIGH,NETWORK,LOW,NONE,NONE,3.9,dlink:di-8003_firmware,1
CVE-2025-50665,2026-04-08,3.1,7.5,HIGH,NETWORK,LOW,NONE,NONE,3.9,dlink:di-8003_firmware,1
CVE-2025-50666,2026-04-08,3.1,7.5,HIGH,NETWORK,LOW,NONE,NONE,3.9,dlink:di-8003_firmware,1
CVE-2025-50667,2026-04-08,3.1,7.5,HIGH,NETWORK,LOW,NONE,NONE,3.9,dlink:di-8003_firmware,1
CVE-2025-50668,2026-04-08,3.1,7.5,HIGH,NETWORK,LOW,NONE,NONE,3.9,dlink:di-8003_firmware,1
CVE-2025-50669,2026-04-08,3.1,7.5,HIGH,NETWORK,LOW,NONE,NONE,3.9,dlink:di-8003_firmware,1
CVE-2025-50670,2026-04-08,3.1,7.5,HIGH,NETWORK,LOW,NONE,NONE,3.9,dlink:di-8003_firmware,1
CVE-2025-50671,2026-04-08,3.1,7.5,HIGH,NETWORK,LOW,NONE,NONE,3.9,dlink:di-8003_firmware,1
CVE-2025-50672,2026-04-08,3.1,7.5,HIGH,NETWORK,LOW,NONE,NONE,3.9,dlink:di-8003_firmware,1
CVE-2025-50673,2026-04-08,3.1,7.5,HIGH,NETWORK,LOW,NONE,NONE,3.9,dlink:di-8003_firmware,1
CVE-2026-0811,2026-04-08,3.1,5.4,MEDIUM,NETWORK,LOW,NONE,REQUIRED,2.8,,0
CVE-2026-0814,2026-04-08,3.1,4.3,MEDIUM,NETWORK,LOW,LOW,NONE,2.8,,0
CVE-2026-20709,2026-04-08,3.1,6.6,MEDIUM,PHYSICAL,HIGH,HIGH,NONE,0.3,,0
CVE-2026-27806,2026-04-08,3.1,7.8,HIGH,LOCAL,LOW,LOW,NONE,1.8,fleetdm:fleet,1
CVE-2026-2942,2026-04-08,3.1,9.8,CRITICAL,NETWORK,LOW,NONE,NONE,3.9,,0
CVE-2026-30814,2026-04-08,3.1,8.0,HIGH,ADJACENT,LOW,LOW,NONE,2.1,tp-link:archer_ax53_firmware,1
CVE-2026-30815,2026-04-08,3.1,8.0,HIGH,ADJACENT,LOW,LOW,NONE,2.1,tp-link:archer_ax53_firmware,1
CVE-2026-30816,2026-04-08,3.1,5.7,MEDIUM,ADJACENT,LOW,LOW,NONE,2.1,tp-link:archer_ax53_firmware,1
CVE-2026-30817,2026-04-08,3.1,5.7,MEDIUM,ADJACENT,LOW,LOW,NONE,2.1,tp-link:archer_ax53_firmware,1
CVE-2026-30818,2026-04-08,3.1,8.0,HIGH,ADJACENT,LOW,LOW,NONE,2.1,tp-link:archer_ax53_firmware,1
CVE-2026-33350,2026-04-08,3.1,7.5,HIGH,NETWORK,LOW,NONE,NONE,3.9,mcgill:loris,1
CVE-2026-34166,2026-04-08,3.1,3.7,LOW,NETWORK,HIGH,NONE,NONE,2.2,liquidjs:liquidjs,1
CVE-2026-34248,2026-04-08,3.1,5.7,MEDIUM,NETWORK,LOW,LOW,REQUIRED,2.1,zammad:zammad,1
CVE-2026-34392,2026-04-08,3.1,7.5,HIGH,NETWORK,LOW,NONE,NONE,3.9,mcgill:loris,1
CVE-2026-34718,2026-04-08,3.1,6.1,MEDIUM,NETWORK,LOW,NONE,REQUIRED,2.8,zammad:zammad,1
CVE-2026-34719,2026-04-08,3.1,4.3,MEDIUM,NETWORK,LOW,LOW,NONE,2.8,zammad:zammad,1
CVE-2026-34720,2026-04-08,3.1,4.3,MEDIUM,NETWORK,LOW,LOW,NONE,2.8,zammad:zammad,1
CVE-2026-34721,2026-04-08,3.1,6.5,MEDIUM,NETWORK,LOW,NONE,REQUIRED,2.8,zammad:zammad,1
CVE-2026-34722,2026-04-08,3.1,4.3,MEDIUM,NETWORK,LOW,LOW,NONE,2.8,zammad:zammad,1
CVE-2026-34723,2026-04-08,3.1,7.5,HIGH,NETWORK,LOW,NONE,NONE,3.9,zammad:zammad,1
CVE-2026-34724,2026-04-08,3.1,7.2,HIGH,NETWORK,LOW,HIGH,NONE,1.2,zammad:zammad,1
CVE-2026-34782,2026-04-08,3.1,4.3,MEDIUM,NETWORK,LOW,LOW,NONE,2.8,zammad:zammad,1
CVE-2026-34837,2026-04-08,3.1,4.3,MEDIUM,NETWORK,LOW,LOW,NONE,2.8,zammad:zammad,1
CVE-2026-34985,2026-04-08,3.1,6.3,MEDIUM,NETWORK,LOW,LOW,NONE,2.8,mcgill:loris,1
CVE-2026-35165,2026-04-08,3.1,6.3,MEDIUM,NETWORK,LOW,LOW,NONE,2.8,mcgill:loris,1
CVE-2026-35169,2026-04-08,3.1,8.7,HIGH,NETWORK,LOW,LOW,REQUIRED,2.3,mcgill:loris,1
CVE-2026-35400,2026-04-08,3.1,3.5,LOW,NETWORK,LOW,LOW,REQUIRED,2.1,mcgill:loris,1
CVE-2026-35401,2026-04-08,3.1,7.5,HIGH,NETWORK,LOW,NONE,NONE,3.9,saleor:saleor,1
CVE-2026-35403,2026-04-08,3.1,6.5,MEDIUM,NETWORK,HIGH,LOW,REQUIRED,1.3,mcgill:loris,1
CVE-2026-35407,2026-04-08,3.1,6.5,MEDIUM,NETWORK,LOW,LOW,NONE,2.8,saleor:saleor,1
CVE-2026-35446,2026-04-08,3.1,7.7,HIGH,NETWORK,LOW,LOW,NONE,3.1,mcgill:loris,1
CVE-2026-35455,2026-04-08,3.1,7.3,HIGH,LOCAL,LOW,LOW,REQUIRED,1.3,futo:immich,1
CVE-2026-39851,2026-04-08,3.1,4.3,MEDIUM,NETWORK,LOW,LOW,NONE,2.8,saleor:saleor,1
CVE-2026-23869,2026-04-08,3.1,7.5,HIGH,NETWORK,LOW,NONE,NONE,3.9,,0
CVE-2026-35476,2026-04-08,3.1,7.2,HIGH,NETWORK,LOW,NONE,NONE,3.9,inventree_project:inventree,1
CVE-2026-35477,2026-04-08,3.1,5.5,MEDIUM,NETWORK,LOW,HIGH,NONE,2.3,inventree_project:inventree,1
CVE-2026-35478,2026-04-08,3.1,8.3,HIGH,NETWORK,LOW,LOW,NONE,2.8,inventree_project:inventree,1
CVE-2026-35479,2026-04-08,3.1,6.6,MEDIUM,NETWORK,LOW,HIGH,NONE,2.3,inventree_project:inventree,1
CVE-2026-35525,2026-04-08,3.1,7.5,HIGH,NETWORK,LOW,NONE,NONE,3.9,liquidjs:liquidjs,1
CVE-2026-39362,2026-04-08,3.1,7.1,HIGH,NETWORK,LOW,LOW,NONE,2.8,inventree_project:inventree,1
CVE-2026-39411,2026-04-08,3.1,5.0,MEDIUM,NETWORK,HIGH,LOW,NONE,1.6,lobehub:lobehub,1
CVE-2026-39412,2026-04-08,3.1,5.3,MEDIUM,NETWORK,LOW,NONE,NONE,3.9,liquidjs:liquidjs,1
CVE-2026-39413,2026-04-08,3.1,4.2,MEDIUM,NETWORK,HIGH,HIGH,REQUIRED,0.5,hkuds:lightrag,1
CVE-2026-39859,2026-04-08,3.1,7.5,HIGH,NETWORK,LOW,NONE,NONE,3.9,liquidjs:liquidjs,1
CVE-2026-39862,2026-04-08,3.1,8.8,HIGH,NETWORK,LOW,LOW,NONE,2.8,shopify:tophat,1
CVE-2026-39863,2026-04-08,3.1,7.5,HIGH,NETWORK,LOW,NONE,NONE,3.9,kamailio:kamailio,1
CVE-2026-39864,2026-04-08,3.1,4.4,MEDIUM,NETWORK,HIGH,HIGH,NONE,0.7,kamailio:kamailio,1
CVE-2026-39880,2026-04-08,3.1,5.0,MEDIUM,NETWORK,LOW,LOW,NONE,3.1,remnawave:remnawave_backend,1
CVE-2026-5802,2026-04-08,3.1,7.3,HIGH,NETWORK,LOW,NONE,NONE,3.9,,0
CVE-2026-39414,2026-04-08,3.1,6.5,MEDIUM,NETWORK,LOW,LOW,NONE,2.8,minio:minio,1
CVE-2026-39415,2026-04-08,3.1,4.3,MEDIUM,NETWORK,LOW,LOW,NONE,2.8,frappe:learning,1
CVE-2026-39416,2026-04-08,3.1,6.1,MEDIUM,NETWORK,LOW,NONE,REQUIRED,2.8,circl:ail_framework,1
CVE-2026-39429,2026-04-08,3.1,8.2,HIGH,NETWORK,LOW,NONE,NONE,3.9,kcp:kcp,1
CVE-2026-39844,2026-04-08,3.1,5.9,MEDIUM,NETWORK,HIGH,NONE,NONE,2.2,zauberzeug:nicegui,1
CVE-2026-39860,2026-04-08,3.1,9.0,CRITICAL,LOCAL,LOW,NONE,NONE,2.5,nixos:nix,1
CVE-2026-39881,2026-04-08,3.1,5.0,MEDIUM,LOCAL,HIGH,LOW,REQUIRED,0.8,vim:vim,1
CVE-2026-39882,2026-04-08,3.1,5.3,MEDIUM,ADJACENT,HIGH,NONE,NONE,1.6,opentelemetry:opentelemetry,1
CVE-2026-39883,2026-04-08,3.1,7.0,HIGH,LOCAL,HIGH,LOW,NONE,1.0,opentelemetry:opentelemetry,1
CVE-2026-39885,2026-04-08,3.1,7.5,HIGH,NETWORK,LOW,NONE,NONE,3.9,agentfront:\@frontmcp\/adapters|agentfront:\@frontmcp\/sdk|agentfront:frontmcp|frontmcp:mcp-from-openapi,4
CVE-2026-39888,2026-04-08,3.1,9.9,CRITICAL,NETWORK,LOW,LOW,NONE,3.1,praison:praisonai,1
CVE-2026-39889,2026-04-08,3.1,7.5,HIGH,NETWORK,LOW,NONE,NONE,3.9,praison:praisonai,1
CVE-2026-39890,2026-04-08,3.1,9.8,CRITICAL,NETWORK,LOW,NONE,NONE,3.9,praison:praisonai,1
CVE-2026-39891,2026-04-08,3.1,8.8,HIGH,NETWORK,LOW,LOW,NONE,2.8,praison:praisonai,1
CVE-2026-39892,2026-04-08,3.1,9.8,CRITICAL,NETWORK,LOW,NONE,NONE,3.9,cryptography.io:cryptography,1
CVE-2026-5436,2026-04-08,3.1,8.1,HIGH,NETWORK,HIGH,NONE,NONE,2.2,,0
CVE-2026-5451,2026-04-08,3.1,6.4,MEDIUM,NETWORK,LOW,LOW,NONE,3.1,,0
CVE-2026-5803,2026-04-08,3.1,6.3,MEDIUM,NETWORK,LOW,LOW,NONE,2.8,,0
CVE-2026-5805,2026-04-08,3.1,7.3,HIGH,NETWORK,LOW,NONE,NONE,3.9,,0
CVE-2026-39901,2026-04-08,3.1,5.7,MEDIUM,NETWORK,LOW,LOW,REQUIRED,2.1,,0
CVE-2026-40024,2026-04-08,3.1,7.1,HIGH,LOCAL,LOW,NONE,REQUIRED,1.8,sleuthkit:the_sleuth_kit,1
CVE-2026-40025,2026-04-08,3.1,4.4,MEDIUM,LOCAL,LOW,NONE,REQUIRED,1.8,sleuthkit:the_sleuth_kit,1
CVE-2026-40026,2026-04-08,3.1,4.4,MEDIUM,LOCAL,LOW,NONE,REQUIRED,1.8,sleuthkit:the_sleuth_kit,1
CVE-2026-40027,2026-04-08,3.1,7.3,HIGH,LOCAL,LOW,NONE,REQUIRED,1.8,,0
CVE-2026-40028,2026-04-08,3.1,5.4,MEDIUM,NETWORK,LOW,LOW,REQUIRED,2.3,yamato-security:hayabusa,1
CVE-2026-40029,2026-04-08,3.1,7.8,HIGH,LOCAL,LOW,NONE,REQUIRED,1.8,khyrenz:parseusbs,1
CVE-2026-40030,2026-04-08,3.1,7.8,HIGH,LOCAL,LOW,NONE,REQUIRED,1.8,khyrenz:parseusbs,1
CVE-2026-40031,2026-04-08,3.1,7.8,HIGH,LOCAL,LOW,NONE,REQUIRED,1.8,ufrisk:memprocfs,1
CVE-2026-40032,2026-04-08,3.1,7.8,HIGH,LOCAL,LOW,NONE,REQUIRED,1.8,,0
CVE-2026-40035,2026-04-08,3.1,9.1,CRITICAL,NETWORK,LOW,NONE,NONE,3.9,ryandfir:unfurl,1
CVE-2026-40036,2026-04-08,3.1,7.5,HIGH,NETWORK,LOW,NONE,NONE,3.9,ryandfir:unfurl,1
CVE-2026-40037,2026-04-08,3.1,6.5,MEDIUM,NETWORK,LOW,NONE,REQUIRED,2.8,openclaw:openclaw,1
CVE-2026-5711,2026-04-08,3.1,6.4,MEDIUM,NETWORK,LOW,LOW,NONE,3.1,,0
CVE-2026-5806,2026-04-08,3.1,3.5,LOW,NETWORK,LOW,LOW,REQUIRED,2.1,,0
CVE-2026-5808,2026-04-08,3.1,4.3,MEDIUM,NETWORK,LOW,NONE,REQUIRED,2.8,,0
CVE-2026-5810,2026-04-08,3.1,3.5,LOW,NETWORK,LOW,LOW,REQUIRED,2.1,,0
CVE-2026-5858,2026-04-08,3.1,8.8,HIGH,NETWORK,LOW,NONE,REQUIRED,2.8,google:chrome,1
CVE-2026-5859,2026-04-08,3.1,8.8,HIGH,NETWORK,LOW,NONE,REQUIRED,2.8,google:chrome,1
CVE-2026-5860,2026-04-08,3.1,8.8,HIGH,NETWORK,LOW,NONE,REQUIRED,2.8,google:chrome,1
CVE-2026-5861,2026-04-08,3.1,8.8,HIGH,NETWORK,LOW,NONE,REQUIRED,2.8,google:chrome,1
CVE-2026-5862,2026-04-08,3.1,8.8,HIGH,NETWORK,LOW,NONE,REQUIRED,2.8,google:chrome,1
CVE-2026-5863,2026-04-08,3.1,8.8,HIGH,NETWORK,LOW,NONE,REQUIRED,2.8,google:chrome,1
CVE-2026-5864,2026-04-08,3.1,4.3,MEDIUM,NETWORK,LOW,NONE,REQUIRED,2.8,google:chrome,1
CVE-2026-5865,2026-04-08,3.1,8.8,HIGH,NETWORK,LOW,NONE,REQUIRED,2.8,google:chrome,1
CVE-2026-5866,2026-04-08,3.1,8.8,HIGH,NETWORK,LOW,NONE,REQUIRED,2.8,google:chrome,1
CVE-2026-5867,2026-04-08,3.1,4.3,MEDIUM,NETWORK,LOW,NONE,REQUIRED,2.8,google:chrome,1
CVE-2026-5868,2026-04-08,3.1,8.8,HIGH,NETWORK,LOW,NONE,REQUIRED,2.8,google:chrome,1
CVE-2026-5869,2026-04-08,3.1,4.3,MEDIUM,NETWORK,LOW,NONE,REQUIRED,2.8,google:chrome,1
CVE-2026-5870,2026-04-08,3.1,8.8,HIGH,NETWORK,LOW,NONE,REQUIRED,2.8,google:chrome,1
CVE-2026-5871,2026-04-08,3.1,8.8,HIGH,NETWORK,LOW,NONE,REQUIRED,2.8,google:chrome,1
CVE-2026-5872,2026-04-08,3.1,8.8,HIGH,NETWORK,LOW,NONE,REQUIRED,2.8,google:chrome,1
CVE-2026-5873,2026-04-08,3.1,8.8,HIGH,NETWORK,LOW,NONE,REQUIRED,2.8,google:chrome,1
CVE-2026-5874,2026-04-08,3.1,9.6,CRITICAL,NETWORK,LOW,NONE,REQUIRED,2.8,google:chrome,1
CVE-2026-5875,2026-04-08,3.1,4.3,MEDIUM,NETWORK,LOW,NONE,REQUIRED,2.8,google:chrome,1
CVE-2026-5876,2026-04-08,3.1,6.5,MEDIUM,NETWORK,LOW,NONE,REQUIRED,2.8,google:chrome,1
CVE-2026-5877,2026-04-08,3.1,8.8,HIGH,NETWORK,LOW,NONE,REQUIRED,2.8,google:chrome,1
CVE-2026-5878,2026-04-08,3.1,4.3,MEDIUM,NETWORK,LOW,NONE,REQUIRED,2.8,google:chrome,1
CVE-2026-5879,2026-04-08,3.1,8.8,HIGH,NETWORK,LOW,NONE,REQUIRED,2.8,google:chrome,1
CVE-2026-5880,2026-04-08,3.1,4.3,MEDIUM,NETWORK,LOW,NONE,REQUIRED,2.8,google:chrome,1
CVE-2026-5881,2026-04-08,3.1,6.5,MEDIUM,NETWORK,LOW,NONE,REQUIRED,2.8,google:chrome,1
CVE-2026-5882,2026-04-08,3.1,4.3,MEDIUM,NETWORK,LOW,NONE,REQUIRED,2.8,google:chrome,1
CVE-2026-5883,2026-04-08,3.1,8.8,HIGH,NETWORK,LOW,NONE,REQUIRED,2.8,google:chrome,1
CVE-2026-5884,2026-04-08,3.1,8.8,HIGH,NETWORK,LOW,NONE,REQUIRED,2.8,google:chrome,1
CVE-2026-5885,2026-04-08,3.1,6.5,MEDIUM,NETWORK,LOW,NONE,REQUIRED,2.8,google:chrome,1
CVE-2026-5886,2026-04-08,3.1,5.3,MEDIUM,NETWORK,HIGH,NONE,REQUIRED,1.6,google:chrome,1
CVE-2026-5887,2026-04-08,3.1,4.3,MEDIUM,NETWORK,LOW,NONE,REQUIRED,2.8,google:chrome,1
CVE-2026-5888,2026-04-08,3.1,6.5,MEDIUM,NETWORK,LOW,NONE,REQUIRED,2.8,google:chrome,1
CVE-2026-5889,2026-04-08,3.1,4.3,MEDIUM,NETWORK,LOW,NONE,REQUIRED,2.8,google:chrome,1
CVE-2026-5890,2026-04-08,3.1,5.3,MEDIUM,NETWORK,HIGH,NONE,REQUIRED,1.6,google:chrome,1
CVE-2026-5891,2026-04-08,3.1,4.3,MEDIUM,NETWORK,LOW,NONE,REQUIRED,2.8,google:chrome,1
CVE-2026-5892,2026-04-08,3.1,6.6,MEDIUM,LOCAL,LOW,LOW,REQUIRED,1.3,google:chrome,1
CVE-2026-5893,2026-04-08,3.1,6.8,MEDIUM,NETWORK,HIGH,NONE,REQUIRED,1.6,google:chrome,1
CVE-2026-5894,2026-04-08,3.1,4.3,MEDIUM,NETWORK,LOW,NONE,REQUIRED,2.8,google:chrome,1
CVE-2026-5895,2026-04-08,3.1,5.4,MEDIUM,NETWORK,LOW,NONE,REQUIRED,2.8,google:chrome,1
CVE-2026-5896,2026-04-08,3.1,6.1,MEDIUM,NETWORK,LOW,NONE,REQUIRED,2.8,google:chrome,1
CVE-2026-5897,2026-04-08,3.1,4.3,MEDIUM,NETWORK,LOW,NONE,REQUIRED,2.8,google:chrome,1
CVE-2026-5898,2026-04-08,3.1,4.3,MEDIUM,NETWORK,LOW,NONE,REQUIRED,2.8,google:chrome,1
CVE-2026-5899,2026-04-08,3.1,6.1,MEDIUM,NETWORK,LOW,NONE,REQUIRED,2.8,google:chrome,1
CVE-2026-5900,2026-04-08,3.1,4.3,MEDIUM,NETWORK,LOW,NONE,REQUIRED,2.8,google:chrome,1
CVE-2026-5901,2026-04-08,3.1,6.5,MEDIUM,NETWORK,LOW,NONE,REQUIRED,2.8,google:chrome,1
CVE-2026-5902,2026-04-08,3.1,9.8,CRITICAL,NETWORK,LOW,NONE,NONE,3.9,google:chrome,1
CVE-2026-5903,2026-04-08,3.1,6.5,MEDIUM,NETWORK,LOW,NONE,REQUIRED,2.8,google:chrome,1
CVE-2026-5905,2026-04-08,3.1,6.5,MEDIUM,NETWORK,LOW,NONE,REQUIRED,2.8,google:chrome,1
CVE-2026-5906,2026-04-08,3.1,4.3,MEDIUM,NETWORK,LOW,NONE,REQUIRED,2.8,google:chrome,1
CVE-2026-5907,2026-04-08,3.1,8.1,HIGH,NETWORK,LOW,NONE,REQUIRED,2.8,google:chrome,1
CVE-2026-5908,2026-04-08,3.1,8.8,HIGH,NETWORK,LOW,NONE,REQUIRED,2.8,google:chrome,1
CVE-2026-5909,2026-04-08,3.1,8.8,HIGH,NETWORK,LOW,NONE,REQUIRED,2.8,google:chrome,1
CVE-2026-5910,2026-04-08,3.1,8.8,HIGH,NETWORK,LOW,NONE,REQUIRED,2.8,google:chrome,1
CVE-2026-5911,2026-04-08,3.1,4.3,MEDIUM,NETWORK,LOW,NONE,REQUIRED,2.8,google:chrome,1
CVE-2026-5912,2026-04-08,3.1,8.8,HIGH,NETWORK,LOW,NONE,REQUIRED,2.8,google:chrome,1
CVE-2026-5913,2026-04-08,3.1,8.1,HIGH,NETWORK,LOW,NONE,REQUIRED,2.8,google:chrome,1
CVE-2026-5914,2026-04-08,3.1,8.8,HIGH,NETWORK,LOW,NONE,REQUIRED,2.8,google:chrome,1
CVE-2026-5915,2026-04-08,3.1,8.1,HIGH,NETWORK,LOW,NONE,REQUIRED,2.8,google:chrome,1
CVE-2026-5918,2026-04-08,3.1,4.3,MEDIUM,NETWORK,LOW,NONE,REQUIRED,2.8,google:chrome,1
CVE-2026-5919,2026-04-08,3.1,6.5,MEDIUM,NETWORK,LOW,NONE,REQUIRED,2.8,google:chrome,1
CVE-2025-12664,2026-04-08,3.1,7.5,HIGH,NETWORK,LOW,NONE,NONE,3.9,gitlab:gitlab,1
CVE-2025-9484,2026-04-08,3.1,4.3,MEDIUM,NETWORK,LOW,LOW,NONE,2.8,gitlab:gitlab,1
CVE-2026-1092,2026-04-08,3.1,7.5,HIGH,NETWORK,LOW,NONE,NONE,3.9,gitlab:gitlab,1
CVE-2026-1101,2026-04-08,3.1,6.5,MEDIUM,NETWORK,LOW,LOW,NONE,2.8,gitlab:gitlab,1
CVE-2026-1516,2026-04-08,3.1,5.7,MEDIUM,NETWORK,LOW,LOW,REQUIRED,2.1,gitlab:gitlab,1
CVE-2026-1752,2026-04-08,3.1,4.3,MEDIUM,NETWORK,LOW,LOW,NONE,2.8,gitlab:gitlab,1
CVE-2026-2104,2026-04-08,3.1,4.3,MEDIUM,NETWORK,LOW,LOW,NONE,2.8,gitlab:gitlab,1
CVE-2026-2619,2026-04-08,3.1,4.3,MEDIUM,NETWORK,LOW,LOW,NONE,2.8,gitlab:gitlab,1
CVE-2026-4332,2026-04-08,3.1,5.4,MEDIUM,NETWORK,LOW,LOW,REQUIRED,2.3,gitlab:gitlab,1
CVE-2026-4916,2026-04-08,3.1,2.7,LOW,NETWORK,LOW,HIGH,NONE,1.2,gitlab:gitlab,1
CVE-2026-5173,2026-04-08,3.1,8.5,HIGH,NETWORK,LOW,LOW,NONE,3.1,gitlab:gitlab,1
CVE-2026-5811,2026-04-08,3.1,5.4,MEDIUM,NETWORK,LOW,LOW,NONE,2.8,,0
CVE-2026-5812,2026-04-08,3.1,5.4,MEDIUM,NETWORK,LOW,LOW,NONE,2.8,,0
CVE-2026-5813,2026-04-08,3.1,7.3,HIGH,NETWORK,LOW,NONE,NONE,3.9,,0
CVE-2026-5814,2026-04-09,3.1,7.3,HIGH,NETWORK,LOW,NONE,NONE,3.9,,0
CVE-2026-5815,2026-04-09,3.1,8.8,HIGH,NETWORK,LOW,LOW,NONE,2.8,,0
CVE-2026-5823,2026-04-09,3.1,6.3,MEDIUM,NETWORK,LOW,LOW,NONE,2.8,,0
CVE-2026-5824,2026-04-09,3.1,7.3,HIGH,NETWORK,LOW,NONE,NONE,3.9,,0
CVE-2026-5825,2026-04-09,3.1,4.3,MEDIUM,NETWORK,LOW,NONE,REQUIRED,2.8,,0
CVE-2026-5826,2026-04-09,3.1,4.3,MEDIUM,NETWORK,LOW,NONE,REQUIRED,2.8,,0
CVE-2026-5827,2026-04-09,3.1,7.3,HIGH,NETWORK,LOW,NONE,NONE,3.9,,0
CVE-2026-4326,2026-04-09,3.1,8.8,HIGH,NETWORK,LOW,LOW,NONE,2.8,,0
CVE-2026-5828,2026-04-09,3.1,7.3,HIGH,NETWORK,LOW,NONE,NONE,3.9,,0
CVE-2026-5829,2026-04-09,3.1,7.3,HIGH,NETWORK,LOW,NONE,NONE,3.9,,0
CVE-2026-5830,2026-04-09,3.1,8.8,HIGH,NETWORK,LOW,LOW,NONE,2.8,tenda:ac15_firmware,1
CVE-2026-5831,2026-04-09,3.1,6.3,MEDIUM,NETWORK,LOW,LOW,NONE,2.8,,0
CVE-2026-5832,2026-04-09,3.1,7.3,HIGH,NETWORK,LOW,NONE,NONE,3.9,,0
CVE-2026-3568,2026-04-09,3.1,4.3,MEDIUM,NETWORK,LOW,LOW,NONE,2.8,,0
CVE-2026-3574,2026-04-09,3.1,4.4,MEDIUM,NETWORK,HIGH,HIGH,NONE,1.3,,0
CVE-2026-4124,2026-04-09,3.1,5.4,MEDIUM,NETWORK,LOW,LOW,NONE,2.8,,0
CVE-2026-4429,2026-04-09,3.1,6.4,MEDIUM,NETWORK,LOW,LOW,NONE,3.1,,0
CVE-2026-5357,2026-04-09,3.1,6.4,MEDIUM,NETWORK,LOW,LOW,NONE,3.1,,0
CVE-2026-5833,2026-04-09,3.1,5.3,MEDIUM,LOCAL,LOW,LOW,NONE,1.8,,0
CVE-2026-5834,2026-04-09,3.1,2.4,LOW,NETWORK,LOW,HIGH,REQUIRED,0.9,,0
CVE-2026-5835,2026-04-09,3.1,2.4,LOW,NETWORK,LOW,HIGH,REQUIRED,0.9,,0
CVE-2026-5836,2026-04-09,3.1,2.4,LOW,NETWORK,LOW,HIGH,REQUIRED,0.9,,0
CVE-2026-5837,2026-04-09,3.1,7.3,HIGH,NETWORK,LOW,NONE,NONE,3.9,,0
CVE-2026-1830,2026-04-09,3.1,9.8,CRITICAL,NETWORK,LOW,NONE,NONE,3.9,,0
CVE-2026-4336,2026-04-09,3.1,6.4,MEDIUM,NETWORK,LOW,LOW,NONE,3.1,,0
CVE-2026-5742,2026-04-09,3.1,6.4,MEDIUM,NETWORK,LOW,LOW,NONE,3.1,,0
CVE-2026-5838,2026-04-09,3.1,4.7,MEDIUM,NETWORK,LOW,HIGH,NONE,1.2,,0
CVE-2026-5839,2026-04-09,3.1,4.7,MEDIUM,NETWORK,LOW,HIGH,NONE,1.2,,0
CVE-2026-5840,2026-04-09,3.1,4.7,MEDIUM,NETWORK,LOW,HIGH,NONE,1.2,,0
CVE-2026-5841,2026-04-09,3.1,7.3,HIGH,NETWORK,LOW,NONE,NONE,3.9,tenda:i3_firmware,1
CVE-2026-5842,2026-04-09,3.1,7.3,HIGH,NETWORK,LOW,NONE,NONE,3.9,,0
CVE-2026-5844,2026-04-09,3.1,7.2,HIGH,NETWORK,LOW,HIGH,NONE,1.2,dlink:dir-882_firmware,1
CVE-2026-5847,2026-04-09,3.1,4.3,MEDIUM,NETWORK,LOW,NONE,REQUIRED,2.8,,0
CVE-2026-5848,2026-04-09,3.1,4.7,MEDIUM,NETWORK,LOW,HIGH,NONE,1.2,,0
CVE-2026-5849,2026-04-09,3.1,7.3,HIGH,NETWORK,LOW,NONE,NONE,3.9,tenda:i12_firmware,1
CVE-2026-5850,2026-04-09,3.1,9.8,CRITICAL,NETWORK,LOW,NONE,NONE,3.9,,0
CVE-2026-5851,2026-04-09,3.1,9.8,CRITICAL,NETWORK,LOW,NONE,NONE,3.9,,0
CVE-2026-5852,2026-04-09,3.1,9.8,CRITICAL,NETWORK,LOW,NONE,NONE,3.9,,0
CVE-2026-5853,2026-04-09,3.1,9.8,CRITICAL,NETWORK,LOW,NONE,NONE,3.9,,0
CVE-2026-5854,2026-04-09,3.1,9.8,CRITICAL,NETWORK,LOW,NONE,NONE,3.9,,0
CVE-2025-62188,2026-04-09,3.1,7.5,HIGH,NETWORK,LOW,NONE,NONE,3.9,apache:dolphinscheduler,1
CVE-2026-34177,2026-04-09,3.1,9.1,CRITICAL,NETWORK,LOW,HIGH,NONE,2.3,canonical:lxd,1
CVE-2026-34178,2026-04-09,3.1,9.1,CRITICAL,NETWORK,LOW,HIGH,NONE,2.3,canonical:lxd,1
CVE-2026-34179,2026-04-09,3.1,9.1,CRITICAL,NETWORK,LOW,HIGH,NONE,2.3,canonical:lxd,1
CVE-2026-34184,2026-04-09,3.1,9.1,CRITICAL,NETWORK,LOW,NONE,NONE,3.9,hydrosystem.poznan:control_system,1
CVE-2026-34185,2026-04-09,3.1,8.8,HIGH,NETWORK,LOW,LOW,NONE,2.8,hydrosystem.poznan:control_system,1
CVE-2026-34538,2026-04-09,3.1,6.5,MEDIUM,NETWORK,LOW,LOW,NONE,2.8,apache:airflow,1
CVE-2026-4901,2026-04-09,3.1,6.5,MEDIUM,NETWORK,LOW,LOW,NONE,2.8,hydrosystem.poznan:control_system,1
CVE-2024-1490,2026-04-09,3.1,7.2,HIGH,NETWORK,LOW,HIGH,NONE,1.2,,0
CVE-2025-57735,2026-04-09,3.1,9.1,CRITICAL,NETWORK,LOW,NONE,NONE,3.9,apache:airflow,1
CVE-2026-21388,2026-04-09,3.1,3.7,LOW,NETWORK,HIGH,NONE,NONE,2.2,mattermost:mattermost_server,1
CVE-2026-24661,2026-04-09,3.1,3.7,LOW,NETWORK,HIGH,NONE,NONE,2.2,mattermost:mattermost,1
CVE-2026-2519,2026-04-09,3.1,5.3,MEDIUM,NETWORK,LOW,NONE,NONE,3.9,,0
CVE-2026-3005,2026-04-09,3.1,6.4,MEDIUM,NETWORK,LOW,LOW,NONE,3.1,,0
CVE-2025-45806,2026-04-09,3.1,6.1,MEDIUM,NETWORK,LOW,NONE,REQUIRED,2.8,,0
CVE-2026-4660,2026-04-09,3.1,7.5,HIGH,NETWORK,LOW,NONE,NONE,3.9,,0
CVE-2025-50228,2026-04-09,3.1,9.1,CRITICAL,NETWORK,LOW,NONE,NONE,3.9,jizhicms:jizhicms,1
CVE-2025-62718,2026-04-09,3.1,9.9,CRITICAL,NETWORK,LOW,NONE,NONE,3.9,axios:axios,1
CVE-2025-70810,2026-04-09,3.1,8.8,HIGH,NETWORK,LOW,NONE,REQUIRED,2.8,phpbb:phpbb,1
CVE-2025-70811,2026-04-09,3.1,4.3,MEDIUM,NETWORK,LOW,NONE,REQUIRED,2.8,phpbb:phpbb,1
CVE-2026-34578,2026-04-09,3.1,8.2,HIGH,NETWORK,LOW,NONE,NONE,3.9,opnsense:opnsense,1
CVE-2026-34757,2026-04-09,3.1,5.1,MEDIUM,LOCAL,LOW,NONE,NONE,2.5,libpng:libpng|debian:debian_linux,2
CVE-2026-4112,2026-04-09,3.1,7.2,HIGH,NETWORK,LOW,HIGH,NONE,1.2,sonicwall:sma6210_firmware|sonicwall:sma6200_firmware|sonicwall:sma7200_firmware|sonicwall:sma7210_firmware|sonicwall:sma8200v,5
CVE-2026-4113,2026-04-09,3.1,7.2,HIGH,NETWORK,LOW,HIGH,NONE,1.2,sonicwall:sma6210_firmware|sonicwall:sma8200v|sonicwall:sma7200_firmware|sonicwall:sma7210_firmware|sonicwall:sma6200_firmware,5
CVE-2026-4114,2026-04-09,3.1,6.6,MEDIUM,NETWORK,HIGH,HIGH,NONE,0.7,sonicwall:sma6210_firmware|sonicwall:sma6200_firmware|sonicwall:sma7200_firmware|sonicwall:sma7210_firmware|sonicwall:sma8200v,5
CVE-2026-4116,2026-04-09,3.1,7.2,HIGH,NETWORK,LOW,HIGH,NONE,1.2,sonicwall:sma6210_firmware|sonicwall:sma6200_firmware|sonicwall:sma7200_firmware|sonicwall:sma7210_firmware|sonicwall:sma8200v,5
CVE-2026-5437,2026-04-09,3.1,7.5,HIGH,NETWORK,LOW,NONE,NONE,3.9,orthanc-server:orthanc,1
CVE-2026-5438,2026-04-09,3.1,7.5,HIGH,NETWORK,LOW,NONE,NONE,3.9,orthanc-server:orthanc,1
CVE-2026-5439,2026-04-09,3.1,7.5,HIGH,NETWORK,LOW,NONE,NONE,3.9,orthanc-server:orthanc,1
CVE-2026-5440,2026-04-09,3.1,7.5,HIGH,NETWORK,LOW,NONE,NONE,3.9,orthanc-server:orthanc,1
CVE-2026-5441,2026-04-09,3.1,7.1,HIGH,LOCAL,LOW,NONE,REQUIRED,1.8,orthanc-server:orthanc,1
CVE-2026-5442,2026-04-09,3.1,9.8,CRITICAL,NETWORK,LOW,NONE,NONE,3.9,orthanc-server:orthanc,1
CVE-2026-5443,2026-04-09,3.1,9.8,CRITICAL,NETWORK,LOW,NONE,NONE,3.9,orthanc-server:orthanc,1
CVE-2026-5444,2026-04-09,3.1,7.1,HIGH,LOCAL,LOW,NONE,REQUIRED,1.8,orthanc-server:orthanc,1
CVE-2026-5445,2026-04-09,3.1,9.1,CRITICAL,NETWORK,LOW,NONE,NONE,3.9,orthanc-server:orthanc,1
CVE-2026-5959,2026-04-09,3.1,6.6,MEDIUM,NETWORK,HIGH,HIGH,NONE,0.7,,0
CVE-2025-14551,2026-04-09,3.1,8.1,HIGH,NETWORK,LOW,LOW,NONE,2.8,canonical:ubuntu_subiquity,1
CVE-2025-15480,2026-04-09,3.1,9.1,CRITICAL,NETWORK,LOW,NONE,NONE,3.9,canonical:ubuntu_desktop_provision,1
CVE-2025-70364,2026-04-09,3.1,8.8,HIGH,NETWORK,LOW,LOW,NONE,2.8,,0
CVE-2025-70365,2026-04-09,3.1,5.4,MEDIUM,NETWORK,LOW,LOW,REQUIRED,2.3,,0
CVE-2026-33005,2026-04-09,3.1,4.3,MEDIUM,NETWORK,LOW,LOW,NONE,2.8,apache:openmeetings,1
CVE-2026-33266,2026-04-09,3.1,7.5,HIGH,NETWORK,LOW,NONE,NONE,3.9,apache:openmeetings,1
CVE-2026-34020,2026-04-09,3.1,7.5,HIGH,NETWORK,LOW,NONE,NONE,3.9,apache:openmeetings,1
CVE-2026-35040,2026-04-09,3.1,5.3,MEDIUM,NETWORK,LOW,NONE,NONE,3.9,nearform:fast-jwt,1
CVE-2026-35041,2026-04-09,3.1,4.2,MEDIUM,NETWORK,HIGH,HIGH,REQUIRED,0.5,nearform:fast-jwt,1
CVE-2026-35204,2026-04-09,3.1,8.6,HIGH,LOCAL,LOW,NONE,REQUIRED,1.8,helm:helm,1
CVE-2026-35205,2026-04-09,3.1,7.8,HIGH,LOCAL,LOW,NONE,REQUIRED,1.8,helm:helm,1
CVE-2026-39843,2026-04-09,3.1,7.7,HIGH,NETWORK,LOW,LOW,NONE,3.1,plane:plane,1
CVE-2026-39853,2026-04-09,3.1,7.8,HIGH,LOCAL,LOW,NONE,REQUIRED,1.8,osslsigncode_project:osslsigncode,1
CVE-2026-39941,2026-04-09,3.1,6.1,MEDIUM,NETWORK,LOW,NONE,REQUIRED,2.8,churchcrm:churchcrm,1
CVE-2026-4878,2026-04-09,3.1,6.7,MEDIUM,LOCAL,HIGH,LOW,REQUIRED,0.8,libcap_project:libcap|redhat:openshift_container_platform|redhat:enterprise_linux,3
CVE-2026-5960,2026-04-09,3.1,4.3,MEDIUM,NETWORK,LOW,NONE,REQUIRED,2.8,,0
CVE-2026-30479,2026-04-09,3.1,9.1,CRITICAL,NETWORK,LOW,NONE,NONE,3.9,,0
CVE-2026-39855,2026-04-09,3.1,5.5,MEDIUM,LOCAL,LOW,NONE,REQUIRED,1.8,osslsigncode_project:osslsigncode,1
CVE-2026-39856,2026-04-09,3.1,5.5,MEDIUM,LOCAL,LOW,NONE,REQUIRED,1.8,osslsigncode_project:osslsigncode,1
CVE-2026-39942,2026-04-09,3.1,8.5,HIGH,NETWORK,LOW,LOW,NONE,3.1,monospace:directus,1
CVE-2026-39943,2026-04-09,3.1,6.5,MEDIUM,NETWORK,LOW,LOW,NONE,2.8,monospace:directus,1
CVE-2026-39957,2026-04-09,3.1,4.3,MEDIUM,NETWORK,LOW,LOW,NONE,2.8,lycheeorg:lychee,1
CVE-2026-39958,2026-04-09,3.1,9.1,CRITICAL,NETWORK,LOW,NONE,NONE,3.9,,0
CVE-2026-39959,2026-04-09,3.1,7.1,HIGH,LOCAL,LOW,LOW,NONE,1.8,,0
CVE-2026-39962,2026-04-09,3.1,9.6,CRITICAL,NETWORK,LOW,NONE,REQUIRED,2.8,misp-project:misp,1
CVE-2026-39974,2026-04-09,3.1,8.5,HIGH,NETWORK,LOW,LOW,NONE,3.1,n8n-mcp:n8n-mcp,1
CVE-2026-39976,2026-04-09,3.1,7.1,HIGH,NETWORK,HIGH,LOW,NONE,1.8,laravel:passport,1
CVE-2026-40046,2026-04-09,3.1,7.5,HIGH,NETWORK,LOW,NONE,NONE,3.9,,0
CVE-2026-5961,2026-04-09,3.1,7.3,HIGH,NETWORK,LOW,NONE,NONE,3.9,,0
CVE-2026-5962,2026-04-09,3.1,7.3,HIGH,NETWORK,LOW,NONE,NONE,3.9,tenda:ch22_firmware,1
CVE-2025-63238,2026-04-09,3.1,6.1,MEDIUM,NETWORK,LOW,NONE,REQUIRED,2.8,limesurvey:limesurvey,1
CVE-2025-70797,2026-04-09,3.1,6.1,MEDIUM,NETWORK,LOW,NONE,REQUIRED,2.8,limesurvey:limesurvey,1
CVE-2026-1584,2026-04-09,3.1,7.5,HIGH,NETWORK,LOW,NONE,NONE,3.9,gnu:gnutls|redhat:hardened_images,2
CVE-2026-30478,2026-04-09,3.1,8.8,HIGH,LOCAL,LOW,LOW,NONE,2.0,,0
CVE-2026-35207,2026-04-09,3.1,5.4,MEDIUM,NETWORK,LOW,NONE,REQUIRED,2.8,,0
CVE-2026-39315,2026-04-09,3.1,6.1,MEDIUM,NETWORK,LOW,NONE,REQUIRED,2.8,unjs:unhead,1
CVE-2026-39911,2026-04-09,3.1,8.8,HIGH,NETWORK,LOW,LOW,NONE,2.8,hedera:guardian,1
CVE-2026-39961,2026-04-09,3.1,6.8,MEDIUM,NETWORK,LOW,HIGH,NONE,2.3,aiven:aiven_operator,1
CVE-2026-39980,2026-04-09,3.1,9.1,CRITICAL,NETWORK,LOW,HIGH,NONE,2.3,citeum:opencti,1
CVE-2026-39981,2026-04-09,3.1,8.8,HIGH,NETWORK,LOW,LOW,NONE,2.8,agixt:agixt,1
CVE-2026-39983,2026-04-09,3.1,8.6,HIGH,NETWORK,LOW,NONE,NONE,3.9,patrickjuchli:basic-ftp,1
CVE-2026-39985,2026-04-09,3.1,4.3,MEDIUM,NETWORK,LOW,NONE,REQUIRED,2.8,mcgill:loris,1
CVE-2026-39987,2026-04-09,3.1,9.8,CRITICAL,NETWORK,LOW,NONE,NONE,3.9,coreweave:marimo,1
CVE-2026-40069,2026-04-09,3.1,7.5,HIGH,NETWORK,LOW,NONE,NONE,3.9,sgbett:bsv_ruby_sdk,1
CVE-2026-40070,2026-04-09,3.1,8.1,HIGH,NETWORK,LOW,LOW,NONE,2.8,sgbett:bsv-wallet|sgbett:bsv_ruby_sdk,2
CVE-2026-40071,2026-04-09,3.1,5.4,MEDIUM,NETWORK,LOW,LOW,NONE,2.8,pyload:pyload,1
CVE-2026-40072,2026-04-09,3.1,7.2,HIGH,NETWORK,LOW,NONE,NONE,3.9,apeworx:web3.py,1
CVE-2026-5329,2026-04-09,3.1,8.5,HIGH,NETWORK,HIGH,LOW,NONE,1.8,rapid7:velociraptor,1
CVE-2026-5970,2026-04-09,3.1,7.3,HIGH,NETWORK,LOW,NONE,NONE,3.9,deepwisdom:metagpt,1
CVE-2026-5971,2026-04-09,3.1,7.3,HIGH,NETWORK,LOW,NONE,NONE,3.9,deepwisdom:metagpt,1
CVE-2026-28205,2026-04-09,3.1,9.8,CRITICAL,NETWORK,LOW,NONE,NONE,3.9,openplcproject:openplc_v3_firmware,1
CVE-2026-31170,2026-04-09,3.1,9.8,CRITICAL,NETWORK,LOW,NONE,NONE,3.9,totolink:a3300r_firmware,1
CVE-2026-34941,2026-04-09,3.1,8.1,HIGH,NETWORK,LOW,LOW,NONE,2.8,bytecodealliance:wasmtime,1
CVE-2026-34942,2026-04-09,3.1,6.5,MEDIUM,NETWORK,LOW,LOW,NONE,2.8,bytecodealliance:wasmtime,1
CVE-2026-34943,2026-04-09,3.1,7.5,HIGH,NETWORK,LOW,NONE,NONE,3.9,bytecodealliance:wasmtime,1
CVE-2026-34944,2026-04-09,3.1,5.7,MEDIUM,NETWORK,LOW,LOW,REQUIRED,2.1,bytecodealliance:wasmtime,1
CVE-2026-34945,2026-04-09,3.1,6.5,MEDIUM,NETWORK,LOW,LOW,NONE,2.8,bytecodealliance:wasmtime,1
CVE-2026-34946,2026-04-09,3.1,7.5,HIGH,NETWORK,LOW,NONE,NONE,3.9,bytecodealliance:wasmtime,1
CVE-2026-34971,2026-04-09,3.1,7.8,HIGH,LOCAL,HIGH,LOW,NONE,1.1,bytecodealliance:wasmtime,1
CVE-2026-34983,2026-04-09,3.1,5.0,MEDIUM,LOCAL,LOW,LOW,REQUIRED,1.3,bytecodealliance:wasmtime,1
CVE-2026-34987,2026-04-09,3.1,9.9,CRITICAL,NETWORK,LOW,LOW,NONE,3.1,bytecodealliance:wasmtime,1
CVE-2026-34988,2026-04-09,3.1,6.3,MEDIUM,NETWORK,HIGH,LOW,NONE,1.8,bytecodealliance:wasmtime,1
CVE-2026-35186,2026-04-09,3.1,7.5,HIGH,NETWORK,LOW,NONE,NONE,3.9,bytecodealliance:wasmtime,1
CVE-2026-35195,2026-04-09,3.1,5.4,MEDIUM,NETWORK,LOW,LOW,NONE,2.8,bytecodealliance:wasmtime,1
CVE-2026-35556,2026-04-09,3.1,7.5,HIGH,NETWORK,LOW,NONE,NONE,3.9,openplcproject:openplc_v3_firmware,1
CVE-2026-39912,2026-04-09,3.1,9.1,CRITICAL,NETWORK,LOW,NONE,NONE,3.9,,0
CVE-2025-13926,2026-04-09,3.1,9.8,CRITICAL,NETWORK,LOW,NONE,NONE,3.9,,0
CVE-2026-24880,2026-04-09,3.1,7.5,HIGH,NETWORK,LOW,NONE,NONE,3.9,apache:tomcat,1
CVE-2026-25854,2026-04-09,3.1,6.1,MEDIUM,NETWORK,LOW,NONE,REQUIRED,2.8,apache:tomcat,1
CVE-2026-29129,2026-04-09,3.1,7.5,HIGH,NETWORK,LOW,NONE,NONE,3.9,apache:tomcat,1
CVE-2026-29145,2026-04-09,3.1,9.1,CRITICAL,NETWORK,LOW,NONE,NONE,3.9,apache:tomcat|apache:tomcat_native,2
CVE-2026-29146,2026-04-09,3.1,7.5,HIGH,NETWORK,LOW,NONE,NONE,3.9,apache:tomcat,1
CVE-2026-29923,2026-04-09,3.1,7.8,HIGH,LOCAL,LOW,LOW,NONE,1.8,,0
CVE-2026-32990,2026-04-09,3.1,5.3,MEDIUM,NETWORK,LOW,NONE,NONE,3.9,apache:tomcat,1
CVE-2026-34483,2026-04-09,3.1,7.5,HIGH,NETWORK,LOW,NONE,NONE,3.9,apache:tomcat,1
CVE-2026-34486,2026-04-09,3.1,7.5,HIGH,NETWORK,LOW,NONE,NONE,3.9,apache:tomcat,1
CVE-2026-34487,2026-04-09,3.1,7.5,HIGH,NETWORK,LOW,NONE,NONE,3.9,apache:tomcat,1
CVE-2026-34500,2026-04-09,3.1,6.5,MEDIUM,NETWORK,HIGH,NONE,NONE,2.2,apache:tomcat,1
CVE-2026-34734,2026-04-09,3.1,7.8,HIGH,LOCAL,LOW,NONE,REQUIRED,1.8,hdfgroup:hdf5,1
CVE-2026-35063,2026-04-09,3.1,8.8,HIGH,NETWORK,LOW,LOW,NONE,2.8,openplcproject:openplc_v3_firmware,1
CVE-2026-35577,2026-04-09,3.1,6.8,MEDIUM,NETWORK,HIGH,NONE,REQUIRED,1.6,apollographql:apollo_mcp_server,1
CVE-2026-39977,2026-04-09,3.1,6.3,MEDIUM,LOCAL,LOW,NONE,REQUIRED,1.8,flatpak:flatpak-builder,1
CVE-2026-40077,2026-04-09,3.1,3.5,LOW,NETWORK,HIGH,LOW,NONE,1.8,beszel:beszel,1
CVE-2026-40087,2026-04-09,3.1,5.3,MEDIUM,NETWORK,LOW,NONE,NONE,3.9,langchain:langchain_core,1
CVE-2026-40088,2026-04-09,3.1,9.6,CRITICAL,NETWORK,LOW,NONE,REQUIRED,2.8,praison:praisonai,1
CVE-2026-40089,2026-04-09,3.1,9.9,CRITICAL,NETWORK,LOW,LOW,NONE,3.1,sonicverse:radio_audio_streaming_stack,1
CVE-2026-4436,2026-04-09,3.1,8.6,HIGH,NETWORK,LOW,NONE,NONE,3.9,,0
CVE-2026-5187,2026-04-09,3.1,9.8,CRITICAL,NETWORK,LOW,NONE,NONE,3.9,wolfssl:wolfssl,1
CVE-2026-5194,2026-04-09,3.1,9.1,CRITICAL,NETWORK,LOW,NONE,NONE,3.9,wolfssl:wolfssl,1
CVE-2026-5972,2026-04-09,3.1,7.3,HIGH,NETWORK,LOW,NONE,NONE,3.9,deepwisdom:metagpt,1
CVE-2026-5973,2026-04-09,3.1,7.3,HIGH,NETWORK,LOW,NONE,NONE,3.9,deepwisdom:metagpt,1
CVE-2026-5974,2026-04-09,3.1,7.3,HIGH,NETWORK,LOW,NONE,NONE,3.9,deepwisdom:metagpt,1
CVE-2026-5975,2026-04-09,3.1,9.8,CRITICAL,NETWORK,LOW,NONE,NONE,3.9,,0
CVE-2026-5976,2026-04-09,3.1,9.8,CRITICAL,NETWORK,LOW,NONE,NONE,3.9,,0
CVE-2023-54358,2026-04-09,3.1,6.1,MEDIUM,NETWORK,LOW,NONE,REQUIRED,2.8,,0
CVE-2023-54359,2026-04-09,3.1,8.2,HIGH,NETWORK,LOW,NONE,NONE,3.9,,0
CVE-2023-54360,2026-04-09,3.1,6.1,MEDIUM,NETWORK,LOW,NONE,REQUIRED,2.8,,0
CVE-2023-54361,2026-04-09,3.1,6.1,MEDIUM,NETWORK,LOW,NONE,REQUIRED,2.8,,0
CVE-2023-54362,2026-04-09,3.1,6.1,MEDIUM,NETWORK,LOW,NONE,REQUIRED,2.8,,0
CVE-2023-54363,2026-04-09,3.1,6.1,MEDIUM,NETWORK,LOW,NONE,REQUIRED,2.8,,0
CVE-2023-54364,2026-04-09,3.1,6.1,MEDIUM,NETWORK,LOW,NONE,REQUIRED,2.8,,0
CVE-2026-35206,2026-04-09,3.1,4.4,MEDIUM,LOCAL,LOW,NONE,REQUIRED,1.8,helm:helm,1
CVE-2026-40093,2026-04-09,3.1,8.1,HIGH,NETWORK,LOW,LOW,NONE,2.8,nimiq:nimiq_proof-of-stake,1
CVE-2026-40107,2026-04-09,3.1,6.5,MEDIUM,NETWORK,LOW,NONE,REQUIRED,2.8,b3log:siyuan,1
CVE-2026-40109,2026-04-09,3.1,3.1,LOW,NETWORK,HIGH,LOW,NONE,1.6,,0
CVE-2026-5446,2026-04-09,3.1,7.1,HIGH,NETWORK,LOW,LOW,NONE,2.8,wolfssl:wolfssl,1
CVE-2026-5447,2026-04-09,3.1,7.5,HIGH,NETWORK,LOW,NONE,NONE,3.9,wolfssl:wolfssl,1
CVE-2026-5977,2026-04-09,3.1,9.8,CRITICAL,NETWORK,LOW,NONE,NONE,3.9,,0
CVE-2026-5978,2026-04-09,3.1,9.8,CRITICAL,NETWORK,LOW,NONE,NONE,3.9,,0
CVE-2026-5979,2026-04-09,3.1,8.8,HIGH,NETWORK,LOW,LOW,NONE,2.8,dlink:dir-605l_firmware,1
CVE-2026-5980,2026-04-09,3.1,8.8,HIGH,NETWORK,LOW,LOW,NONE,2.8,dlink:dir-605l_firmware,1
CVE-2025-13914,2026-04-09,3.1,8.7,HIGH,NETWORK,HIGH,NONE,NONE,2.2,juniper:apstra,1
CVE-2025-59969,2026-04-09,3.1,6.5,MEDIUM,ADJACENT,LOW,NONE,NONE,2.8,juniper:junos_os_evolved,1
CVE-2026-21904,2026-04-09,3.1,6.1,MEDIUM,NETWORK,LOW,NONE,REQUIRED,2.8,juniper:junos_space,1
CVE-2026-21915,2026-04-09,3.1,6.7,MEDIUM,LOCAL,LOW,HIGH,NONE,0.8,juniper:virtual_lightweight_collector,1
CVE-2026-21916,2026-04-09,3.1,7.3,HIGH,LOCAL,LOW,LOW,REQUIRED,1.3,juniper:junos,1
CVE-2026-21919,2026-04-09,3.1,6.5,MEDIUM,NETWORK,LOW,LOW,NONE,2.8,juniper:junos|juniper:junos_os_evolved,2
CVE-2026-33771,2026-04-09,3.1,7.4,HIGH,NETWORK,HIGH,NONE,NONE,2.2,juniper:ctp_operating_system,1
CVE-2026-33773,2026-04-09,3.1,5.8,MEDIUM,NETWORK,LOW,NONE,NONE,3.9,juniper:junos,1
CVE-2026-33774,2026-04-09,3.1,6.5,MEDIUM,NETWORK,LOW,NONE,NONE,3.9,juniper:junos,1
CVE-2026-33775,2026-04-09,3.1,6.5,MEDIUM,ADJACENT,LOW,NONE,NONE,2.8,juniper:junos,1
CVE-2026-33776,2026-04-09,3.1,5.5,MEDIUM,LOCAL,LOW,LOW,NONE,1.8,juniper:junos|juniper:junos_os_evolved,2
CVE-2026-33778,2026-04-09,3.1,7.5,HIGH,NETWORK,LOW,NONE,NONE,3.9,juniper:junos,1
CVE-2026-33779,2026-04-09,3.1,6.5,MEDIUM,NETWORK,HIGH,NONE,NONE,2.2,juniper:junos,1
CVE-2026-33780,2026-04-09,3.1,6.5,MEDIUM,ADJACENT,LOW,NONE,NONE,2.8,juniper:junos|juniper:junos_os_evolved,2
CVE-2026-33781,2026-04-09,3.1,6.5,MEDIUM,ADJACENT,LOW,NONE,NONE,2.8,juniper:junos,1
CVE-2026-33782,2026-04-09,3.1,6.5,MEDIUM,ADJACENT,LOW,NONE,NONE,2.8,juniper:junos,1
CVE-2026-33783,2026-04-09,3.1,6.5,MEDIUM,NETWORK,LOW,LOW,NONE,2.8,juniper:junos_os_evolved,1
CVE-2026-33784,2026-04-09,3.1,9.8,CRITICAL,NETWORK,LOW,NONE,NONE,3.9,juniper:virtual_lightweight_collector,1
CVE-2026-33785,2026-04-09,3.1,8.8,HIGH,LOCAL,LOW,LOW,NONE,2.0,juniper:junos,1
CVE-2026-33786,2026-04-09,3.1,5.5,MEDIUM,LOCAL,LOW,LOW,NONE,1.8,juniper:junos,1
CVE-2026-33787,2026-04-09,3.1,5.5,MEDIUM,LOCAL,LOW,LOW,NONE,1.8,juniper:junos,1
CVE-2026-33788,2026-04-09,3.1,7.8,HIGH,LOCAL,LOW,LOW,NONE,1.8,juniper:junos,1
CVE-2026-33790,2026-04-09,3.1,7.5,HIGH,NETWORK,LOW,NONE,NONE,3.9,juniper:junos,1
CVE-2026-33791,2026-04-09,3.1,6.7,MEDIUM,LOCAL,LOW,HIGH,NONE,0.8,juniper:junos|juniper:junos_os_evolved,2
CVE-2026-33793,2026-04-09,3.1,7.8,HIGH,LOCAL,LOW,LOW,NONE,1.8,juniper:junos|juniper:junos_os_evolved,2
CVE-2026-33797,2026-04-09,3.1,7.4,HIGH,ADJACENT,LOW,NONE,NONE,2.8,juniper:junos|juniper:junos_os_evolved,2
CVE-2026-34512,2026-04-09,3.1,8.1,HIGH,NETWORK,LOW,LOW,NONE,2.8,openclaw:openclaw,1
CVE-2026-35617,2026-04-09,3.1,4.2,MEDIUM,NETWORK,HIGH,LOW,NONE,1.6,openclaw:openclaw,1
CVE-2026-35618,2026-04-09,3.1,6.5,MEDIUM,NETWORK,HIGH,NONE,NONE,2.2,openclaw:openclaw,1
CVE-2026-35622,2026-04-09,3.1,5.9,MEDIUM,NETWORK,HIGH,LOW,NONE,1.6,openclaw:openclaw,1
CVE-2026-35623,2026-04-09,3.1,4.8,MEDIUM,NETWORK,HIGH,NONE,NONE,2.2,openclaw:openclaw,1
CVE-2026-35624,2026-04-09,3.1,4.2,MEDIUM,NETWORK,HIGH,LOW,NONE,1.6,openclaw:openclaw,1
CVE-2026-35625,2026-04-09,3.1,7.8,HIGH,LOCAL,LOW,LOW,NONE,1.8,openclaw:openclaw,1
CVE-2026-35626,2026-04-09,3.1,5.3,MEDIUM,NETWORK,LOW,NONE,NONE,3.9,openclaw:openclaw,1
CVE-2026-35627,2026-04-09,3.1,6.5,MEDIUM,NETWORK,LOW,NONE,NONE,3.9,openclaw:openclaw,1
CVE-2026-35628,2026-04-09,3.1,4.8,MEDIUM,NETWORK,HIGH,NONE,NONE,2.2,openclaw:openclaw,1
CVE-2026-35629,2026-04-09,3.1,7.4,HIGH,NETWORK,LOW,LOW,NONE,3.1,openclaw:openclaw,1
CVE-2026-35631,2026-04-09,3.1,6.5,MEDIUM,NETWORK,LOW,LOW,NONE,2.8,openclaw:openclaw,1
CVE-2026-35632,2026-04-09,3.1,7.1,HIGH,LOCAL,LOW,LOW,NONE,1.8,openclaw:openclaw,1
CVE-2026-35633,2026-04-09,3.1,5.3,MEDIUM,NETWORK,LOW,NONE,NONE,3.9,openclaw:openclaw,1
CVE-2026-35634,2026-04-09,3.1,5.1,MEDIUM,LOCAL,LOW,NONE,NONE,2.5,openclaw:openclaw,1
CVE-2026-35635,2026-04-09,3.1,4.8,MEDIUM,NETWORK,HIGH,NONE,NONE,2.2,openclaw:openclaw,1
CVE-2026-35636,2026-04-09,3.1,6.5,MEDIUM,NETWORK,LOW,LOW,NONE,2.8,openclaw:openclaw,1
CVE-2026-35637,2026-04-09,3.1,7.3,HIGH,NETWORK,LOW,NONE,NONE,3.9,openclaw:openclaw,1
CVE-2026-35638,2026-04-09,3.1,8.8,HIGH,NETWORK,LOW,LOW,NONE,2.8,openclaw:openclaw,1
CVE-2026-35639,2026-04-09,3.1,8.8,HIGH,NETWORK,LOW,LOW,NONE,2.8,openclaw:openclaw,1
CVE-2026-35640,2026-04-09,3.1,5.3,MEDIUM,NETWORK,LOW,NONE,NONE,3.9,openclaw:openclaw,1
CVE-2026-35642,2026-04-09,3.1,4.3,MEDIUM,NETWORK,LOW,LOW,NONE,2.8,openclaw:openclaw,1
CVE-2026-35644,2026-04-09,3.1,6.5,MEDIUM,NETWORK,LOW,LOW,NONE,2.8,openclaw:openclaw,1
CVE-2026-35645,2026-04-09,3.1,8.1,HIGH,NETWORK,LOW,LOW,NONE,2.8,openclaw:openclaw,1
CVE-2026-35646,2026-04-09,3.1,4.8,MEDIUM,NETWORK,HIGH,NONE,NONE,2.2,openclaw:openclaw,1
CVE-2026-39848,2026-04-09,3.1,6.5,MEDIUM,NETWORK,LOW,NONE,NONE,3.9,10ij:dockyard,1
CVE-2026-40111,2026-04-09,3.1,8.8,HIGH,NETWORK,LOW,NONE,REQUIRED,2.8,praison:praisonaiagents,1
CVE-2026-40112,2026-04-09,3.1,5.4,MEDIUM,NETWORK,LOW,NONE,REQUIRED,2.8,praison:praisonai,1
CVE-2026-40113,2026-04-09,3.1,8.4,HIGH,LOCAL,LOW,LOW,NONE,2.0,praison:praisonai,1
CVE-2026-40114,2026-04-09,3.1,7.2,HIGH,NETWORK,LOW,NONE,NONE,3.9,praison:praisonai,1
CVE-2026-40115,2026-04-09,3.1,6.2,MEDIUM,LOCAL,LOW,NONE,NONE,2.5,praison:praisonai,1
CVE-2026-40116,2026-04-09,3.1,7.5,HIGH,NETWORK,LOW,NONE,NONE,3.9,praison:praisonai,1
CVE-2026-40117,2026-04-09,3.1,6.2,MEDIUM,LOCAL,LOW,NONE,NONE,2.5,praison:praisonaiagents,1
CVE-2026-40148,2026-04-09,3.1,6.5,MEDIUM,NETWORK,LOW,NONE,REQUIRED,2.8,praison:praisonai,1
CVE-2026-40149,2026-04-09,3.1,7.9,HIGH,LOCAL,LOW,NONE,NONE,2.5,praison:praisonai,1
CVE-2026-40150,2026-04-09,3.1,7.7,HIGH,NETWORK,LOW,LOW,NONE,3.1,praison:praisonaiagents,1
CVE-2026-40151,2026-04-09,3.1,5.3,MEDIUM,NETWORK,LOW,NONE,NONE,3.9,praison:praisonai,1
CVE-2026-40152,2026-04-09,3.1,5.3,MEDIUM,NETWORK,LOW,NONE,NONE,3.9,praison:praisonaiagents,1
CVE-2026-40153,2026-04-09,3.1,7.4,HIGH,NETWORK,LOW,NONE,REQUIRED,2.8,praison:praisonaiagents,1
CVE-2026-40154,2026-04-09,3.1,9.3,CRITICAL,NETWORK,LOW,NONE,REQUIRED,2.8,praison:praisonai,1
CVE-2026-5263,2026-04-09,3.1,6.5,MEDIUM,NETWORK,LOW,HIGH,NONE,1.2,wolfssl:wolfssl,1
CVE-2026-5264,2026-04-09,3.1,9.8,CRITICAL,NETWORK,LOW,NONE,NONE,3.9,wolfssl:wolfssl,1
CVE-2026-5772,2026-04-09,3.1,5.3,MEDIUM,NETWORK,LOW,NONE,NONE,3.9,wolfssl:wolfssl,1
CVE-2026-5778,2026-04-09,3.1,6.5,MEDIUM,NETWORK,LOW,NONE,REQUIRED,2.8,wolfssl:wolfssl,1
CVE-2026-5981,2026-04-09,3.1,8.8,HIGH,NETWORK,LOW,LOW,NONE,2.8,dlink:dir-605l_firmware,1
CVE-2026-5982,2026-04-09,3.1,8.8,HIGH,NETWORK,LOW,LOW,NONE,2.8,dlink:dir-605l_firmware,1
CVE-2026-5983,2026-04-09,3.1,8.8,HIGH,NETWORK,LOW,LOW,NONE,2.8,dlink:dir-605l_firmware,1
CVE-2026-5984,2026-04-09,3.1,8.8,HIGH,NETWORK,LOW,LOW,NONE,2.8,dlink:dir-605l_firmware,1
CVE-2026-34424,2026-04-09,3.1,9.8,CRITICAL,NETWORK,LOW,NONE,NONE,3.9,,0
CVE-2026-5295,2026-04-09,3.1,8.0,HIGH,ADJACENT,LOW,NONE,REQUIRED,2.1,wolfssl:wolfssl,1
CVE-2026-5503,2026-04-09,3.1,9.1,CRITICAL,NETWORK,LOW,NONE,NONE,3.9,wolfssl:wolfssl,1
CVE-2026-5504,2026-04-09,3.1,5.3,MEDIUM,NETWORK,LOW,NONE,NONE,3.9,wolfssl:wolfssl,1
CVE-2026-5507,2026-04-09,3.1,4.0,MEDIUM,LOCAL,HIGH,HIGH,REQUIRED,0.3,wolfssl:wolfssl,1
CVE-2026-5985,2026-04-09,3.1,7.3,HIGH,NETWORK,LOW,NONE,NONE,3.9,,0
CVE-2026-5986,2026-04-09,3.1,5.3,MEDIUM,NETWORK,LOW,NONE,NONE,3.9,,0
CVE-2026-5987,2026-04-09,3.1,4.7,MEDIUM,NETWORK,LOW,HIGH,NONE,1.2,,0
CVE-2026-5988,2026-04-09,3.1,8.8,HIGH,NETWORK,LOW,LOW,NONE,2.8,tenda:f451_firmware,1
CVE-2026-5392,2026-04-10,3.1,5.4,MEDIUM,ADJACENT,LOW,NONE,NONE,2.8,wolfssl:wolfssl,1
CVE-2026-5393,2026-04-10,3.1,9.1,CRITICAL,NETWORK,LOW,NONE,NONE,3.9,wolfssl:wolfssl,1
CVE-2026-5448,2026-04-10,3.1,4.3,MEDIUM,ADJACENT,LOW,NONE,NONE,2.8,wolfssl:wolfssl,1
CVE-2026-5460,2026-04-10,3.1,6.5,MEDIUM,NETWORK,LOW,NONE,NONE,3.9,wolfssl:wolfssl,1
CVE-2026-5989,2026-04-10,3.1,8.8,HIGH,NETWORK,LOW,LOW,NONE,2.8,tenda:f451_firmware,1
CVE-2026-5990,2026-04-10,3.1,8.8,HIGH,NETWORK,LOW,LOW,NONE,2.8,tenda:f451_firmware,1
CVE-2026-5991,2026-04-10,3.1,8.8,HIGH,NETWORK,LOW,LOW,NONE,2.8,tenda:f451_firmware,1
CVE-2026-5992,2026-04-10,3.1,8.8,HIGH,NETWORK,LOW,LOW,NONE,2.8,tenda:f451_firmware,1
CVE-2026-5993,2026-04-10,3.1,9.8,CRITICAL,NETWORK,LOW,NONE,NONE,3.9,,0
CVE-2026-5994,2026-04-10,3.1,9.8,CRITICAL,NETWORK,LOW,NONE,NONE,3.9,,0
CVE-2026-5995,2026-04-10,3.1,9.8,CRITICAL,NETWORK,LOW,NONE,NONE,3.9,,0
CVE-2026-1263,2026-04-10,3.1,6.4,MEDIUM,NETWORK,LOW,LOW,NONE,3.1,,0
CVE-2026-1924,2026-04-10,3.1,4.3,MEDIUM,NETWORK,LOW,NONE,REQUIRED,2.8,,0
CVE-2026-25203,2026-04-10,3.1,7.8,HIGH,LOCAL,LOW,LOW,NONE,1.8,,0
CVE-2026-2712,2026-04-10,3.1,5.4,MEDIUM,NETWORK,LOW,LOW,NONE,2.8,,0
CVE-2026-3360,2026-04-10,3.1,7.5,HIGH,NETWORK,LOW,NONE,NONE,3.9,,0
CVE-2026-4057,2026-04-10,3.1,4.3,MEDIUM,NETWORK,LOW,LOW,NONE,2.8,,0
CVE-2026-4305,2026-04-10,3.1,6.1,MEDIUM,NETWORK,LOW,NONE,REQUIRED,2.8,,0
CVE-2026-4351,2026-04-10,3.1,8.1,HIGH,NETWORK,LOW,LOW,NONE,2.8,,0
CVE-2026-4664,2026-04-10,3.1,5.3,MEDIUM,NETWORK,LOW,NONE,NONE,3.9,,0
CVE-2026-4977,2026-04-10,3.1,4.3,MEDIUM,NETWORK,LOW,LOW,NONE,2.8,,0
CVE-2026-5996,2026-04-10,3.1,9.8,CRITICAL,NETWORK,LOW,NONE,NONE,3.9,,0
CVE-2026-5997,2026-04-10,3.1,9.8,CRITICAL,NETWORK,LOW,NONE,NONE,3.9,,0
CVE-2026-5998,2026-04-10,3.1,5.3,MEDIUM,NETWORK,LOW,NONE,NONE,3.9,,0
CVE-2026-33551,2026-04-10,3.1,3.5,LOW,NETWORK,HIGH,LOW,NONE,1.8,openstack:keystone,1
CVE-2026-5999,2026-04-10,3.1,6.3,MEDIUM,NETWORK,LOW,LOW,NONE,2.8,,0
CVE-2026-6000,2026-04-10,3.1,4.3,MEDIUM,NETWORK,LOW,NONE,REQUIRED,2.8,,0
CVE-2026-6003,2026-04-10,3.1,2.4,LOW,NETWORK,LOW,HIGH,REQUIRED,0.9,,0
CVE-2026-6004,2026-04-10,3.1,7.3,HIGH,NETWORK,LOW,NONE,NONE,3.9,,0
CVE-2026-2305,2026-04-10,3.1,6.4,MEDIUM,NETWORK,LOW,LOW,NONE,3.1,,0
CVE-2026-5188,2026-04-10,3.1,8.1,HIGH,NETWORK,LOW,NONE,REQUIRED,2.8,wolfssl:wolfssl,1
CVE-2026-5466,2026-04-10,3.1,8.1,HIGH,ADJACENT,LOW,NONE,NONE,2.8,wolfssl:wolfssl,1
CVE-2026-5479,2026-04-10,3.1,8.1,HIGH,ADJACENT,LOW,NONE,NONE,2.8,wolfssl:wolfssl,1
CVE-2026-5500,2026-04-10,3.1,5.9,MEDIUM,NETWORK,HIGH,NONE,NONE,2.2,wolfssl:wolfssl,1
CVE-2026-5501,2026-04-10,3.1,8.1,HIGH,NETWORK,LOW,LOW,NONE,2.8,wolfssl:wolfssl,1
CVE-2026-6005,2026-04-10,3.1,6.3,MEDIUM,NETWORK,LOW,LOW,NONE,2.8,,0
CVE-2026-6006,2026-04-10,3.1,6.3,MEDIUM,NETWORK,LOW,LOW,NONE,2.8,,0
CVE-2026-6007,2026-04-10,3.1,6.3,MEDIUM,NETWORK,LOW,LOW,NONE,2.8,,0
CVE-2026-6010,2026-04-10,3.1,6.3,MEDIUM,NETWORK,LOW,LOW,NONE,2.8,,0
CVE-2026-4482,2026-04-10,3.1,5.5,MEDIUM,LOCAL,LOW,LOW,NONE,1.8,rapid7:insight_agent,1
CVE-2026-6011,2026-04-10,3.1,5.6,MEDIUM,NETWORK,HIGH,NONE,NONE,2.2,openclaw:openclaw,1
CVE-2026-6012,2026-04-10,3.1,8.8,HIGH,NETWORK,LOW,LOW,NONE,2.8,dlink:dir-513_firmware,1
CVE-2026-6013,2026-04-10,3.1,8.8,HIGH,NETWORK,LOW,LOW,NONE,2.8,dlink:dir-513_firmware,1
CVE-2026-6014,2026-04-10,3.1,8.8,HIGH,NETWORK,LOW,LOW,NONE,2.8,dlink:dir-513_firmware,1
CVE-2026-5477,2026-04-10,3.1,7.5,HIGH,NETWORK,LOW,NONE,NONE,3.9,wolfssl:wolfssl,1
CVE-2026-6015,2026-04-10,3.1,8.8,HIGH,NETWORK,LOW,LOW,NONE,2.8,tenda:ac9_firmware,1
CVE-2026-6016,2026-04-10,3.1,8.8,HIGH,NETWORK,LOW,LOW,NONE,2.8,tenda:ac9_firmware,1
CVE-2026-6024,2026-04-10,3.1,7.3,HIGH,NETWORK,LOW,NONE,NONE,3.9,tenda:i6_firmware,1
CVE-2026-6025,2026-04-10,3.1,9.8,CRITICAL,NETWORK,LOW,NONE,NONE,3.9,,0
CVE-2025-14545,2026-04-10,3.1,6.5,MEDIUM,NETWORK,LOW,NONE,NONE,3.9,,0
CVE-2026-1115,2026-04-10,3.0,9.6,CRITICAL,NETWORK,LOW,NONE,REQUIRED,2.8,lollms:lollms,1
CVE-2026-28704,2026-04-10,3.0,7.8,HIGH,LOCAL,LOW,NONE,REQUIRED,1.8,jpcert:emocheck,1
CVE-2026-4432,2026-04-10,3.1,6.5,MEDIUM,NETWORK,LOW,NONE,NONE,3.9,,0
CVE-2026-6026,2026-04-10,3.1,9.8,CRITICAL,NETWORK,LOW,NONE,NONE,3.9,,0
CVE-2026-6027,2026-04-10,3.1,9.8,CRITICAL,NETWORK,LOW,NONE,NONE,3.9,,0
CVE-2026-6028,2026-04-10,3.1,9.8,CRITICAL,NETWORK,LOW,NONE,NONE,3.9,,0
CVE-2026-6029,2026-04-10,3.1,9.8,CRITICAL,NETWORK,LOW,NONE,NONE,3.9,,0
CVE-2026-6030,2026-04-10,3.1,6.3,MEDIUM,NETWORK,LOW,LOW,NONE,2.8,,0
CVE-2026-22750,2026-04-10,3.1,7.5,HIGH,NETWORK,LOW,NONE,NONE,3.9,vmware:spring_cloud_gateway,1
CVE-2026-40212,2026-04-10,3.1,5.4,MEDIUM,NETWORK,LOW,LOW,REQUIRED,2.3,,0
CVE-2026-5525,2026-04-10,3.1,6.0,MEDIUM,LOCAL,HIGH,LOW,REQUIRED,0.8,notepad-plus-plus:notepad\+\+,1
CVE-2026-6031,2026-04-10,3.1,7.3,HIGH,NETWORK,LOW,NONE,NONE,3.9,,0
CVE-2026-6032,2026-04-10,3.1,4.3,MEDIUM,NETWORK,LOW,NONE,REQUIRED,2.8,,0
CVE-2026-6033,2026-04-10,3.1,6.3,MEDIUM,NETWORK,LOW,LOW,NONE,2.8,,0
CVE-2026-6034,2026-04-10,3.1,4.3,MEDIUM,NETWORK,LOW,NONE,REQUIRED,2.8,,0
CVE-2026-6035,2026-04-10,3.1,4.3,MEDIUM,NETWORK,LOW,NONE,REQUIRED,2.8,,0
CVE-2026-33455,2026-04-10,3.1,6.3,MEDIUM,NETWORK,LOW,LOW,NONE,2.8,checkmk:checkmk,1
CVE-2026-33456,2026-04-10,3.1,7.6,HIGH,NETWORK,LOW,LOW,NONE,2.8,checkmk:checkmk,1
CVE-2026-33457,2026-04-10,3.1,6.3,MEDIUM,NETWORK,LOW,LOW,NONE,2.8,checkmk:checkmk,1
CVE-2026-6036,2026-04-10,3.1,7.3,HIGH,NETWORK,LOW,NONE,NONE,3.9,,0
CVE-2026-6037,2026-04-10,3.1,7.3,HIGH,NETWORK,LOW,NONE,NONE,3.9,,0
CVE-2026-6038,2026-04-10,3.1,7.3,HIGH,NETWORK,LOW,NONE,NONE,3.9,,0
CVE-2026-6042,2026-04-10,3.1,3.3,LOW,LOCAL,LOW,LOW,NONE,1.8,,0
CVE-2021-47960,2026-04-10,3.1,6.5,MEDIUM,NETWORK,LOW,NONE,REQUIRED,2.8,synology:ssl_vpn_client,1
CVE-2021-47961,2026-04-10,3.1,8.1,HIGH,NETWORK,LOW,NONE,REQUIRED,2.8,synology:ssl_vpn_client,1
CVE-2026-4162,2026-04-10,3.1,7.1,HIGH,NETWORK,LOW,LOW,NONE,2.8,,0
CVE-2026-6057,2026-04-10,3.1,9.8,CRITICAL,NETWORK,LOW,NONE,NONE,3.9,,0
CVE-2026-31412,2026-04-10,3.1,5.5,MEDIUM,LOCAL,LOW,LOW,NONE,1.8,linux:linux_kernel,1
CVE-2026-39304,2026-04-10,3.1,7.5,HIGH,NETWORK,LOW,NONE,NONE,3.9,apache:activemq|apache:activemq_broker,2
CVE-2026-5412,2026-04-10,3.1,9.9,CRITICAL,NETWORK,LOW,LOW,NONE,3.1,canonical:juju,1
CVE-2026-5774,2026-04-10,3.1,6.4,MEDIUM,NETWORK,HIGH,LOW,NONE,1.6,canonical:juju,1
CVE-2025-58913,2026-04-10,3.1,8.1,HIGH,NETWORK,HIGH,NONE,NONE,2.2,,0
CVE-2025-58920,2026-04-10,3.1,7.1,HIGH,NETWORK,LOW,NONE,REQUIRED,2.8,,0
CVE-2025-5804,2026-04-10,3.1,7.5,HIGH,NETWORK,HIGH,NONE,REQUIRED,1.6,,0
CVE-2026-33092,2026-04-10,3.0,7.8,HIGH,LOCAL,LOW,LOW,NONE,1.8,,0
CVE-2026-40217,2026-04-10,3.1,8.8,HIGH,NETWORK,LOW,LOW,NONE,2.8,litellm:litellm,1
CVE-2026-6067,2026-04-10,3.1,5.5,MEDIUM,LOCAL,LOW,NONE,REQUIRED,1.8,nasm:netwide_assembler,1
CVE-2026-6068,2026-04-10,3.1,9.6,CRITICAL,NETWORK,LOW,NONE,REQUIRED,2.8,nasm:netwide_assembler,1
CVE-2026-6069,2026-04-10,3.1,7.5,HIGH,NETWORK,LOW,NONE,NONE,3.9,nasm:netwide_assembler,1
CVE-2025-44560,2026-04-10,3.1,9.8,CRITICAL,NETWORK,LOW,NONE,NONE,3.9,,0
CVE-2026-23780,2026-04-10,3.1,8.8,HIGH,NETWORK,LOW,LOW,NONE,2.8,bmc:control-m\/managed_file_transfer,1
CVE-2026-23782,2026-04-10,3.1,7.5,HIGH,NETWORK,LOW,NONE,NONE,3.9,bmc:control-m\/managed_file_transfer,1
CVE-2026-29861,2026-04-10,3.1,9.8,CRITICAL,NETWORK,LOW,NONE,NONE,3.9,,0
CVE-2026-31262,2026-04-10,3.1,6.1,MEDIUM,NETWORK,LOW,NONE,REQUIRED,2.8,altenar:sportsbook,1
CVE-2026-36232,2026-04-10,3.1,9.8,CRITICAL,NETWORK,LOW,NONE,NONE,3.9,itsourcecode:online_student_enrollment_system,1
CVE-2026-36233,2026-04-10,3.1,9.8,CRITICAL,NETWORK,LOW,NONE,NONE,3.9,itsourcecode:online_student_enrollment_system,1
CVE-2026-36234,2026-04-10,3.1,9.8,CRITICAL,NETWORK,LOW,NONE,NONE,3.9,itsourcecode:online_student_enrollment_system,1
CVE-2026-36235,2026-04-10,3.1,9.8,CRITICAL,NETWORK,LOW,NONE,NONE,3.9,itsourcecode:online_student_enrollment_system,1
CVE-2026-36236,2026-04-10,3.1,9.8,CRITICAL,NETWORK,LOW,NONE,NONE,3.9,janobe:engineers_online_portal,1
CVE-2026-23781,2026-04-10,3.1,9.8,CRITICAL,NETWORK,LOW,NONE,NONE,3.9,bmc:control-m\/managed_file_transfer,1
CVE-2026-29002,2026-04-10,3.1,7.2,HIGH,NETWORK,LOW,HIGH,NONE,1.2,couchcms:couchcms,1
CVE-2026-29043,2026-04-10,3.1,5.5,MEDIUM,LOCAL,LOW,NONE,REQUIRED,1.8,hdfgroup:hdf5,1
CVE-2026-34477,2026-04-10,3.1,5.9,MEDIUM,NETWORK,HIGH,NONE,NONE,2.2,apache:log4j,1
CVE-2026-34478,2026-04-10,3.1,7.5,HIGH,NETWORK,LOW,NONE,NONE,3.9,apache:log4j,1
CVE-2026-34479,2026-04-10,3.1,7.5,HIGH,NETWORK,LOW,NONE,NONE,3.9,apache:log4j,1
CVE-2026-34480,2026-04-10,3.1,7.5,HIGH,NETWORK,LOW,NONE,NONE,3.9,apache:log4j,1
CVE-2026-34481,2026-04-10,3.1,7.5,HIGH,NETWORK,LOW,NONE,NONE,3.9,apache:log4j,1
CVE-2026-34727,2026-04-10,3.1,7.4,HIGH,NETWORK,HIGH,NONE,NONE,2.2,vikunja:vikunja,1
CVE-2026-35594,2026-04-10,3.1,6.5,MEDIUM,NETWORK,LOW,NONE,NONE,3.9,vikunja:vikunja,1
CVE-2026-40021,2026-04-10,3.1,5.3,MEDIUM,NETWORK,LOW,NONE,NONE,3.9,apache:log4net,1
CVE-2026-40023,2026-04-10,3.1,5.3,MEDIUM,NETWORK,LOW,NONE,NONE,3.9,apache:log4cxx,1
CVE-2026-40223,2026-04-10,3.1,4.7,MEDIUM,LOCAL,HIGH,LOW,NONE,1.0,systemd_project:systemd,1
CVE-2026-40224,2026-04-10,3.1,6.7,MEDIUM,LOCAL,HIGH,LOW,REQUIRED,0.8,systemd_project:systemd,1
CVE-2026-40225,2026-04-10,3.1,6.4,MEDIUM,PHYSICAL,HIGH,NONE,NONE,0.5,systemd_project:systemd,1
CVE-2026-40226,2026-04-10,3.1,6.4,MEDIUM,LOCAL,HIGH,HIGH,NONE,0.5,systemd_project:systemd,1
CVE-2026-40227,2026-04-10,3.1,6.2,MEDIUM,LOCAL,LOW,NONE,NONE,2.5,systemd_project:systemd,1
CVE-2026-40228,2026-04-10,3.1,2.9,LOW,LOCAL,HIGH,NONE,NONE,1.4,systemd_project:systemd,1
CVE-2026-22560,2026-04-10,3.1,5.3,MEDIUM,NETWORK,LOW,NONE,NONE,3.9,rocket.chat:rocket.chat,1
CVE-2026-35595,2026-04-10,3.1,8.3,HIGH,NETWORK,LOW,LOW,NONE,2.8,vikunja:vikunja,1
CVE-2026-35596,2026-04-10,3.1,4.3,MEDIUM,NETWORK,LOW,LOW,NONE,2.8,vikunja:vikunja,1
CVE-2026-35597,2026-04-10,3.1,5.9,MEDIUM,NETWORK,HIGH,NONE,NONE,2.2,vikunja:vikunja,1
CVE-2026-35598,2026-04-10,3.1,4.3,MEDIUM,NETWORK,LOW,LOW,NONE,2.8,vikunja:vikunja,1
CVE-2026-35599,2026-04-10,3.1,6.5,MEDIUM,NETWORK,LOW,LOW,NONE,2.8,vikunja:vikunja,1
CVE-2026-35600,2026-04-10,3.1,5.4,MEDIUM,NETWORK,LOW,LOW,REQUIRED,2.3,vikunja:vikunja,1
CVE-2026-35601,2026-04-10,3.1,4.1,MEDIUM,NETWORK,LOW,LOW,REQUIRED,2.3,vikunja:vikunja,1
CVE-2026-35602,2026-04-10,3.1,5.4,MEDIUM,NETWORK,LOW,LOW,NONE,2.8,vikunja:vikunja,1
CVE-2026-35619,2026-04-10,3.1,4.3,MEDIUM,NETWORK,LOW,LOW,NONE,2.8,openclaw:openclaw,1
CVE-2026-35620,2026-04-10,3.1,5.4,MEDIUM,NETWORK,LOW,LOW,NONE,2.8,openclaw:openclaw,1
CVE-2026-35621,2026-04-10,3.1,6.5,MEDIUM,NETWORK,LOW,LOW,NONE,2.8,openclaw:openclaw,1
CVE-2026-35641,2026-04-10,3.1,7.8,HIGH,LOCAL,LOW,NONE,REQUIRED,1.8,openclaw:openclaw,1
CVE-2026-35643,2026-04-10,3.1,8.8,HIGH,NETWORK,LOW,NONE,REQUIRED,2.8,openclaw:openclaw,1
CVE-2026-35647,2026-04-10,3.1,5.3,MEDIUM,NETWORK,LOW,NONE,NONE,3.9,openclaw:openclaw,1
CVE-2026-35648,2026-04-10,3.1,3.7,LOW,NETWORK,HIGH,NONE,NONE,2.2,openclaw:openclaw,1
CVE-2026-35649,2026-04-10,3.1,6.5,MEDIUM,NETWORK,LOW,NONE,NONE,3.9,openclaw:openclaw,1
CVE-2026-35650,2026-04-10,3.1,7.5,HIGH,NETWORK,HIGH,LOW,NONE,1.6,openclaw:openclaw,1
CVE-2026-35651,2026-04-10,3.1,4.3,MEDIUM,NETWORK,LOW,NONE,REQUIRED,2.8,openclaw:openclaw,1
CVE-2026-35652,2026-04-10,3.1,6.5,MEDIUM,NETWORK,LOW,NONE,NONE,3.9,openclaw:openclaw,1
CVE-2026-35653,2026-04-10,3.1,8.1,HIGH,NETWORK,LOW,LOW,NONE,2.8,openclaw:openclaw,1
CVE-2026-35654,2026-04-10,3.1,5.3,MEDIUM,NETWORK,LOW,NONE,NONE,3.9,openclaw:openclaw,1
CVE-2026-35655,2026-04-10,3.1,5.7,MEDIUM,NETWORK,LOW,LOW,REQUIRED,2.1,openclaw:openclaw,1
CVE-2026-35656,2026-04-10,3.1,6.5,MEDIUM,NETWORK,LOW,NONE,NONE,3.9,openclaw:openclaw,1
CVE-2026-35657,2026-04-10,3.1,6.5,MEDIUM,NETWORK,LOW,LOW,NONE,2.8,openclaw:openclaw,1
CVE-2026-35658,2026-04-10,3.1,6.5,MEDIUM,NETWORK,LOW,LOW,NONE,2.8,openclaw:openclaw,1
CVE-2026-35659,2026-04-10,3.1,4.6,MEDIUM,ADJACENT,LOW,NONE,REQUIRED,2.1,openclaw:openclaw,1
CVE-2026-35660,2026-04-10,3.1,8.1,HIGH,NETWORK,LOW,LOW,NONE,2.8,openclaw:openclaw,1
CVE-2026-35661,2026-04-10,3.1,5.3,MEDIUM,NETWORK,LOW,NONE,NONE,3.9,openclaw:openclaw,1
CVE-2026-35662,2026-04-10,3.1,4.3,MEDIUM,NETWORK,LOW,LOW,NONE,2.8,openclaw:openclaw,1
CVE-2026-35663,2026-04-10,3.1,8.8,HIGH,NETWORK,LOW,LOW,NONE,2.8,openclaw:openclaw,1
CVE-2026-35664,2026-04-10,3.1,5.3,MEDIUM,NETWORK,LOW,NONE,NONE,3.9,openclaw:openclaw,1
CVE-2026-35665,2026-04-10,3.1,5.3,MEDIUM,NETWORK,LOW,NONE,NONE,3.9,openclaw:openclaw,1
CVE-2026-35666,2026-04-10,3.1,8.8,HIGH,NETWORK,LOW,LOW,NONE,2.8,openclaw:openclaw,1
CVE-2026-35667,2026-04-10,3.1,6.1,MEDIUM,LOCAL,LOW,LOW,NONE,1.8,openclaw:openclaw,1
CVE-2026-35668,2026-04-10,3.1,7.7,HIGH,NETWORK,LOW,LOW,NONE,3.1,openclaw:openclaw,1
CVE-2026-35669,2026-04-10,3.1,8.8,HIGH,NETWORK,LOW,LOW,NONE,2.8,openclaw:openclaw,1
CVE-2026-35670,2026-04-10,3.1,5.9,MEDIUM,NETWORK,HIGH,LOW,NONE,1.6,openclaw:openclaw,1
CVE-2026-40073,2026-04-10,3.1,7.5,HIGH,NETWORK,LOW,NONE,NONE,3.9,svelte:kit,1
CVE-2026-40074,2026-04-10,3.1,7.5,HIGH,NETWORK,LOW,NONE,NONE,3.9,svelte:kit,1
CVE-2026-40086,2026-04-10,3.1,5.3,MEDIUM,NETWORK,LOW,NONE,NONE,3.9,danielgatis:rembg,1
CVE-2026-40097,2026-04-10,3.1,3.7,LOW,NETWORK,HIGH,NONE,NONE,2.2,smallstep:step-ca,1
CVE-2026-40100,2026-04-10,3.1,5.3,MEDIUM,NETWORK,LOW,NONE,NONE,3.9,fastgpt:fastgpt,1
CVE-2026-40103,2026-04-10,3.1,4.3,MEDIUM,NETWORK,LOW,LOW,NONE,2.8,vikunja:vikunja,1
CVE-2026-40156,2026-04-10,3.1,7.8,HIGH,LOCAL,LOW,NONE,REQUIRED,1.8,praison:praisonai,1
CVE-2026-40157,2026-04-10,3.1,8.8,HIGH,NETWORK,LOW,NONE,REQUIRED,2.8,praison:praisonai,1
CVE-2026-40158,2026-04-10,3.1,8.6,HIGH,LOCAL,LOW,NONE,REQUIRED,1.8,praison:praisonai,1
CVE-2026-40159,2026-04-10,3.1,5.5,MEDIUM,LOCAL,LOW,NONE,REQUIRED,1.8,praison:praisonai,1
CVE-2026-40160,2026-04-10,3.1,6.5,MEDIUM,NETWORK,LOW,NONE,REQUIRED,2.8,praison:praisonaiagents,1
CVE-2026-40200,2026-04-10,3.1,8.1,HIGH,LOCAL,HIGH,NONE,NONE,1.4,,0
CVE-2025-66447,2026-04-10,3.1,0.0,NONE,NETWORK,LOW,NONE,NONE,3.9,chamilo:chamilo_lms,1
CVE-2026-31939,2026-04-10,3.1,8.3,HIGH,NETWORK,LOW,LOW,NONE,2.8,chamilo:chamilo_lms,1
CVE-2026-31940,2026-04-10,3.1,7.5,HIGH,NETWORK,HIGH,NONE,REQUIRED,1.6,chamilo:chamilo_lms,1
CVE-2026-31941,2026-04-10,3.1,7.7,HIGH,NETWORK,LOW,LOW,NONE,3.1,chamilo:chamilo_lms,1
CVE-2026-32892,2026-04-10,3.1,9.1,CRITICAL,NETWORK,LOW,HIGH,NONE,2.3,chamilo:chamilo_lms,1
CVE-2026-32893,2026-04-10,3.1,5.4,MEDIUM,NETWORK,LOW,LOW,REQUIRED,2.3,chamilo:chamilo_lms,1
CVE-2026-32894,2026-04-10,3.1,7.1,HIGH,NETWORK,LOW,LOW,NONE,2.8,chamilo:chamilo_lms,1
CVE-2026-32930,2026-04-10,3.1,7.1,HIGH,NETWORK,LOW,LOW,NONE,2.8,chamilo:chamilo_lms,1
CVE-2026-32931,2026-04-10,3.1,7.5,HIGH,NETWORK,HIGH,LOW,NONE,1.6,chamilo:chamilo_lms,1
CVE-2026-32932,2026-04-10,3.1,4.7,MEDIUM,NETWORK,LOW,NONE,REQUIRED,2.8,chamilo:chamilo_lms,1
CVE-2026-33141,2026-04-10,3.1,6.5,MEDIUM,NETWORK,LOW,LOW,NONE,2.8,chamilo:chamilo_lms,1
CVE-2026-40162,2026-04-10,3.1,7.1,HIGH,NETWORK,LOW,LOW,NONE,2.8,bugsink:bugsink,1
CVE-2026-40163,2026-04-10,3.1,8.2,HIGH,NETWORK,LOW,NONE,NONE,3.9,saltcorn:saltcorn,1
CVE-2026-5483,2026-04-10,3.1,8.5,HIGH,NETWORK,HIGH,LOW,NONE,1.8,redhat:openshift_ai,1
CVE-2026-27460,2026-04-10,3.1,6.5,MEDIUM,NETWORK,LOW,LOW,NONE,2.8,tandoor:recipes,1
CVE-2026-33618,2026-04-10,3.1,8.8,HIGH,NETWORK,LOW,LOW,NONE,2.8,chamilo:chamilo_lms,1
CVE-2026-33698,2026-04-10,3.1,9.8,CRITICAL,NETWORK,LOW,NONE,NONE,3.9,chamilo:chamilo_lms,1
CVE-2026-33702,2026-04-10,3.1,7.1,HIGH,NETWORK,LOW,LOW,NONE,2.8,chamilo:chamilo_lms,1
CVE-2026-33703,2026-04-10,3.1,6.5,MEDIUM,NETWORK,LOW,LOW,NONE,2.8,chamilo:chamilo_lms,1
CVE-2026-33704,2026-04-10,3.1,7.1,HIGH,NETWORK,LOW,LOW,NONE,2.8,chamilo:chamilo_lms,1
CVE-2026-33705,2026-04-10,3.1,5.3,MEDIUM,NETWORK,LOW,NONE,NONE,3.9,chamilo:chamilo_lms,1
CVE-2026-33706,2026-04-10,3.1,7.1,HIGH,NETWORK,LOW,LOW,NONE,2.8,chamilo:chamilo_lms,1
CVE-2026-33707,2026-04-10,3.1,9.4,CRITICAL,NETWORK,LOW,NONE,NONE,3.9,chamilo:chamilo_lms,1
CVE-2026-33708,2026-04-10,3.1,6.5,MEDIUM,NETWORK,LOW,LOW,NONE,2.8,chamilo:chamilo_lms,1
CVE-2026-33710,2026-04-10,3.1,7.5,HIGH,NETWORK,LOW,NONE,NONE,3.9,chamilo:chamilo_lms,1
CVE-2026-33736,2026-04-10,3.1,6.5,MEDIUM,NETWORK,LOW,LOW,NONE,2.8,chamilo:chamilo_lms,1
CVE-2026-33737,2026-04-10,3.1,5.3,MEDIUM,NETWORK,HIGH,LOW,NONE,1.6,chamilo:chamilo_lms,1
CVE-2026-30232,2026-04-10,3.1,9.6,CRITICAL,NETWORK,LOW,LOW,NONE,3.1,depomo:chartbrew,1
CVE-2026-32252,2026-04-10,3.1,7.7,HIGH,NETWORK,LOW,LOW,NONE,3.1,depomo:chartbrew,1
CVE-2026-39921,2026-04-10,3.1,6.3,MEDIUM,NETWORK,LOW,LOW,NONE,2.8,geosolutionsgroup:geonode,1
CVE-2026-39922,2026-04-10,3.1,6.3,MEDIUM,NETWORK,LOW,LOW,NONE,2.8,geosolutionsgroup:geonode,1
CVE-2026-40168,2026-04-10,3.1,8.2,HIGH,NETWORK,LOW,NONE,NONE,3.9,gitroom:postiz,1
CVE-2026-40175,2026-04-10,3.1,4.8,MEDIUM,NETWORK,HIGH,NONE,NONE,2.2,axios:axios,1
CVE-2026-40177,2026-04-10,3.1,7.5,HIGH,NETWORK,LOW,NONE,NONE,3.9,ajenti:ajenti_plugin_core,1
CVE-2026-40178,2026-04-10,3.1,5.9,MEDIUM,NETWORK,HIGH,NONE,NONE,2.2,ajenti:ajenti_plugin_core,1
CVE-2026-40180,2026-04-10,3.1,7.5,HIGH,NETWORK,LOW,NONE,NONE,3.9,quarkiverse:quarkus_openapi_generator,1
CVE-2026-40184,2026-04-10,3.1,3.7,LOW,NETWORK,HIGH,NONE,NONE,2.2,mauriceboe:trek,1
CVE-2026-40185,2026-04-10,3.1,7.1,HIGH,NETWORK,LOW,LOW,NONE,2.8,mauriceboe:trek,1
CVE-2026-40188,2026-04-10,3.1,7.7,HIGH,NETWORK,LOW,LOW,NONE,3.1,goshs:goshs,1
CVE-2026-40189,2026-04-10,3.1,9.8,CRITICAL,NETWORK,LOW,NONE,NONE,3.9,goshs:goshs,1
CVE-2026-40190,2026-04-10,3.1,5.6,MEDIUM,NETWORK,HIGH,NONE,NONE,2.2,langchain:langsmith,1
CVE-2026-40194,2026-04-10,3.1,3.7,LOW,NETWORK,HIGH,NONE,NONE,2.2,phpseclib:phpseclib,1
CVE-2026-40242,2026-04-10,3.1,7.2,HIGH,NETWORK,LOW,NONE,NONE,3.9,getarcane:arcane,1
CVE-2026-40252,2026-04-10,3.1,8.1,HIGH,NETWORK,LOW,LOW,NONE,2.8,fastgpt:fastgpt,1
CVE-2026-33118,2026-04-10,3.1,4.3,MEDIUM,NETWORK,LOW,NONE,REQUIRED,2.8,microsoft:edge_chromium,1
CVE-2026-33119,2026-04-10,3.1,5.4,MEDIUM,NETWORK,LOW,NONE,REQUIRED,2.8,microsoft:edge,1
CVE-2026-40198,2026-04-10,3.1,7.5,HIGH,NETWORK,LOW,NONE,NONE,3.9,stigtsp:net\,1
CVE-2026-40199,2026-04-10,3.1,6.5,MEDIUM,NETWORK,LOW,NONE,NONE,3.9,stigtsp:net\,1
CVE-2026-3689,2026-04-11,3.0,6.5,MEDIUM,NETWORK,LOW,LOW,NONE,2.8,openclaw:openclaw,1
CVE-2026-3690,2026-04-11,3.0,7.4,HIGH,NETWORK,HIGH,NONE,NONE,2.2,openclaw:openclaw,1
CVE-2026-3691,2026-04-11,3.0,5.3,MEDIUM,NETWORK,HIGH,NONE,REQUIRED,1.6,openclaw:openclaw,1
CVE-2026-40354,2026-04-11,3.1,2.9,LOW,LOCAL,HIGH,NONE,NONE,1.4,flatpak:xdg-desktop-portal,1
CVE-2026-4149,2026-04-11,3.1,9.8,CRITICAL,NETWORK,LOW,NONE,NONE,3.9,sonos:era_300_firmware,1
CVE-2026-4150,2026-04-11,3.1,7.8,HIGH,LOCAL,LOW,NONE,REQUIRED,1.8,gimp:gimp,1
CVE-2026-4151,2026-04-11,3.1,7.8,HIGH,LOCAL,LOW,NONE,REQUIRED,1.8,gimp:gimp,1
CVE-2026-4152,2026-04-11,3.1,7.8,HIGH,LOCAL,LOW,NONE,REQUIRED,1.8,gimp:gimp,1
CVE-2026-4153,2026-04-11,3.1,7.8,HIGH,LOCAL,LOW,NONE,REQUIRED,1.8,gimp:gimp,1
CVE-2026-4154,2026-04-11,3.1,7.8,HIGH,LOCAL,LOW,NONE,REQUIRED,1.8,gimp:gimp,1
CVE-2026-4155,2026-04-11,3.0,7.5,HIGH,NETWORK,LOW,NONE,NONE,3.9,chargepoint:home_flex_cph50_firmware,1
CVE-2026-4156,2026-04-11,3.0,7.5,HIGH,ADJACENT,HIGH,NONE,NONE,1.6,chargepoint:home_flex_cph50_firmware,1
CVE-2026-4157,2026-04-11,3.0,7.5,HIGH,ADJACENT,HIGH,NONE,NONE,1.6,chargepoint:home_flex_cph50_firmware,1
CVE-2026-4158,2026-04-11,3.0,7.3,HIGH,LOCAL,LOW,LOW,REQUIRED,1.3,,0
CVE-2026-5053,2026-04-11,3.0,7.1,HIGH,LOCAL,LOW,LOW,NONE,1.8,nomachine:nomachine,1
CVE-2026-5054,2026-04-11,3.0,7.8,HIGH,LOCAL,LOW,LOW,NONE,1.8,nomachine:nomachine,1
CVE-2026-5055,2026-04-11,3.0,7.8,HIGH,LOCAL,LOW,LOW,NONE,1.8,nomachine:nomachine,1
CVE-2026-5058,2026-04-11,3.0,9.8,CRITICAL,NETWORK,LOW,NONE,NONE,3.9,,0
CVE-2026-5059,2026-04-11,3.0,9.8,CRITICAL,NETWORK,LOW,NONE,NONE,3.9,,0
CVE-2026-5493,2026-04-11,3.0,7.8,HIGH,LOCAL,LOW,NONE,REQUIRED,1.8,labcenter:proteus,1
CVE-2026-5494,2026-04-11,3.0,7.8,HIGH,LOCAL,LOW,NONE,REQUIRED,1.8,labcenter:proteus,1
CVE-2026-5495,2026-04-11,3.0,7.8,HIGH,LOCAL,LOW,NONE,REQUIRED,1.8,labcenter:proteus,1
CVE-2026-5496,2026-04-11,3.0,7.8,HIGH,LOCAL,LOW,NONE,REQUIRED,1.8,labcenter:proteus,1
CVE-2026-3358,2026-04-11,3.1,5.4,MEDIUM,NETWORK,LOW,LOW,NONE,2.8,,0
CVE-2026-3371,2026-04-11,3.1,4.3,MEDIUM,NETWORK,LOW,LOW,NONE,2.8,,0
CVE-2026-3498,2026-04-11,3.1,6.4,MEDIUM,NETWORK,LOW,LOW,NONE,3.1,,0
CVE-2026-4895,2026-04-11,3.1,6.4,MEDIUM,NETWORK,LOW,LOW,NONE,3.1,,0
CVE-2026-4979,2026-04-11,3.1,5.0,MEDIUM,NETWORK,LOW,LOW,NONE,3.1,,0
CVE-2026-5144,2026-04-11,3.1,8.8,HIGH,NETWORK,LOW,LOW,NONE,2.8,,0
CVE-2026-5207,2026-04-11,3.1,6.5,MEDIUM,NETWORK,LOW,LOW,NONE,2.8,,0
CVE-2026-5217,2026-04-11,3.1,7.2,HIGH,NETWORK,LOW,NONE,NONE,3.9,,0
CVE-2026-5226,2026-04-11,3.1,6.1,MEDIUM,NETWORK,LOW,NONE,REQUIRED,2.8,,0
CVE-2026-34621,2026-04-11,3.1,8.6,HIGH,LOCAL,LOW,NONE,REQUIRED,1.8,adobe:acrobat_dc|adobe:acrobat_reader_dc|adobe:acrobat,3
CVE-2026-5809,2026-04-11,3.1,7.1,HIGH,NETWORK,LOW,LOW,NONE,2.8,,0
CVE-2026-23900,2026-04-11,3.1,6.5,MEDIUM,NETWORK,LOW,NONE,NONE,3.9,phoca:maps,1
CVE-2026-32146,2026-04-11,3.1,7.8,HIGH,LOCAL,LOW,NONE,REQUIRED,1.8,lpil:gleam,1
CVE-2026-31845,2026-04-11,3.1,9.3,CRITICAL,NETWORK,LOW,NONE,REQUIRED,2.8,,0
CVE-2026-6105,2026-04-11,3.1,7.3,HIGH,NETWORK,LOW,NONE,NONE,3.9,,0
CVE-2026-6106,2026-04-11,3.1,3.5,LOW,NETWORK,LOW,LOW,REQUIRED,2.1,,0
CVE-2026-6107,2026-04-12,3.1,3.5,LOW,NETWORK,LOW,LOW,REQUIRED,2.1,,0
CVE-2026-6108,2026-04-12,3.1,6.3,MEDIUM,NETWORK,LOW,LOW,NONE,2.8,,0
CVE-2026-6109,2026-04-12,3.1,4.3,MEDIUM,NETWORK,LOW,NONE,REQUIRED,2.8,deepwisdom:metagpt,1
CVE-2026-1116,2026-04-12,3.1,6.1,MEDIUM,NETWORK,LOW,NONE,REQUIRED,2.8,lollms:lollms,1
CVE-2026-6110,2026-04-12,3.1,7.3,HIGH,NETWORK,LOW,NONE,NONE,3.9,deepwisdom:metagpt,1
CVE-2026-6111,2026-04-12,3.1,6.3,MEDIUM,NETWORK,LOW,LOW,NONE,2.8,deepwisdom:metagpt,1
CVE-2026-6112,2026-04-12,3.1,9.8,CRITICAL,NETWORK,LOW,NONE,NONE,3.9,,0
CVE-2026-6113,2026-04-12,3.1,9.8,CRITICAL,NETWORK,LOW,NONE,NONE,3.9,,0
CVE-2026-6114,2026-04-12,3.1,9.8,CRITICAL,NETWORK,LOW,NONE,NONE,3.9,,0
CVE-2026-6115,2026-04-12,3.1,9.8,CRITICAL,NETWORK,LOW,NONE,NONE,3.9,,0
CVE-2026-6116,2026-04-12,3.1,9.8,CRITICAL,NETWORK,LOW,NONE,NONE,3.9,,0
CVE-2026-6117,2026-04-12,3.1,6.3,MEDIUM,NETWORK,LOW,LOW,NONE,2.8,,0
CVE-2026-6118,2026-04-12,3.1,6.3,MEDIUM,NETWORK,LOW,LOW,NONE,2.8,,0
CVE-2026-31413,2026-04-12,3.1,7.8,HIGH,LOCAL,LOW,LOW,NONE,1.8,linux:linux_kernel,1
CVE-2026-6119,2026-04-12,3.1,6.3,MEDIUM,NETWORK,LOW,LOW,NONE,2.8,,0
CVE-2026-6120,2026-04-12,3.1,8.8,HIGH,NETWORK,LOW,LOW,NONE,2.8,tenda:f451_firmware,1
CVE-2026-6121,2026-04-12,3.1,8.8,HIGH,NETWORK,LOW,LOW,NONE,2.8,tenda:f451_firmware,1
CVE-2026-6122,2026-04-12,3.1,8.8,HIGH,NETWORK,LOW,LOW,NONE,2.8,tenda:f451_firmware,1
CVE-2026-6123,2026-04-12,3.1,8.8,HIGH,NETWORK,LOW,LOW,NONE,2.8,tenda:f451_firmware,1
CVE-2026-6124,2026-04-12,3.1,8.8,HIGH,NETWORK,LOW,LOW,NONE,2.8,tenda:f451_firmware,1
CVE-2026-6125,2026-04-12,3.1,6.3,MEDIUM,NETWORK,LOW,LOW,NONE,2.8,,0
CVE-2026-6126,2026-04-12,3.1,7.3,HIGH,NETWORK,LOW,NONE,NONE,3.9,,0
CVE-2017-20239,2026-04-12,3.1,6.1,MEDIUM,NETWORK,LOW,NONE,REQUIRED,2.8,dynalon:mdwiki,1
CVE-2018-25257,2026-04-12,3.1,7.1,HIGH,NETWORK,LOW,LOW,NONE,2.8,,0
CVE-2018-25258,2026-04-12,3.1,8.4,HIGH,LOCAL,LOW,NONE,NONE,2.5,,0
CVE-2019-25689,2026-04-12,3.1,8.4,HIGH,LOCAL,LOW,NONE,NONE,2.5,socusoft:html5_video_player,1
CVE-2019-25691,2026-04-12,3.1,8.4,HIGH,LOCAL,LOW,NONE,NONE,2.5,,0
CVE-2019-25693,2026-04-12,3.1,7.1,HIGH,NETWORK,LOW,LOW,NONE,2.8,montala:resourcespace,1
CVE-2019-25695,2026-04-12,3.1,8.4,HIGH,LOCAL,LOW,NONE,NONE,2.5,,0
CVE-2019-25697,2026-04-12,3.1,8.2,HIGH,NETWORK,LOW,NONE,NONE,3.9,victoralagwu:cmssite,1
CVE-2019-25699,2026-04-12,3.1,7.1,HIGH,NETWORK,LOW,LOW,NONE,2.8,gurkanuzunca:newsbull,1
CVE-2019-25701,2026-04-12,3.1,8.4,HIGH,LOCAL,LOW,NONE,NONE,2.5,ether_software:easy_video_to_ipod_converter,1
CVE-2019-25703,2026-04-12,3.1,7.1,HIGH,NETWORK,LOW,LOW,NONE,2.8,impresscms:impresscms,1
CVE-2019-25705,2026-04-12,3.1,8.4,HIGH,LOCAL,LOW,NONE,NONE,2.5,interference-security:echo_mirage,1
CVE-2019-25706,2026-04-12,3.1,7.5,HIGH,NETWORK,LOW,NONE,NONE,3.9,,0
CVE-2019-25707,2026-04-12,3.1,7.1,HIGH,NETWORK,LOW,LOW,NONE,2.8,ebrigade:ebrigade,1
CVE-2019-25708,2026-04-12,3.1,4.3,MEDIUM,NETWORK,LOW,LOW,NONE,2.8,heatmiser:wifi_thermostat,1
CVE-2019-25709,2026-04-12,3.1,9.8,CRITICAL,NETWORK,LOW,NONE,NONE,3.9,codefuture:image_hosting_script,1
CVE-2019-25710,2026-04-12,3.1,8.2,HIGH,NETWORK,LOW,NONE,NONE,3.9,dolibarr:dolibarr_erp\/crm,1
CVE-2019-25711,2026-04-12,3.1,6.2,MEDIUM,LOCAL,LOW,NONE,NONE,2.5,nsasoft:spotftp,1
CVE-2019-25712,2026-04-12,3.1,6.2,MEDIUM,LOCAL,LOW,NONE,NONE,2.5,nsasoft:blueauditor,1
CVE-2019-25713,2026-04-12,3.1,7.1,HIGH,NETWORK,LOW,LOW,NONE,2.8,myt_project:myt,1
CVE-2026-40385,2026-04-12,3.1,4.0,MEDIUM,LOCAL,HIGH,NONE,NONE,1.4,libexif_project:libexif,1
CVE-2026-40386,2026-04-12,3.1,4.0,MEDIUM,LOCAL,HIGH,NONE,NONE,1.4,libexif_project:libexif,1
CVE-2026-40393,2026-04-12,3.1,8.1,HIGH,NETWORK,HIGH,NONE,NONE,2.2,mesa3d:mesa,1
CVE-2026-40394,2026-04-12,3.1,4.0,MEDIUM,NETWORK,HIGH,NONE,NONE,2.2,varnish-software:varnish_enterprise|vinyl-cache:vinyl_cache,2
CVE-2026-40395,2026-04-12,3.1,4.0,MEDIUM,NETWORK,HIGH,NONE,NONE,2.2,varnish-software:varnish_enterprise,1
CVE-2026-40396,2026-04-12,3.1,4.0,MEDIUM,NETWORK,HIGH,NONE,NONE,2.2,vinyl-cache:vinyl_cache,1
CVE-2026-6129,2026-04-12,3.1,7.3,HIGH,NETWORK,LOW,NONE,NONE,3.9,,0
CVE-2026-6130,2026-04-12,3.1,7.3,HIGH,NETWORK,LOW,NONE,NONE,3.9,,0
CVE-2026-6131,2026-04-12,3.1,9.8,CRITICAL,NETWORK,LOW,NONE,NONE,3.9,,0
CVE-2026-6132,2026-04-12,3.1,9.8,CRITICAL,NETWORK,LOW,NONE,NONE,3.9,,0
CVE-2026-6133,2026-04-12,3.1,8.8,HIGH,NETWORK,LOW,LOW,NONE,2.8,tenda:f451_firmware,1
CVE-2026-6134,2026-04-12,3.1,8.8,HIGH,NETWORK,LOW,LOW,NONE,2.8,tenda:f451_firmware,1
CVE-2026-6135,2026-04-13,3.1,8.8,HIGH,NETWORK,LOW,LOW,NONE,2.8,tenda:f451_firmware,1
CVE-2026-6136,2026-04-13,3.1,8.8,HIGH,NETWORK,LOW,LOW,NONE,2.8,tenda:f451_firmware,1
CVE-2026-6137,2026-04-13,3.1,8.8,HIGH,NETWORK,LOW,LOW,NONE,2.8,tenda:f451_firmware,1
CVE-2026-6138,2026-04-13,3.1,9.8,CRITICAL,NETWORK,LOW,NONE,NONE,3.9,,0
CVE-2026-25204,2026-04-13,3.1,6.2,MEDIUM,LOCAL,LOW,NONE,NONE,2.5,samsung:escargot,1
CVE-2026-6139,2026-04-13,3.1,9.8,CRITICAL,NETWORK,LOW,NONE,NONE,3.9,,0
CVE-2026-6140,2026-04-13,3.1,9.8,CRITICAL,NETWORK,LOW,NONE,NONE,3.9,,0
CVE-2026-6141,2026-04-13,3.1,6.3,MEDIUM,NETWORK,LOW,LOW,NONE,2.8,,0
CVE-2026-6142,2026-04-13,3.1,7.3,HIGH,NETWORK,LOW,NONE,NONE,3.9,,0
CVE-2026-6143,2026-04-13,3.1,6.3,MEDIUM,NETWORK,LOW,LOW,NONE,2.8,,0
CVE-2026-6148,2026-04-13,3.1,7.3,HIGH,NETWORK,LOW,NONE,NONE,3.9,,0
CVE-2026-6149,2026-04-13,3.1,7.3,HIGH,NETWORK,LOW,NONE,NONE,3.9,,0
CVE-2026-6150,2026-04-13,3.1,4.3,MEDIUM,NETWORK,LOW,NONE,REQUIRED,2.8,,0
CVE-2026-6151,2026-04-13,3.1,7.3,HIGH,NETWORK,LOW,NONE,NONE,3.9,,0
CVE-2026-6152,2026-04-13,3.1,7.3,HIGH,NETWORK,LOW,NONE,NONE,3.9,,0
CVE-2026-6179,2026-04-13,3.1,5.4,MEDIUM,NETWORK,LOW,LOW,REQUIRED,2.3,fptsoftware:nightwolf_penetration_testing_platform,1
CVE-2026-28553,2026-04-13,3.1,6.9,MEDIUM,LOCAL,HIGH,NONE,REQUIRED,1.0,huawei:harmonyos|huawei:emui,2
CVE-2026-34850,2026-04-13,3.1,1.9,LOW,LOCAL,HIGH,HIGH,NONE,0.5,huawei:harmonyos,1
CVE-2026-34851,2026-04-13,3.1,2.2,LOW,LOCAL,HIGH,LOW,REQUIRED,0.8,huawei:harmonyos,1
CVE-2026-34852,2026-04-13,3.1,6.1,MEDIUM,LOCAL,LOW,LOW,REQUIRED,1.3,huawei:harmonyos,1
CVE-2026-34853,2026-04-13,3.1,7.7,HIGH,LOCAL,LOW,HIGH,REQUIRED,1.1,huawei:harmonyos|huawei:emui,2
CVE-2026-34856,2026-04-13,3.1,7.3,HIGH,LOCAL,LOW,NONE,NONE,2.5,huawei:harmonyos,1
CVE-2026-34860,2026-04-13,3.1,4.1,MEDIUM,LOCAL,HIGH,NONE,REQUIRED,1.0,huawei:harmonyos,1
CVE-2026-34867,2026-04-13,3.1,5.6,MEDIUM,LOCAL,LOW,LOW,REQUIRED,1.3,huawei:harmonyos,1
CVE-2026-6153,2026-04-13,3.1,7.3,HIGH,NETWORK,LOW,NONE,NONE,3.9,,0
CVE-2026-6154,2026-04-13,3.1,9.8,CRITICAL,NETWORK,LOW,NONE,NONE,3.9,,0
CVE-2026-6155,2026-04-13,3.1,9.8,CRITICAL,NETWORK,LOW,NONE,NONE,3.9,,0
CVE-2026-6156,2026-04-13,3.1,9.8,CRITICAL,NETWORK,LOW,NONE,NONE,3.9,,0
CVE-2026-6157,2026-04-13,3.1,8.8,HIGH,NETWORK,LOW,LOW,NONE,2.8,,0
CVE-2026-21003,2026-04-13,3.1,6.8,MEDIUM,PHYSICAL,LOW,NONE,NONE,0.9,samsung:android,1
CVE-2026-25205,2026-04-13,3.1,7.4,HIGH,LOCAL,HIGH,NONE,NONE,1.4,samsung:escargot,1
CVE-2026-25206,2026-04-13,3.1,6.7,MEDIUM,LOCAL,HIGH,NONE,NONE,1.4,samsung:escargot,1
CVE-2026-25207,2026-04-13,3.1,7.4,HIGH,LOCAL,HIGH,NONE,NONE,1.4,samsung:escargot,1
CVE-2026-25208,2026-04-13,3.1,8.1,HIGH,NETWORK,HIGH,NONE,NONE,2.2,samsung:escargot,1
CVE-2026-25209,2026-04-13,3.1,6.5,MEDIUM,NETWORK,HIGH,NONE,NONE,2.2,samsung:escargot,1
CVE-2026-34849,2026-04-13,3.1,2.5,LOW,LOCAL,HIGH,NONE,REQUIRED,1.0,huawei:harmonyos,1
CVE-2026-34854,2026-04-13,3.1,5.7,MEDIUM,LOCAL,HIGH,HIGH,NONE,0.5,huawei:harmonyos|huawei:emui,2
CVE-2026-34855,2026-04-13,3.1,5.7,MEDIUM,LOCAL,HIGH,HIGH,NONE,0.5,huawei:harmonyos|huawei:emui,2
CVE-2026-34857,2026-04-13,3.1,4.7,MEDIUM,LOCAL,HIGH,HIGH,NONE,0.5,huawei:harmonyos,1
CVE-2026-34858,2026-04-13,3.1,4.1,MEDIUM,LOCAL,HIGH,HIGH,NONE,0.5,huawei:harmonyos,1
CVE-2026-34859,2026-04-13,3.1,5.9,MEDIUM,LOCAL,LOW,NONE,NONE,2.5,huawei:harmonyos|huawei:emui,2
CVE-2026-34861,2026-04-13,3.1,6.3,MEDIUM,LOCAL,LOW,HIGH,NONE,0.8,huawei:harmonyos,1
CVE-2026-34862,2026-04-13,3.1,6.3,MEDIUM,LOCAL,LOW,HIGH,NONE,0.8,huawei:harmonyos,1
CVE-2026-34863,2026-04-13,3.1,6.7,MEDIUM,LOCAL,LOW,HIGH,NONE,0.8,huawei:harmonyos,1
CVE-2026-34864,2026-04-13,3.1,6.8,MEDIUM,LOCAL,LOW,NONE,NONE,2.5,huawei:harmonyos,1
CVE-2026-35553,2026-04-13,3.1,6.7,MEDIUM,LOCAL,LOW,HIGH,NONE,0.8,,0
CVE-2026-40446,2026-04-13,3.1,6.9,MEDIUM,LOCAL,HIGH,NONE,NONE,1.4,samsung:escargot,1
CVE-2026-6158,2026-04-13,3.1,7.3,HIGH,NETWORK,LOW,NONE,NONE,3.9,,0
CVE-2026-6159,2026-04-13,3.1,4.3,MEDIUM,NETWORK,LOW,NONE,REQUIRED,2.8,,0
CVE-2026-6160,2026-04-13,3.1,5.3,MEDIUM,NETWORK,LOW,NONE,NONE,3.9,,0
CVE-2026-6161,2026-04-13,3.1,7.3,HIGH,NETWORK,LOW,NONE,NONE,3.9,,0
CVE-2026-6162,2026-04-13,3.1,3.5,LOW,NETWORK,LOW,LOW,REQUIRED,2.1,,0
CVE-2026-21006,2026-04-13,3.1,2.4,LOW,PHYSICAL,LOW,NONE,NONE,0.9,samsung:android,1
CVE-2026-21007,2026-04-13,3.1,6.8,MEDIUM,PHYSICAL,LOW,NONE,NONE,0.9,samsung:android,1
CVE-2026-21008,2026-04-13,3.1,6.5,MEDIUM,ADJACENT,LOW,NONE,NONE,2.8,samsung:android,1
CVE-2026-21009,2026-04-13,3.1,6.8,MEDIUM,PHYSICAL,LOW,NONE,NONE,0.9,samsung:android,1
CVE-2026-21010,2026-04-13,3.1,6.6,MEDIUM,PHYSICAL,LOW,LOW,NONE,0.7,samsung:android,1
CVE-2026-21011,2026-04-13,3.1,6.8,MEDIUM,PHYSICAL,LOW,NONE,NONE,0.9,samsung:android,1
CVE-2026-21012,2026-04-13,3.1,3.3,LOW,LOCAL,LOW,LOW,NONE,1.8,samsung:android,1
CVE-2026-21013,2026-04-13,3.1,5.5,MEDIUM,LOCAL,LOW,LOW,NONE,1.8,samsung:galaxy_wearable,1
CVE-2026-21014,2026-04-13,3.1,2.8,LOW,LOCAL,LOW,LOW,REQUIRED,1.3,samsung:camera,1
CVE-2026-40447,2026-04-13,3.1,5.1,MEDIUM,LOCAL,HIGH,NONE,NONE,1.4,samsung:escargot,1
CVE-2026-6163,2026-04-13,3.1,7.3,HIGH,NETWORK,LOW,NONE,NONE,3.9,,0
CVE-2026-6164,2026-04-13,3.1,7.3,HIGH,NETWORK,LOW,NONE,NONE,3.9,,0
CVE-2026-6165,2026-04-13,3.1,7.3,HIGH,NETWORK,LOW,NONE,NONE,3.9,,0
CVE-2025-15441,2026-04-13,3.1,6.8,MEDIUM,NETWORK,HIGH,NONE,NONE,2.2,,0
CVE-2026-34865,2026-04-13,3.1,9.1,CRITICAL,NETWORK,LOW,NONE,NONE,3.9,huawei:harmonyos,1
CVE-2026-34866,2026-04-13,3.1,5.1,MEDIUM,LOCAL,LOW,NONE,NONE,2.5,huawei:harmonyos,1
CVE-2026-3830,2026-04-13,3.1,8.6,HIGH,NETWORK,LOW,NONE,NONE,3.9,,0
CVE-2026-40436,2026-04-13,3.1,7.1,HIGH,NETWORK,HIGH,LOW,REQUIRED,1.2,zte:zxesm_iems,1
CVE-2026-5085,2026-04-13,3.1,9.1,CRITICAL,NETWORK,LOW,NONE,NONE,3.9,mcrawfor:solstice\,1
CVE-2026-5936,2026-04-13,3.1,8.5,HIGH,NETWORK,LOW,LOW,NONE,3.1,foxit:pdf_services_api,1
CVE-2026-6166,2026-04-13,3.1,7.3,HIGH,NETWORK,LOW,NONE,NONE,3.9,,0
CVE-2026-6167,2026-04-13,3.1,7.3,HIGH,NETWORK,LOW,NONE,NONE,3.9,,0
CVE-2026-6168,2026-04-13,3.1,8.8,HIGH,NETWORK,LOW,LOW,NONE,2.8,,0
CVE-2026-0232,2026-04-13,3.1,4.4,MEDIUM,LOCAL,LOW,HIGH,NONE,0.8,paloaltonetworks:cortex_xdr_agent,1
CVE-2026-0233,2026-04-13,3.1,8.8,HIGH,ADJACENT,LOW,NONE,NONE,2.8,paloaltonetworks:autonomous_digital_experience_manager,1
CVE-2026-0234,2026-04-13,3.1,9.1,CRITICAL,NETWORK,LOW,NONE,NONE,3.9,paloaltonetworks:cortex_xsiam|paloaltonetworks:cortex_xsoar,2
CVE-2025-15632,2026-04-13,3.1,3.5,LOW,NETWORK,LOW,LOW,REQUIRED,2.1,,0
CVE-2026-35337,2026-04-13,3.1,8.8,HIGH,NETWORK,LOW,LOW,NONE,2.8,apache:storm,1
CVE-2026-35565,2026-04-13,3.1,5.4,MEDIUM,NETWORK,LOW,LOW,REQUIRED,2.3,apache:storm,1
CVE-2026-2728,2026-04-13,3.1,4.8,MEDIUM,NETWORK,LOW,HIGH,REQUIRED,1.7,librenms:librenms,1
CVE-2026-6204,2026-04-13,3.1,7.2,HIGH,NETWORK,LOW,HIGH,NONE,1.2,librenms:librenms,1
CVE-2026-34476,2026-04-13,3.1,7.1,HIGH,NETWORK,LOW,LOW,NONE,2.8,apache:skywalking_mcp,1
CVE-2026-36872,2026-04-13,3.1,2.7,LOW,NETWORK,LOW,HIGH,NONE,1.2,razormist:basic_library_system,1
CVE-2026-36873,2026-04-13,3.1,2.7,LOW,NETWORK,LOW,HIGH,NONE,1.2,razormist:basic_library_system,1
CVE-2026-36874,2026-04-13,3.1,2.7,LOW,NETWORK,LOW,HIGH,NONE,1.2,razormist:basic_library_system,1
CVE-2026-36919,2026-04-13,3.1,2.7,LOW,NETWORK,LOW,HIGH,NONE,1.2,janobe:online_reviewer_system,1
CVE-2026-36920,2026-04-13,3.1,2.7,LOW,NETWORK,LOW,HIGH,NONE,1.2,janobe:online_reviewer_system,1
CVE-2026-36922,2026-04-13,3.1,2.7,LOW,NETWORK,LOW,HIGH,NONE,1.2,oretnom23:cab_management_system,1
CVE-2026-36923,2026-04-13,3.1,2.7,LOW,NETWORK,LOW,HIGH,NONE,1.2,oretnom23:cab_management_system,1
CVE-2026-31414,2026-04-13,3.1,9.8,CRITICAL,NETWORK,LOW,NONE,NONE,3.9,linux:linux_kernel,1
CVE-2026-31415,2026-04-13,3.1,5.5,MEDIUM,LOCAL,LOW,LOW,NONE,1.8,linux:linux_kernel,1
CVE-2026-31416,2026-04-13,3.1,5.5,MEDIUM,LOCAL,LOW,LOW,NONE,1.8,linux:linux_kernel,1
CVE-2026-31417,2026-04-13,3.1,7.5,HIGH,NETWORK,LOW,NONE,NONE,3.9,linux:linux_kernel,1
CVE-2026-31418,2026-04-13,3.1,5.5,MEDIUM,LOCAL,LOW,LOW,NONE,1.8,linux:linux_kernel,1
CVE-2026-31419,2026-04-13,3.1,7.8,HIGH,LOCAL,LOW,LOW,NONE,1.8,linux:linux_kernel,1
CVE-2026-31420,2026-04-13,3.1,5.5,MEDIUM,LOCAL,LOW,LOW,NONE,1.8,linux:linux_kernel,1
CVE-2026-31421,2026-04-13,3.1,5.5,MEDIUM,LOCAL,LOW,LOW,NONE,1.8,linux:linux_kernel,1
CVE-2026-31422,2026-04-13,3.1,5.5,MEDIUM,LOCAL,LOW,LOW,NONE,1.8,linux:linux_kernel,1
CVE-2026-31423,2026-04-13,3.1,5.5,MEDIUM,LOCAL,LOW,LOW,NONE,1.8,linux:linux_kernel,1
CVE-2026-31424,2026-04-13,3.1,5.5,MEDIUM,LOCAL,LOW,LOW,NONE,1.8,linux:linux_kernel,1
CVE-2026-31425,2026-04-13,3.1,5.5,MEDIUM,LOCAL,LOW,LOW,NONE,1.8,linux:linux_kernel,1
CVE-2026-31426,2026-04-13,3.1,7.0,HIGH,LOCAL,HIGH,LOW,NONE,1.0,linux:linux_kernel,1
CVE-2026-31427,2026-04-13,3.1,5.5,MEDIUM,LOCAL,LOW,LOW,NONE,1.8,linux:linux_kernel,1
CVE-2026-31428,2026-04-13,3.1,5.5,MEDIUM,LOCAL,LOW,LOW,NONE,1.8,linux:linux_kernel,1
CVE-2026-36946,2026-04-13,3.1,2.7,LOW,NETWORK,LOW,HIGH,NONE,1.2,oretnom23:computer_and_mobile_repair_shop_management_system,1
CVE-2026-36947,2026-04-13,3.1,2.7,LOW,NETWORK,LOW,HIGH,NONE,1.2,oretnom23:computer_and_mobile_repair_shop_management_system,1
CVE-2025-66236,2026-04-13,3.1,7.5,HIGH,NETWORK,LOW,NONE,NONE,3.9,apache:airflow,1
CVE-2026-1462,2026-04-13,3.1,7.8,HIGH,LOCAL,LOW,NONE,REQUIRED,1.8,keras:keras|redhat:openshift_ai,2
CVE-2026-29628,2026-04-13,3.1,6.2,MEDIUM,LOCAL,LOW,NONE,NONE,2.5,,0
CVE-2026-30997,2026-04-13,3.1,7.5,HIGH,NETWORK,LOW,NONE,NONE,3.9,ffmpeg:ffmpeg,1
CVE-2026-30998,2026-04-13,3.1,7.5,HIGH,NETWORK,LOW,NONE,NONE,3.9,ffmpeg:ffmpeg,1
CVE-2026-30999,2026-04-13,3.1,7.5,HIGH,NETWORK,LOW,NONE,NONE,3.9,ffmpeg:ffmpeg,1
CVE-2026-31281,2026-04-13,3.1,8.0,HIGH,NETWORK,LOW,LOW,REQUIRED,2.1,,0
CVE-2026-31282,2026-04-13,3.1,9.8,CRITICAL,NETWORK,LOW,NONE,NONE,3.9,,0
CVE-2026-31283,2026-04-13,3.1,9.8,CRITICAL,NETWORK,LOW,NONE,NONE,3.9,,0
CVE-2026-33858,2026-04-13,3.1,8.8,HIGH,NETWORK,LOW,LOW,NONE,2.8,apache:airflow,1
CVE-2026-36941,2026-04-13,3.1,2.7,LOW,NETWORK,LOW,HIGH,NONE,1.2,,0
CVE-2026-36942,2026-04-13,3.1,2.7,LOW,NETWORK,LOW,HIGH,NONE,1.2,,0
CVE-2026-36943,2026-04-13,3.1,2.7,LOW,NETWORK,LOW,HIGH,NONE,1.2,,0
CVE-2026-36944,2026-04-13,3.1,2.7,LOW,NETWORK,LOW,HIGH,NONE,1.2,,0
CVE-2026-36945,2026-04-13,3.1,2.7,LOW,NETWORK,LOW,HIGH,NONE,1.2,,0
CVE-2026-6182,2026-04-13,3.1,7.3,HIGH,NETWORK,LOW,NONE,NONE,3.9,,0
CVE-2026-6183,2026-04-13,3.1,7.3,HIGH,NETWORK,LOW,NONE,NONE,3.9,,0
CVE-2025-31991,2026-04-13,3.1,6.8,MEDIUM,NETWORK,LOW,HIGH,NONE,2.3,hcltech:devops_velocity,1
CVE-2025-63743,2026-04-13,3.1,5.4,MEDIUM,NETWORK,LOW,LOW,NONE,2.8,,0
CVE-2025-66769,2026-04-13,3.1,7.5,HIGH,NETWORK,LOW,NONE,NONE,3.9,gonitro:nitro_pdf_pro,1
CVE-2025-69624,2026-04-13,3.1,7.5,HIGH,NETWORK,LOW,NONE,NONE,3.9,gonitro:nitro_pdf_pro,1
CVE-2025-69627,2026-04-13,3.1,8.4,HIGH,LOCAL,LOW,NONE,NONE,2.5,gonitro:nitro_pdf_pro,1
CVE-2026-30804,2026-04-13,3.1,7.2,HIGH,NETWORK,LOW,HIGH,NONE,1.2,artica:pandora_fms,1
CVE-2026-30806,2026-04-13,3.1,8.8,HIGH,NETWORK,LOW,LOW,NONE,2.8,artica:pandora_fms,1
CVE-2026-30809,2026-04-13,3.1,8.8,HIGH,NETWORK,LOW,LOW,NONE,2.8,artica:pandora_fms,1
CVE-2026-30811,2026-04-13,3.1,6.5,MEDIUM,NETWORK,LOW,LOW,NONE,2.8,artica:pandora_fms,1
CVE-2026-30812,2026-04-13,3.1,5.4,MEDIUM,NETWORK,LOW,LOW,REQUIRED,2.3,artica:pandora_fms,1
CVE-2026-30813,2026-04-13,3.1,8.8,HIGH,NETWORK,LOW,LOW,NONE,2.8,artica:pandora_fms,1
CVE-2026-34186,2026-04-13,3.1,8.8,HIGH,NETWORK,LOW,LOW,NONE,2.8,artica:pandora_fms,1
CVE-2026-34188,2026-04-13,3.1,7.2,HIGH,NETWORK,LOW,HIGH,NONE,1.2,artica:pandora_fms,1
CVE-2026-36937,2026-04-13,3.1,2.7,LOW,NETWORK,LOW,HIGH,NONE,1.2,,0
CVE-2026-36938,2026-04-13,3.1,2.7,LOW,NETWORK,LOW,HIGH,NONE,1.2,,0
CVE-2026-6184,2026-04-13,3.1,2.4,LOW,NETWORK,LOW,HIGH,REQUIRED,0.9,,0
CVE-2026-6186,2026-04-13,3.1,8.8,HIGH,NETWORK,LOW,LOW,NONE,2.8,,0
CVE-2026-6187,2026-04-13,3.1,7.3,HIGH,NETWORK,LOW,NONE,NONE,3.9,,0
CVE-2026-6188,2026-04-13,3.1,7.3,HIGH,NETWORK,LOW,NONE,NONE,3.9,,0
CVE-2026-6231,2026-04-13,3.1,4.3,MEDIUM,NETWORK,LOW,LOW,NONE,2.8,mongodb:c_driver,1
CVE-2026-23891,2026-04-13,3.1,8.7,HIGH,NETWORK,LOW,LOW,REQUIRED,2.3,decidim:decidim,1
CVE-2026-33555,2026-04-13,3.1,4.0,MEDIUM,NETWORK,HIGH,NONE,NONE,2.2,haproxy:haproxy,1
CVE-2026-36948,2026-04-13,3.1,7.3,HIGH,NETWORK,LOW,NONE,NONE,3.9,,0
CVE-2026-36950,2026-04-13,3.1,2.7,LOW,NETWORK,LOW,HIGH,NONE,1.2,,0
CVE-2026-36952,2026-04-13,3.1,2.7,LOW,NETWORK,LOW,HIGH,NONE,1.2,,0
CVE-2026-6189,2026-04-13,3.1,7.3,HIGH,NETWORK,LOW,NONE,NONE,3.9,,0
CVE-2026-6190,2026-04-13,3.1,6.3,MEDIUM,NETWORK,LOW,LOW,NONE,2.8,,0
CVE-2026-6191,2026-04-13,3.1,6.3,MEDIUM,NETWORK,LOW,LOW,NONE,2.8,,0
CVE-2026-6192,2026-04-13,3.1,3.3,LOW,LOCAL,LOW,LOW,NONE,1.8,,0
CVE-2026-6193,2026-04-13,3.1,7.3,HIGH,NETWORK,LOW,NONE,NONE,3.9,,0
CVE-2025-3756,2026-04-13,3.1,6.5,MEDIUM,ADJACENT,LOW,NONE,NONE,2.8,,0
CVE-2026-28291,2026-04-13,3.1,8.1,HIGH,NETWORK,HIGH,NONE,NONE,2.2,simple-git_project:simple-git,1
CVE-2026-32316,2026-04-13,3.1,8.2,HIGH,NETWORK,LOW,NONE,NONE,3.9,jqlang:jq,1
CVE-2026-6100,2026-04-13,3.1,8.1,HIGH,NETWORK,HIGH,NONE,NONE,2.2,,0
CVE-2026-6194,2026-04-13,3.1,8.8,HIGH,NETWORK,LOW,LOW,NONE,2.8,,0
CVE-2026-6195,2026-04-13,3.1,9.8,CRITICAL,NETWORK,LOW,NONE,NONE,3.9,,0
CVE-2026-6196,2026-04-13,3.1,8.8,HIGH,NETWORK,LOW,LOW,NONE,2.8,,0
CVE-2026-29955,2026-04-13,3.1,8.8,HIGH,NETWORK,LOW,LOW,NONE,2.8,cloudark:kubeplus,1
CVE-2026-40038,2026-04-13,3.1,7.2,HIGH,NETWORK,LOW,NONE,NONE,3.9,,0
CVE-2026-40039,2026-04-13,3.1,6.5,MEDIUM,NETWORK,LOW,NONE,REQUIRED,2.8,,0
CVE-2026-40040,2026-04-13,3.1,8.8,HIGH,NETWORK,LOW,LOW,NONE,2.8,,0
CVE-2026-40041,2026-04-13,3.1,4.3,MEDIUM,NETWORK,LOW,LOW,NONE,2.8,,0
CVE-2026-40042,2026-04-13,3.1,9.8,CRITICAL,NETWORK,LOW,NONE,NONE,3.9,,0
CVE-2026-40043,2026-04-13,3.1,6.5,MEDIUM,NETWORK,LOW,LOW,NONE,2.8,,0
CVE-2026-40044,2026-04-13,3.1,9.8,CRITICAL,NETWORK,LOW,NONE,NONE,3.9,,0
CVE-2026-6197,2026-04-13,3.1,8.8,HIGH,NETWORK,LOW,LOW,NONE,2.8,,0
CVE-2026-6198,2026-04-13,3.1,8.8,HIGH,NETWORK,LOW,LOW,NONE,2.8,,0
CVE-2026-6199,2026-04-13,3.1,8.8,HIGH,NETWORK,LOW,LOW,NONE,2.8,,0
CVE-2026-6200,2026-04-13,3.1,8.8,HIGH,NETWORK,LOW,LOW,NONE,2.8,,0
CVE-2026-31048,2026-04-13,3.1,9.8,CRITICAL,NETWORK,LOW,NONE,NONE,3.9,,0
CVE-2026-32605,2026-04-13,3.1,7.5,HIGH,NETWORK,LOW,NONE,NONE,3.9,nimiq:nimiq_proof-of-stake,1
CVE-2026-33534,2026-04-13,3.1,4.3,MEDIUM,NETWORK,LOW,LOW,NONE,2.8,espocrm:espocrm,1
CVE-2026-33657,2026-04-13,3.1,4.6,MEDIUM,NETWORK,LOW,LOW,REQUIRED,2.1,espocrm:espocrm,1
CVE-2026-6201,2026-04-13,3.1,5.4,MEDIUM,NETWORK,LOW,LOW,NONE,2.8,,0
CVE-2026-6202,2026-04-13,3.1,6.3,MEDIUM,NETWORK,LOW,LOW,NONE,2.8,,0
CVE-2026-6215,2026-04-13,3.1,6.3,MEDIUM,NETWORK,LOW,LOW,NONE,2.8,,0
CVE-2025-51414,2026-04-13,3.1,8.8,HIGH,NETWORK,LOW,LOW,NONE,2.8,,0
CVE-2025-70936,2026-04-13,3.1,5.4,MEDIUM,NETWORK,LOW,LOW,REQUIRED,2.3,,0
CVE-2026-26460,2026-04-13,3.1,6.1,MEDIUM,NETWORK,LOW,NONE,REQUIRED,2.8,,0
CVE-2026-31280,2026-04-13,3.1,6.5,MEDIUM,ADJACENT,LOW,NONE,NONE,2.8,,0
CVE-2026-33659,2026-04-13,3.1,3.5,LOW,NETWORK,HIGH,LOW,NONE,1.8,espocrm:espocrm,1
CVE-2026-33740,2026-04-13,3.1,5.4,MEDIUM,NETWORK,LOW,LOW,NONE,2.8,espocrm:espocrm,1
CVE-2026-33899,2026-04-13,3.1,5.3,MEDIUM,NETWORK,LOW,NONE,NONE,3.9,imagemagick:imagemagick,1
CVE-2026-33900,2026-04-13,3.1,5.9,MEDIUM,NETWORK,HIGH,NONE,NONE,2.2,imagemagick:imagemagick,1
CVE-2026-33901,2026-04-13,3.1,7.5,HIGH,NETWORK,LOW,NONE,NONE,3.9,imagemagick:imagemagick,1
CVE-2026-6216,2026-04-13,3.1,3.5,LOW,NETWORK,LOW,LOW,REQUIRED,2.1,,0
CVE-2026-6218,2026-04-13,3.1,4.3,MEDIUM,NETWORK,LOW,NONE,REQUIRED,2.8,,0
CVE-2026-6219,2026-04-13,3.1,5.3,MEDIUM,LOCAL,LOW,LOW,NONE,1.8,,0
CVE-2026-22562,2026-04-13,3.1,9.8,CRITICAL,NETWORK,LOW,NONE,NONE,3.9,,0
CVE-2026-22563,2026-04-13,3.1,9.8,CRITICAL,NETWORK,LOW,NONE,NONE,3.9,,0
CVE-2026-22564,2026-04-13,3.1,9.8,CRITICAL,NETWORK,LOW,NONE,NONE,3.9,,0
CVE-2026-22565,2026-04-13,3.1,7.5,HIGH,NETWORK,LOW,NONE,NONE,3.9,,0
CVE-2026-22566,2026-04-13,3.1,7.5,HIGH,NETWORK,LOW,NONE,NONE,3.9,,0
CVE-2026-33902,2026-04-13,3.1,5.5,MEDIUM,LOCAL,LOW,NONE,REQUIRED,1.8,imagemagick:imagemagick,1
CVE-2026-33905,2026-04-13,3.1,5.5,MEDIUM,LOCAL,LOW,NONE,REQUIRED,1.8,imagemagick:imagemagick,1
CVE-2026-33908,2026-04-13,3.1,7.5,HIGH,NETWORK,LOW,NONE,NONE,3.9,imagemagick:imagemagick,1
CVE-2026-33947,2026-04-13,3.1,6.2,MEDIUM,LOCAL,LOW,NONE,NONE,2.5,jqlang:jq,1
CVE-2026-34238,2026-04-13,3.1,5.1,MEDIUM,LOCAL,HIGH,NONE,NONE,1.4,imagemagick:imagemagick,1
CVE-2026-40169,2026-04-13,3.1,6.2,MEDIUM,LOCAL,LOW,NONE,NONE,2.5,imagemagick:imagemagick,1
CVE-2026-40183,2026-04-13,3.1,5.5,MEDIUM,LOCAL,LOW,NONE,REQUIRED,1.8,imagemagick:imagemagick,1
CVE-2026-40310,2026-04-13,3.1,5.5,MEDIUM,LOCAL,LOW,NONE,REQUIRED,1.8,imagemagick:imagemagick,1
CVE-2026-40311,2026-04-13,3.1,5.5,MEDIUM,LOCAL,LOW,NONE,REQUIRED,1.8,imagemagick:imagemagick,1
CVE-2026-40312,2026-04-13,3.1,6.2,MEDIUM,LOCAL,LOW,NONE,NONE,2.5,imagemagick:imagemagick,1
CVE-2026-4786,2026-04-13,3.1,7.1,HIGH,NETWORK,HIGH,NONE,REQUIRED,1.6,,0
CVE-2026-6220,2026-04-13,3.1,4.7,MEDIUM,NETWORK,LOW,HIGH,NONE,1.2,,0
CVE-2026-6224,2026-04-13,3.1,7.3,HIGH,NETWORK,LOW,NONE,NONE,3.9,,0
CVE-2026-39956,2026-04-13,3.1,6.1,MEDIUM,LOCAL,LOW,NONE,REQUIRED,1.8,jqlang:jq,1
CVE-2026-39979,2026-04-13,3.1,6.5,MEDIUM,NETWORK,LOW,NONE,NONE,3.9,jqlang:jq,1
CVE-2026-5086,2026-04-13,3.1,7.5,HIGH,NETWORK,LOW,NONE,NONE,3.9,nerdvana:crypt\,1
CVE-2026-6203,2026-04-13,3.1,6.1,MEDIUM,NETWORK,LOW,NONE,REQUIRED,2.8,,0
CVE-2026-0512,2026-04-14,3.1,6.1,MEDIUM,NETWORK,LOW,NONE,REQUIRED,2.8,,0
CVE-2026-24318,2026-04-14,3.1,4.2,MEDIUM,NETWORK,HIGH,NONE,REQUIRED,1.6,,0
CVE-2026-27672,2026-04-14,3.1,4.3,MEDIUM,NETWORK,LOW,LOW,NONE,2.8,,0
CVE-2026-27673,2026-04-14,3.1,4.9,MEDIUM,NETWORK,HIGH,LOW,NONE,1.8,,0
CVE-2026-27674,2026-04-14,3.1,6.1,MEDIUM,NETWORK,LOW,NONE,REQUIRED,2.8,sap:netweaver_application_server_java,1
CVE-2026-27675,2026-04-14,3.1,2.0,LOW,NETWORK,HIGH,HIGH,REQUIRED,0.5,,0
CVE-2026-27676,2026-04-14,3.1,4.3,MEDIUM,NETWORK,LOW,LOW,NONE,2.8,,0
CVE-2026-27677,2026-04-14,3.1,6.5,MEDIUM,NETWORK,LOW,LOW,NONE,2.8,,0
CVE-2026-27678,2026-04-14,3.1,6.5,MEDIUM,NETWORK,LOW,LOW,NONE,2.8,,0
CVE-2026-27679,2026-04-14,3.1,6.5,MEDIUM,NETWORK,LOW,LOW,NONE,2.8,sap:manage_reference_structures,1
CVE-2026-27681,2026-04-14,3.1,9.9,CRITICAL,NETWORK,LOW,LOW,NONE,3.1,,0
CVE-2026-27683,2026-04-14,3.1,4.1,MEDIUM,NETWORK,LOW,LOW,REQUIRED,2.3,,0
CVE-2026-33948,2026-04-14,3.1,5.3,MEDIUM,NETWORK,LOW,NONE,NONE,3.9,jqlang:jq,1
CVE-2026-34069,2026-04-14,3.1,5.3,MEDIUM,NETWORK,LOW,NONE,NONE,3.9,nimiq:nimiq_proof-of-stake,1
CVE-2026-39417,2026-04-14,3.1,4.6,MEDIUM,NETWORK,HIGH,LOW,REQUIRED,1.2,maxkb:maxkb,1
CVE-2026-40164,2026-04-14,3.1,7.5,HIGH,NETWORK,LOW,NONE,NONE,3.9,,0
CVE-2026-34256,2026-04-14,3.1,7.1,HIGH,NETWORK,LOW,LOW,NONE,2.8,,0
CVE-2026-34257,2026-04-14,3.1,6.1,MEDIUM,NETWORK,LOW,NONE,REQUIRED,2.8,sap:netweaver_application_server_abap,1
CVE-2026-34261,2026-04-14,3.1,6.5,MEDIUM,NETWORK,LOW,LOW,NONE,2.8,,0
CVE-2026-34262,2026-04-14,3.1,5.0,MEDIUM,NETWORK,LOW,LOW,NONE,3.1,sap:hana_cockpit|sap:hana_database_explorer,2
CVE-2026-34264,2026-04-14,3.1,6.5,MEDIUM,NETWORK,LOW,LOW,NONE,2.8,sap:human_capital_management,1
CVE-2026-39418,2026-04-14,3.1,5.0,MEDIUM,NETWORK,HIGH,LOW,NONE,1.6,maxkb:maxkb,1
CVE-2026-39420,2026-04-14,3.1,6.3,MEDIUM,NETWORK,LOW,LOW,NONE,2.8,maxkb:maxkb,1
CVE-2026-39421,2026-04-14,3.1,6.3,MEDIUM,NETWORK,LOW,LOW,NONE,2.8,maxkb:maxkb,1
CVE-2026-39422,2026-04-14,3.1,5.4,MEDIUM,NETWORK,LOW,LOW,REQUIRED,2.3,maxkb:maxkb,1
CVE-2026-39423,2026-04-14,3.1,5.4,MEDIUM,NETWORK,LOW,LOW,REQUIRED,2.3,maxkb:maxkb,1
CVE-2026-39424,2026-04-14,3.1,4.7,MEDIUM,NETWORK,LOW,HIGH,NONE,1.2,maxkb:maxkb,1
CVE-2026-34225,2026-04-14,3.1,4.3,MEDIUM,NETWORK,LOW,LOW,NONE,2.8,openwebui:open_webui,1
CVE-2026-39419,2026-04-14,3.1,3.1,LOW,NETWORK,HIGH,LOW,NONE,1.6,maxkb:maxkb,1
CVE-2026-39425,2026-04-14,3.1,5.4,MEDIUM,NETWORK,LOW,LOW,REQUIRED,2.3,maxkb:maxkb,1
CVE-2026-39426,2026-04-14,3.1,5.4,MEDIUM,NETWORK,LOW,LOW,REQUIRED,2.3,maxkb:maxkb,1
CVE-2026-4352,2026-04-14,3.1,7.5,HIGH,NETWORK,LOW,NONE,NONE,3.9,,0
CVE-2026-4365,2026-04-14,3.1,9.1,CRITICAL,NETWORK,LOW,NONE,NONE,3.9,,0
CVE-2026-34984,2026-04-14,3.1,6.5,MEDIUM,NETWORK,LOW,LOW,NONE,2.8,external-secrets:external_secrets_operator,1
CVE-2026-4388,2026-04-14,3.1,7.2,HIGH,NETWORK,LOW,NONE,NONE,3.9,,0
CVE-2026-6227,2026-04-14,3.1,7.2,HIGH,NETWORK,LOW,HIGH,NONE,1.2,,0
CVE-2026-6264,2026-04-14,3.1,9.8,CRITICAL,NETWORK,LOW,NONE,NONE,3.9,,0
CVE-2026-1607,2026-04-14,3.1,6.4,MEDIUM,NETWORK,LOW,LOW,NONE,3.1,,0
CVE-2026-40287,2026-04-14,3.1,8.4,HIGH,LOCAL,LOW,NONE,NONE,2.5,praison:praisonai|praison:praisonaiagents,2
CVE-2026-40288,2026-04-14,3.1,9.8,CRITICAL,NETWORK,LOW,NONE,NONE,3.9,praison:praisonai|praison:praisonaiagents,2
CVE-2026-40289,2026-04-14,3.1,9.1,CRITICAL,NETWORK,LOW,NONE,NONE,3.9,praison:praisonai|praison:praisonaiagents,2
CVE-2026-40313,2026-04-14,3.1,9.1,CRITICAL,NETWORK,LOW,NONE,NONE,3.9,praison:praisonai,1
CVE-2026-40315,2026-04-14,3.1,9.8,CRITICAL,NETWORK,LOW,NONE,NONE,3.9,praison:praisonai,1
CVE-2026-4059,2026-04-14,3.1,6.4,MEDIUM,NETWORK,LOW,LOW,NONE,3.1,,0
CVE-2026-4479,2026-04-14,3.1,4.4,MEDIUM,NETWORK,HIGH,HIGH,NONE,1.3,,0
CVE-2026-3017,2026-04-14,3.1,7.2,HIGH,NETWORK,LOW,HIGH,NONE,1.2,,0
CVE-2026-2582,2026-04-14,3.1,6.5,MEDIUM,NETWORK,LOW,NONE,NONE,3.9,,0
CVE-2025-40745,2026-04-14,3.1,3.7,LOW,NETWORK,HIGH,NONE,NONE,2.2,siemens:simcenter_3d|siemens:simcenter_femap|siemens:simcenter_star-ccm\+_viewer|siemens:software_center|siemens:solid_edge_se2025|siemens:solid_edge_se2026|siemens:tecnomatix_plant_simulation,7
CVE-2026-24032,2026-04-14,3.1,7.3,HIGH,NETWORK,LOW,NONE,NONE,3.9,,0
CVE-2026-25654,2026-04-14,3.1,8.8,HIGH,NETWORK,LOW,LOW,NONE,2.8,,0
CVE-2026-27668,2026-04-14,3.1,8.8,HIGH,NETWORK,LOW,LOW,NONE,2.8,,0
CVE-2026-31908,2026-04-14,3.1,9.1,CRITICAL,NETWORK,LOW,NONE,NONE,3.9,apache:apisix,1
CVE-2026-31923,2026-04-14,3.1,7.5,HIGH,NETWORK,LOW,NONE,NONE,3.9,apache:apisix,1
CVE-2026-31924,2026-04-14,3.1,5.3,MEDIUM,NETWORK,LOW,NONE,NONE,3.9,apache:apisix,1
CVE-2026-33892,2026-04-14,3.1,7.1,HIGH,NETWORK,LOW,NONE,REQUIRED,2.8,,0
CVE-2026-33929,2026-04-14,3.1,4.3,MEDIUM,NETWORK,LOW,LOW,NONE,2.8,apache:pdfbox,1
CVE-2026-4109,2026-04-14,3.1,4.3,MEDIUM,NETWORK,LOW,LOW,NONE,2.8,,0
CVE-2025-13822,2026-04-14,3.1,5.3,MEDIUM,NETWORK,LOW,NONE,NONE,3.9,mcphubx:mcphub,1
CVE-2026-24069,2026-04-14,3.1,5.4,MEDIUM,NETWORK,LOW,LOW,NONE,2.8,,0
CVE-2026-2332,2026-04-14,3.1,7.4,HIGH,NETWORK,HIGH,NONE,NONE,2.2,eclipse:jetty,1
CVE-2026-31049,2026-04-14,3.1,9.8,CRITICAL,NETWORK,LOW,NONE,NONE,3.9,,0
CVE-2025-61260,2026-04-14,3.1,9.8,CRITICAL,NETWORK,LOW,NONE,NONE,3.9,,0
CVE-2025-69893,2026-04-14,3.1,4.6,MEDIUM,PHYSICAL,LOW,NONE,NONE,0.9,,0
CVE-2025-69993,2026-04-14,3.1,6.1,MEDIUM,NETWORK,LOW,NONE,REQUIRED,2.8,leafletjs:leaflet,1
CVE-2026-30480,2026-04-14,3.1,6.5,MEDIUM,NETWORK,LOW,LOW,NONE,2.8,,0
CVE-2026-37589,2026-04-14,3.1,2.7,LOW,NETWORK,LOW,HIGH,NONE,1.2,,0
CVE-2026-37590,2026-04-14,3.1,2.7,LOW,NETWORK,LOW,HIGH,NONE,1.2,,0
CVE-2026-37591,2026-04-14,3.1,2.7,LOW,NETWORK,LOW,HIGH,NONE,1.2,,0
CVE-2026-37592,2026-04-14,3.1,2.7,LOW,NETWORK,LOW,HIGH,NONE,1.2,,0
CVE-2026-37593,2026-04-14,3.1,2.7,LOW,NETWORK,LOW,HIGH,NONE,1.2,,0
CVE-2026-37594,2026-04-14,3.1,2.7,LOW,NETWORK,LOW,HIGH,NONE,1.2,,0
CVE-2026-37595,2026-04-14,3.1,2.7,LOW,NETWORK,LOW,HIGH,NONE,1.2,,0
CVE-2026-37596,2026-04-14,3.1,2.7,LOW,NETWORK,LOW,HIGH,NONE,1.2,,0
CVE-2026-37597,2026-04-14,3.1,2.7,LOW,NETWORK,LOW,HIGH,NONE,1.2,,0
CVE-2026-37598,2026-04-14,3.1,2.7,LOW,NETWORK,LOW,HIGH,NONE,1.2,,0
CVE-2026-37600,2026-04-14,3.1,2.7,LOW,NETWORK,LOW,HIGH,NONE,1.2,,0
CVE-2026-37601,2026-04-14,3.1,2.7,LOW,NETWORK,LOW,HIGH,NONE,1.2,,0
CVE-2026-37602,2026-04-14,3.1,2.7,LOW,NETWORK,LOW,HIGH,NONE,1.2,,0
CVE-2026-37980,2026-04-14,3.1,6.9,MEDIUM,NETWORK,LOW,HIGH,REQUIRED,1.7,redhat:build_of_keycloak,1
CVE-2026-4344,2026-04-14,3.1,7.1,HIGH,LOCAL,LOW,NONE,REQUIRED,1.8,autodesk:fusion,1
CVE-2026-4345,2026-04-14,3.1,7.1,HIGH,LOCAL,LOW,NONE,REQUIRED,1.8,autodesk:fusion,1
CVE-2026-4369,2026-04-14,3.1,7.1,HIGH,LOCAL,LOW,NONE,REQUIRED,1.8,autodesk:fusion,1
CVE-2026-4913,2026-04-14,3.1,5.7,MEDIUM,NETWORK,LOW,LOW,REQUIRED,2.1,,0
CVE-2026-4914,2026-04-14,3.1,5.4,MEDIUM,NETWORK,LOW,LOW,REQUIRED,2.3,,0
CVE-2024-23104,2026-04-14,3.1,5.4,MEDIUM,NETWORK,LOW,LOW,NONE,2.8,fortinet:fortivoice|fortinet:fortindr,2
CVE-2025-53847,2026-04-14,3.1,6.5,MEDIUM,ADJACENT,LOW,NONE,NONE,2.8,fortinet:fortios,1
CVE-2025-59809,2026-04-14,3.1,4.3,MEDIUM,NETWORK,LOW,LOW,NONE,2.8,fortinet:fortisoar,1
CVE-2025-61624,2026-04-14,3.1,6.0,MEDIUM,LOCAL,LOW,HIGH,NONE,0.8,fortinet:fortios|fortinet:fortipam|fortinet:fortiproxy|fortinet:fortiswitchmanager,4
CVE-2025-61848,2026-04-14,3.1,7.2,HIGH,NETWORK,LOW,HIGH,NONE,1.2,fortinet:fortianalyzer|fortinet:fortianalyzer_cloud|fortinet:fortimanager|fortinet:fortimanager_cloud,4
CVE-2025-61886,2026-04-14,3.1,5.4,MEDIUM,NETWORK,LOW,NONE,REQUIRED,2.8,fortinet:fortisandbox|fortinet:fortisandbox_cloud,2
CVE-2025-63939,2026-04-14,3.1,9.8,CRITICAL,NETWORK,LOW,NONE,NONE,3.9,,0
CVE-2025-65132,2026-04-14,3.1,6.1,MEDIUM,NETWORK,LOW,NONE,REQUIRED,2.8,,0
CVE-2025-65133,2026-04-14,3.1,9.8,CRITICAL,NETWORK,LOW,NONE,NONE,3.9,,0
CVE-2025-65134,2026-04-14,3.1,6.1,MEDIUM,NETWORK,LOW,NONE,REQUIRED,2.8,,0
CVE-2025-65135,2026-04-14,3.1,9.8,CRITICAL,NETWORK,LOW,NONE,NONE,3.9,,0
CVE-2025-65136,2026-04-14,3.1,6.1,MEDIUM,NETWORK,LOW,NONE,REQUIRED,2.8,,0
CVE-2025-68649,2026-04-14,3.1,6.0,MEDIUM,LOCAL,LOW,HIGH,NONE,0.8,fortinet:fortimanager_cloud|fortinet:fortimanager|fortinet:fortianalyzer_cloud|fortinet:fortianalyzer,4
CVE-2026-21741,2026-04-14,3.1,2.4,LOW,NETWORK,LOW,HIGH,REQUIRED,0.9,fortinet:fortinac-f,1
CVE-2026-21742,2026-04-14,3.1,5.7,MEDIUM,NETWORK,LOW,LOW,REQUIRED,2.1,fortinet:fortisoar,1
CVE-2026-22154,2026-04-14,3.1,4.6,MEDIUM,NETWORK,LOW,LOW,REQUIRED,2.1,fortinet:fortisoar,1
CVE-2026-22155,2026-04-14,3.1,6.5,MEDIUM,NETWORK,LOW,LOW,NONE,2.8,fortinet:fortisoar,1
CVE-2026-22573,2026-04-14,3.1,6.5,MEDIUM,NETWORK,LOW,LOW,NONE,2.8,fortinet:fortisoar,1
CVE-2026-22574,2026-04-14,3.1,4.1,MEDIUM,NETWORK,LOW,HIGH,NONE,2.3,fortinet:fortisoar,1
CVE-2026-22576,2026-04-14,3.1,4.3,MEDIUM,NETWORK,LOW,LOW,NONE,2.8,fortinet:fortisoar,1
CVE-2026-22828,2026-04-14,3.1,8.1,HIGH,NETWORK,HIGH,NONE,NONE,2.2,fortinet:fortianalyzer_cloud|fortinet:fortimanager_cloud,2
CVE-2026-23708,2026-04-14,3.1,7.5,HIGH,NETWORK,HIGH,NONE,REQUIRED,1.6,fortinet:fortisoar,1
CVE-2026-25691,2026-04-14,3.1,6.7,MEDIUM,NETWORK,LOW,HIGH,NONE,1.2,fortinet:fortisandbox|fortinet:fortisandbox_cloud,2
CVE-2026-27316,2026-04-14,3.1,2.7,LOW,NETWORK,LOW,HIGH,NONE,1.2,fortinet:fortisandbox|fortinet:fortisandbox_cloud,2
CVE-2026-2399,2026-04-14,3.1,6.1,MEDIUM,ADJACENT,LOW,HIGH,NONE,0.9,schneider-electric:powerchute_serial_shutdown,1
CVE-2026-2400,2026-04-14,3.1,4.3,MEDIUM,NETWORK,LOW,LOW,NONE,2.8,schneider-electric:powerchute_serial_shutdown,1
CVE-2026-2401,2026-04-14,3.1,5.0,MEDIUM,LOCAL,LOW,LOW,REQUIRED,1.3,schneider-electric:powerchute_serial_shutdown,1
CVE-2026-2402,2026-04-14,3.1,5.3,MEDIUM,NETWORK,LOW,NONE,NONE,3.9,schneider-electric:powerchute_serial_shutdown,1
CVE-2026-2403,2026-04-14,3.1,4.3,MEDIUM,NETWORK,LOW,LOW,NONE,2.8,schneider-electric:powerchute_serial_shutdown,1
CVE-2026-2404,2026-04-14,3.1,5.3,MEDIUM,NETWORK,LOW,NONE,NONE,3.9,schneider-electric:powerchute_serial_shutdown,1
CVE-2026-2405,2026-04-14,3.1,6.5,MEDIUM,NETWORK,LOW,LOW,NONE,2.8,schneider-electric:powerchute_serial_shutdown,1
CVE-2026-38526,2026-04-14,3.1,9.9,CRITICAL,NETWORK,LOW,LOW,NONE,3.1,,0
CVE-2026-38527,2026-04-14,3.1,8.5,HIGH,NETWORK,LOW,LOW,NONE,3.1,,0
CVE-2026-38528,2026-04-14,3.1,7.1,HIGH,NETWORK,LOW,LOW,NONE,2.8,,0
CVE-2026-38529,2026-04-14,3.1,8.8,HIGH,NETWORK,LOW,LOW,NONE,2.8,webkul:krayin_crm,1
CVE-2026-38530,2026-04-14,3.1,8.1,HIGH,NETWORK,LOW,LOW,NONE,2.8,webkul:krayin_crm,1
CVE-2026-38532,2026-04-14,3.1,8.1,HIGH,NETWORK,LOW,LOW,NONE,2.8,webkul:krayin_crm,1
CVE-2026-38533,2026-04-14,3.1,6.5,MEDIUM,NETWORK,LOW,LOW,NONE,2.8,snipeitapp:snipe-it,1
CVE-2026-39808,2026-04-14,3.1,9.8,CRITICAL,NETWORK,LOW,NONE,NONE,3.9,fortinet:fortisandbox,1
CVE-2026-39809,2026-04-14,3.1,6.7,MEDIUM,LOCAL,LOW,HIGH,NONE,0.8,fortinet:forticlientems,1
CVE-2026-39810,2026-04-14,3.1,6.0,MEDIUM,LOCAL,LOW,HIGH,NONE,0.8,fortinet:forticlientems,1
CVE-2026-39811,2026-04-14,3.1,4.9,MEDIUM,NETWORK,LOW,HIGH,NONE,1.2,fortinet:fortiweb,1
CVE-2026-39812,2026-04-14,3.1,4.8,MEDIUM,NETWORK,LOW,HIGH,REQUIRED,1.7,fortinet:fortisandbox|fortinet:fortisandbox_cloud,2
CVE-2026-39813,2026-04-14,3.1,9.8,CRITICAL,NETWORK,LOW,NONE,NONE,3.9,fortinet:fortisandbox,1
CVE-2026-39814,2026-04-14,3.1,6.7,MEDIUM,LOCAL,LOW,HIGH,NONE,0.8,fortinet:fortiweb,1
CVE-2026-39815,2026-04-14,3.1,8.8,HIGH,NETWORK,LOW,LOW,NONE,2.8,fortinet:fortiddos-f,1
CVE-2026-22692,2026-04-14,3.1,4.9,MEDIUM,NETWORK,LOW,HIGH,NONE,1.2,octobercms:october,1
CVE-2026-27238,2026-04-14,3.1,7.8,HIGH,LOCAL,LOW,NONE,REQUIRED,1.8,adobe:indesign,1
CVE-2026-27283,2026-04-14,3.1,7.8,HIGH,LOCAL,LOW,NONE,REQUIRED,1.8,adobe:indesign,1
CVE-2026-27284,2026-04-14,3.1,7.8,HIGH,LOCAL,LOW,NONE,REQUIRED,1.8,adobe:indesign,1
CVE-2026-27285,2026-04-14,3.1,5.5,MEDIUM,LOCAL,LOW,NONE,REQUIRED,1.8,adobe:indesign,1
CVE-2026-27286,2026-04-14,3.1,5.5,MEDIUM,LOCAL,LOW,NONE,REQUIRED,1.8,adobe:indesign,1
CVE-2026-27291,2026-04-14,3.1,7.8,HIGH,LOCAL,LOW,NONE,REQUIRED,1.8,adobe:indesign,1
CVE-2026-34622,2026-04-14,3.1,8.6,HIGH,LOCAL,LOW,NONE,REQUIRED,1.8,adobe:acrobat|adobe:acrobat_dc|adobe:acrobat_reader_dc,3
CVE-2026-34626,2026-04-14,3.1,6.3,MEDIUM,LOCAL,LOW,NONE,REQUIRED,1.8,adobe:acrobat|adobe:acrobat_dc|adobe:acrobat_reader_dc,3
CVE-2025-70023,2026-04-14,3.1,9.8,CRITICAL,NETWORK,LOW,NONE,NONE,3.9,,0
CVE-2026-0390,2026-04-14,3.1,6.7,MEDIUM,LOCAL,LOW,HIGH,NONE,0.8,microsoft:windows_10_1607|microsoft:windows_10_1809|microsoft:windows_10_21h2|microsoft:windows_10_22h2|microsoft:windows_server_2016|microsoft:windows_server_2019|microsoft:windows_server_2022,7
CVE-2026-20806,2026-04-14,3.1,5.5,MEDIUM,LOCAL,LOW,LOW,NONE,1.8,microsoft:windows_10_1809|microsoft:windows_10_21h2|microsoft:windows_10_22h2|microsoft:windows_11_23h2|microsoft:windows_11_24h2|microsoft:windows_11_25h2|microsoft:windows_11_26h1|microsoft:windows_server_2019|microsoft:windows_server_2022|microsoft:windows_server_2022_23h2|microsoft:windows_server_2025,11
CVE-2026-20928,2026-04-14,3.1,4.6,MEDIUM,PHYSICAL,LOW,NONE,NONE,0.9,microsoft:windows_10_1607|microsoft:windows_10_1809|microsoft:windows_10_21h2|microsoft:windows_10_22h2|microsoft:windows_11_23h2|microsoft:windows_11_24h2|microsoft:windows_11_25h2|microsoft:windows_11_26h1|microsoft:windows_server_2016|microsoft:windows_server_2019|microsoft:windows_server_2022|microsoft:windows_server_2022_23h2|microsoft:windows_server_2025,13
CVE-2026-20930,2026-04-14,3.1,7.8,HIGH,LOCAL,HIGH,LOW,NONE,1.1,microsoft:windows_10_1809|microsoft:windows_10_21h2|microsoft:windows_10_22h2|microsoft:windows_11_23h2|microsoft:windows_11_24h2|microsoft:windows_11_25h2|microsoft:windows_server_2019|microsoft:windows_server_2022|microsoft:windows_server_2022_23h2|microsoft:windows_server_2025,10
CVE-2026-20945,2026-04-14,3.1,4.6,MEDIUM,NETWORK,LOW,LOW,REQUIRED,2.1,microsoft:sharepoint_server,1
CVE-2026-21331,2026-04-14,3.1,6.1,MEDIUM,NETWORK,LOW,NONE,REQUIRED,2.8,adobe:connect|adobe:connect_desktop_application,2
CVE-2026-23653,2026-04-14,3.1,5.7,MEDIUM,NETWORK,LOW,LOW,REQUIRED,2.1,microsoft:github_copilot_chat,1
CVE-2026-23657,2026-04-14,3.1,7.8,HIGH,LOCAL,LOW,NONE,REQUIRED,1.8,microsoft:365_apps|microsoft:office_long_term_servicing_channel,2
CVE-2026-23666,2026-04-14,3.1,7.5,HIGH,NETWORK,LOW,NONE,NONE,3.9,microsoft:.net_framework,1
CVE-2026-23670,2026-04-14,3.1,5.7,MEDIUM,LOCAL,HIGH,HIGH,NONE,0.5,microsoft:windows_10_1607|microsoft:windows_10_1809|microsoft:windows_10_21h2|microsoft:windows_10_22h2|microsoft:windows_11_23h2|microsoft:windows_11_24h2|microsoft:windows_11_25h2|microsoft:windows_11_26h1|microsoft:windows_server_2016|microsoft:windows_server_2019|microsoft:windows_server_2022|microsoft:windows_server_2022_23h2|microsoft:windows_server_2025,13
CVE-2026-24906,2026-04-14,3.1,5.4,MEDIUM,NETWORK,LOW,LOW,REQUIRED,2.3,octobercms:october,1
CVE-2026-24907,2026-04-14,3.1,5.4,MEDIUM,NETWORK,LOW,LOW,REQUIRED,2.3,octobercms:october,1
CVE-2026-25184,2026-04-14,3.1,7.0,HIGH,LOCAL,HIGH,LOW,NONE,1.0,microsoft:windows_11_23h2|microsoft:windows_11_24h2|microsoft:windows_11_25h2|microsoft:windows_11_26h1|microsoft:windows_server_2022_23h2|microsoft:windows_server_2025,6
CVE-2026-26143,2026-04-14,3.1,7.8,HIGH,LOCAL,LOW,NONE,REQUIRED,1.8,microsoft:powershell,1
CVE-2026-26149,2026-04-14,3.1,9.0,CRITICAL,NETWORK,LOW,LOW,REQUIRED,2.3,microsoft:power_apps,1
CVE-2026-26151,2026-04-14,3.1,7.1,HIGH,NETWORK,LOW,NONE,REQUIRED,2.8,microsoft:windows_10_1607|microsoft:windows_10_1809|microsoft:windows_10_21h2|microsoft:windows_10_22h2|microsoft:windows_11_23h2|microsoft:windows_11_24h2|microsoft:windows_11_25h2|microsoft:windows_11_26h1|microsoft:windows_server_2012|microsoft:windows_server_2016|microsoft:windows_server_2019|microsoft:windows_server_2022|microsoft:windows_server_2022_23h2|microsoft:windows_server_2025,14
CVE-2026-26152,2026-04-14,3.1,7.0,HIGH,LOCAL,HIGH,LOW,NONE,1.0,microsoft:windows_10_1607|microsoft:windows_10_1809|microsoft:windows_10_21h2|microsoft:windows_10_22h2|microsoft:windows_11_23h2|microsoft:windows_11_24h2|microsoft:windows_11_25h2|microsoft:windows_11_26h1|microsoft:windows_server_2012|microsoft:windows_server_2016|microsoft:windows_server_2019|microsoft:windows_server_2022|microsoft:windows_server_2022_23h2|microsoft:windows_server_2025,14
CVE-2026-26153,2026-04-14,3.1,7.8,HIGH,LOCAL,LOW,LOW,NONE,1.8,microsoft:windows_10_1809|microsoft:windows_10_21h2|microsoft:windows_10_22h2|microsoft:windows_11_23h2|microsoft:windows_11_24h2|microsoft:windows_11_25h2|microsoft:windows_11_26h1|microsoft:windows_server_2019|microsoft:windows_server_2022|microsoft:windows_server_2022_23h2|microsoft:windows_server_2025,11
CVE-2026-26154,2026-04-14,3.1,7.5,HIGH,NETWORK,LOW,NONE,NONE,3.9,microsoft:windows_server_2012|microsoft:windows_server_2016|microsoft:windows_server_2019|microsoft:windows_server_2022|microsoft:windows_server_2022_23h2|microsoft:windows_server_2025,6
CVE-2026-26155,2026-04-14,3.1,6.5,MEDIUM,NETWORK,LOW,LOW,NONE,2.8,microsoft:windows_10_1607|microsoft:windows_10_1809|microsoft:windows_10_21h2|microsoft:windows_10_22h2|microsoft:windows_11_23h2|microsoft:windows_11_24h2|microsoft:windows_11_25h2|microsoft:windows_11_26h1|microsoft:windows_server_2016|microsoft:windows_server_2019|microsoft:windows_server_2022|microsoft:windows_server_2022_23h2|microsoft:windows_server_2025,13
CVE-2026-26156,2026-04-14,3.1,7.8,HIGH,LOCAL,LOW,NONE,REQUIRED,1.8,microsoft:windows_10_1607|microsoft:windows_10_1809|microsoft:windows_10_21h2|microsoft:windows_10_22h2|microsoft:windows_11_23h2|microsoft:windows_11_24h2|microsoft:windows_11_25h2|microsoft:windows_11_26h1|microsoft:windows_server_2016|microsoft:windows_server_2019|microsoft:windows_server_2022|microsoft:windows_server_2022_23h2|microsoft:windows_server_2025,13
CVE-2026-26159,2026-04-14,3.1,7.8,HIGH,LOCAL,LOW,LOW,NONE,1.8,microsoft:windows_10_1607|microsoft:windows_10_1809|microsoft:windows_10_21h2|microsoft:windows_10_22h2|microsoft:windows_11_23h2|microsoft:windows_11_24h2|microsoft:windows_11_25h2|microsoft:windows_11_26h1|microsoft:windows_server_2012|microsoft:windows_server_2016|microsoft:windows_server_2019|microsoft:windows_server_2022|microsoft:windows_server_2022_23h2|microsoft:windows_server_2025,14
CVE-2026-26160,2026-04-14,3.1,7.8,HIGH,LOCAL,LOW,LOW,NONE,1.8,microsoft:windows_10_1607|microsoft:windows_10_1809|microsoft:windows_10_21h2|microsoft:windows_10_22h2|microsoft:windows_11_23h2|microsoft:windows_11_24h2|microsoft:windows_11_25h2|microsoft:windows_11_26h1|microsoft:windows_server_2012|microsoft:windows_server_2016|microsoft:windows_server_2019|microsoft:windows_server_2022|microsoft:windows_server_2022_23h2|microsoft:windows_server_2025,14
CVE-2026-26161,2026-04-14,3.1,7.8,HIGH,LOCAL,LOW,LOW,NONE,1.8,microsoft:windows_10_1809|microsoft:windows_10_21h2|microsoft:windows_10_22h2|microsoft:windows_11_23h2|microsoft:windows_11_24h2|microsoft:windows_11_25h2|microsoft:windows_11_26h1|microsoft:windows_server_2019|microsoft:windows_server_2022|microsoft:windows_server_2022_23h2|microsoft:windows_server_2025,11
CVE-2026-26162,2026-04-14,3.1,7.8,HIGH,LOCAL,LOW,LOW,NONE,1.8,microsoft:windows_10_1607|microsoft:windows_10_1809|microsoft:windows_10_21h2|microsoft:windows_10_22h2|microsoft:windows_11_23h2|microsoft:windows_11_24h2|microsoft:windows_11_25h2|microsoft:windows_11_26h1|microsoft:windows_server_2012|microsoft:windows_server_2016|microsoft:windows_server_2019|microsoft:windows_server_2022|microsoft:windows_server_2022_23h2|microsoft:windows_server_2025,14
CVE-2026-26163,2026-04-14,3.1,7.8,HIGH,LOCAL,LOW,LOW,NONE,1.8,microsoft:windows_10_1607|microsoft:windows_10_1809|microsoft:windows_10_21h2|microsoft:windows_10_22h2|microsoft:windows_11_23h2|microsoft:windows_11_24h2|microsoft:windows_11_25h2|microsoft:windows_11_26h1|microsoft:windows_server_2012|microsoft:windows_server_2016|microsoft:windows_server_2019|microsoft:windows_server_2022|microsoft:windows_server_2022_23h2|microsoft:windows_server_2025,14
CVE-2026-26165,2026-04-14,3.1,7.0,HIGH,LOCAL,HIGH,LOW,NONE,1.0,microsoft:windows_11_23h2|microsoft:windows_11_24h2|microsoft:windows_11_25h2|microsoft:windows_11_26h1|microsoft:windows_server_2022|microsoft:windows_server_2022_23h2|microsoft:windows_server_2025,7
CVE-2026-26166,2026-04-14,3.1,7.0,HIGH,LOCAL,HIGH,LOW,NONE,1.0,microsoft:windows_11_23h2|microsoft:windows_11_24h2|microsoft:windows_11_25h2|microsoft:windows_11_26h1|microsoft:windows_server_2022|microsoft:windows_server_2022_23h2|microsoft:windows_server_2025,7
CVE-2026-26167,2026-04-14,3.1,8.8,HIGH,LOCAL,LOW,LOW,NONE,2.0,microsoft:windows_10_1607|microsoft:windows_10_1809|microsoft:windows_10_21h2|microsoft:windows_10_22h2|microsoft:windows_11_23h2|microsoft:windows_11_24h2|microsoft:windows_11_25h2|microsoft:windows_11_26h1|microsoft:windows_server_2016|microsoft:windows_server_2019|microsoft:windows_server_2022|microsoft:windows_server_2022_23h2|microsoft:windows_server_2025,13
CVE-2026-26168,2026-04-14,3.1,7.8,HIGH,LOCAL,HIGH,LOW,NONE,1.1,microsoft:windows_10_1607|microsoft:windows_10_1809|microsoft:windows_10_21h2|microsoft:windows_10_22h2|microsoft:windows_11_23h2|microsoft:windows_11_24h2|microsoft:windows_11_25h2|microsoft:windows_11_26h1|microsoft:windows_server_2012|microsoft:windows_server_2016|microsoft:windows_server_2019|microsoft:windows_server_2022|microsoft:windows_server_2022_23h2|microsoft:windows_server_2025,14
CVE-2026-26169,2026-04-14,3.1,6.1,MEDIUM,LOCAL,LOW,LOW,NONE,1.8,microsoft:windows_10_1607|microsoft:windows_10_1809|microsoft:windows_10_21h2|microsoft:windows_10_22h2|microsoft:windows_11_23h2|microsoft:windows_11_24h2|microsoft:windows_11_25h2|microsoft:windows_11_26h1|microsoft:windows_server_2016|microsoft:windows_server_2019|microsoft:windows_server_2022|microsoft:windows_server_2022_23h2|microsoft:windows_server_2025,13
CVE-2026-26170,2026-04-14,3.1,7.8,HIGH,LOCAL,LOW,LOW,NONE,1.8,microsoft:windows_10_1607|microsoft:windows_10_1809|microsoft:windows_10_21h2|microsoft:windows_10_22h2|microsoft:windows_11_23h2|microsoft:windows_11_24h2|microsoft:windows_11_25h2|microsoft:windows_11_26h1|microsoft:windows_server_2016|microsoft:windows_server_2019|microsoft:windows_server_2022|microsoft:windows_server_2022_23h2|microsoft:windows_server_2025,13
CVE-2026-26171,2026-04-14,3.1,7.5,HIGH,NETWORK,LOW,NONE,NONE,3.9,microsoft:.net|microsoft:powershell,2
CVE-2026-26172,2026-04-14,3.1,7.8,HIGH,LOCAL,HIGH,LOW,NONE,1.1,microsoft:windows_10_21h2|microsoft:windows_10_22h2|microsoft:windows_11_23h2|microsoft:windows_11_24h2|microsoft:windows_11_25h2|microsoft:windows_11_26h1|microsoft:windows_server_2022|microsoft:windows_server_2022_23h2|microsoft:windows_server_2025,9
CVE-2026-26173,2026-04-14,3.1,7.0,HIGH,LOCAL,HIGH,LOW,NONE,1.0,microsoft:windows_10_1607|microsoft:windows_10_1809|microsoft:windows_10_21h2|microsoft:windows_10_22h2|microsoft:windows_11_23h2|microsoft:windows_11_24h2|microsoft:windows_11_25h2|microsoft:windows_11_26h1|microsoft:windows_server_2012|microsoft:windows_server_2016|microsoft:windows_server_2019|microsoft:windows_server_2022|microsoft:windows_server_2022_23h2|microsoft:windows_server_2025,14
CVE-2026-26174,2026-04-14,3.1,7.0,HIGH,LOCAL,HIGH,LOW,NONE,1.0,microsoft:windows_10_1607|microsoft:windows_10_1809|microsoft:windows_10_21h2|microsoft:windows_10_22h2|microsoft:windows_11_23h2|microsoft:windows_11_24h2|microsoft:windows_11_25h2|microsoft:windows_11_26h1|microsoft:windows_server_2012|microsoft:windows_server_2016|microsoft:windows_server_2019|microsoft:windows_server_2022|microsoft:windows_server_2022_23h2|microsoft:windows_server_2025,14
CVE-2026-26175,2026-04-14,3.1,4.6,MEDIUM,PHYSICAL,LOW,NONE,NONE,0.9,microsoft:windows_10_1607|microsoft:windows_10_1809|microsoft:windows_10_21h2|microsoft:windows_10_22h2|microsoft:windows_11_23h2|microsoft:windows_11_24h2|microsoft:windows_11_25h2|microsoft:windows_11_26h1|microsoft:windows_server_2016|microsoft:windows_server_2019|microsoft:windows_server_2022|microsoft:windows_server_2022_23h2|microsoft:windows_server_2025,13
CVE-2026-26176,2026-04-14,3.1,7.8,HIGH,LOCAL,LOW,LOW,NONE,1.8,microsoft:windows_10_1607|microsoft:windows_10_1809|microsoft:windows_10_21h2|microsoft:windows_10_22h2|microsoft:windows_11_23h2|microsoft:windows_11_24h2|microsoft:windows_11_25h2|microsoft:windows_11_26h1|microsoft:windows_server_2012|microsoft:windows_server_2016|microsoft:windows_server_2019|microsoft:windows_server_2022|microsoft:windows_server_2022_23h2|microsoft:windows_server_2025,14
CVE-2026-26177,2026-04-14,3.1,7.0,HIGH,LOCAL,HIGH,LOW,NONE,1.0,microsoft:windows_10_1607|microsoft:windows_10_1809|microsoft:windows_10_21h2|microsoft:windows_10_22h2|microsoft:windows_11_23h2|microsoft:windows_11_24h2|microsoft:windows_11_25h2|microsoft:windows_11_26h1|microsoft:windows_server_2012|microsoft:windows_server_2016|microsoft:windows_server_2019|microsoft:windows_server_2022|microsoft:windows_server_2022_23h2|microsoft:windows_server_2025,14
CVE-2026-26178,2026-04-14,3.1,8.8,HIGH,NETWORK,LOW,NONE,REQUIRED,2.8,microsoft:windows_10_1607|microsoft:windows_10_1809|microsoft:windows_10_21h2|microsoft:windows_10_22h2|microsoft:windows_11_23h2|microsoft:windows_11_24h2|microsoft:windows_11_25h2|microsoft:windows_server_2016|microsoft:windows_server_2019|microsoft:windows_server_2022|microsoft:windows_server_2022_23h2|microsoft:windows_server_2025,12
CVE-2026-26179,2026-04-14,3.1,7.8,HIGH,LOCAL,LOW,LOW,NONE,1.8,microsoft:windows_11_23h2|microsoft:windows_11_24h2|microsoft:windows_11_25h2|microsoft:windows_11_26h1|microsoft:windows_server_2022_23h2|microsoft:windows_server_2025,6
CVE-2026-26180,2026-04-14,3.1,7.8,HIGH,LOCAL,LOW,LOW,NONE,1.8,microsoft:windows_10_1607|microsoft:windows_10_1809|microsoft:windows_10_21h2|microsoft:windows_10_22h2|microsoft:windows_11_23h2|microsoft:windows_11_24h2|microsoft:windows_11_25h2|microsoft:windows_11_26h1|microsoft:windows_server_2012|microsoft:windows_server_2016|microsoft:windows_server_2019|microsoft:windows_server_2022|microsoft:windows_server_2022_23h2|microsoft:windows_server_2025,14
CVE-2026-26181,2026-04-14,3.1,7.8,HIGH,LOCAL,LOW,LOW,NONE,1.8,microsoft:windows_11_23h2|microsoft:windows_11_24h2|microsoft:windows_11_25h2|microsoft:windows_11_26h1|microsoft:windows_server_2022_23h2|microsoft:windows_server_2025,6
CVE-2026-26182,2026-04-14,3.1,7.0,HIGH,LOCAL,HIGH,LOW,NONE,1.0,microsoft:windows_10_1607|microsoft:windows_10_1809|microsoft:windows_10_21h2|microsoft:windows_10_22h2|microsoft:windows_11_23h2|microsoft:windows_11_24h2|microsoft:windows_11_25h2|microsoft:windows_11_26h1|microsoft:windows_server_2012|microsoft:windows_server_2016|microsoft:windows_server_2019|microsoft:windows_server_2022|microsoft:windows_server_2022_23h2|microsoft:windows_server_2025,14
CVE-2026-26183,2026-04-14,3.1,7.8,HIGH,LOCAL,LOW,LOW,NONE,1.8,microsoft:windows_server_2012|microsoft:windows_server_2016|microsoft:windows_server_2019|microsoft:windows_server_2022|microsoft:windows_server_2022_23h2|microsoft:windows_server_2025,6
CVE-2026-26184,2026-04-14,3.1,7.8,HIGH,LOCAL,LOW,LOW,NONE,1.8,microsoft:windows_10_1809|microsoft:windows_10_21h2|microsoft:windows_10_22h2|microsoft:windows_11_23h2|microsoft:windows_11_24h2|microsoft:windows_11_25h2|microsoft:windows_11_26h1|microsoft:windows_server_2019|microsoft:windows_server_2022|microsoft:windows_server_2022_23h2|microsoft:windows_server_2025,11
CVE-2026-27243,2026-04-14,3.1,9.3,CRITICAL,NETWORK,LOW,NONE,REQUIRED,2.8,adobe:connect|adobe:connect_desktop_application,2
CVE-2026-27245,2026-04-14,3.1,9.3,CRITICAL,NETWORK,LOW,NONE,REQUIRED,2.8,adobe:connect|adobe:connect_desktop_application,2
CVE-2026-27246,2026-04-14,3.1,9.3,CRITICAL,NETWORK,LOW,NONE,REQUIRED,2.8,adobe:connect|adobe:connect_desktop_application,2
CVE-2026-27258,2026-04-14,3.1,5.5,MEDIUM,LOCAL,LOW,NONE,REQUIRED,1.8,adobe:dng_software_development_kit,1
CVE-2026-27288,2026-04-14,3.1,5.4,MEDIUM,NETWORK,LOW,LOW,REQUIRED,2.3,adobe:experience_manager|adobe:experience_manager_screens,2
CVE-2026-27303,2026-04-14,3.1,9.6,CRITICAL,NETWORK,LOW,NONE,REQUIRED,2.8,adobe:connect|adobe:connect_desktop_application,2
CVE-2026-27906,2026-04-14,3.1,4.4,MEDIUM,LOCAL,LOW,HIGH,NONE,0.8,microsoft:windows_10_21h2|microsoft:windows_10_22h2|microsoft:windows_11_23h2|microsoft:windows_11_24h2|microsoft:windows_11_25h2|microsoft:windows_11_26h1,6
CVE-2026-27907,2026-04-14,3.1,7.8,HIGH,LOCAL,LOW,LOW,NONE,1.8,microsoft:windows_11_23h2|microsoft:windows_11_24h2|microsoft:windows_11_25h2|microsoft:windows_11_26h1|microsoft:windows_server_2022_23h2|microsoft:windows_server_2025,6
CVE-2026-27908,2026-04-14,3.1,7.0,HIGH,LOCAL,HIGH,LOW,NONE,1.0,microsoft:windows_10_1607|microsoft:windows_10_1809|microsoft:windows_10_21h2|microsoft:windows_10_22h2|microsoft:windows_11_23h2|microsoft:windows_11_24h2|microsoft:windows_11_25h2|microsoft:windows_11_26h1|microsoft:windows_server_2012|microsoft:windows_server_2016|microsoft:windows_server_2019|microsoft:windows_server_2022|microsoft:windows_server_2022_23h2|microsoft:windows_server_2025,14
CVE-2026-27909,2026-04-14,3.1,7.8,HIGH,LOCAL,LOW,LOW,NONE,1.8,microsoft:windows_10_1607|microsoft:windows_10_1809|microsoft:windows_10_21h2|microsoft:windows_10_22h2|microsoft:windows_11_23h2|microsoft:windows_11_24h2|microsoft:windows_11_25h2|microsoft:windows_11_26h1|microsoft:windows_server_2012|microsoft:windows_server_2016|microsoft:windows_server_2019|microsoft:windows_server_2022|microsoft:windows_server_2022_23h2|microsoft:windows_server_2025,14
CVE-2026-27910,2026-04-14,3.1,7.8,HIGH,LOCAL,LOW,LOW,NONE,1.8,microsoft:windows_10_1607|microsoft:windows_10_1809|microsoft:windows_10_21h2|microsoft:windows_10_22h2|microsoft:windows_11_23h2|microsoft:windows_11_24h2|microsoft:windows_11_25h2|microsoft:windows_11_26h1|microsoft:windows_server_2012|microsoft:windows_server_2016|microsoft:windows_server_2019|microsoft:windows_server_2022|microsoft:windows_server_2022_23h2|microsoft:windows_server_2025,14
CVE-2026-27911,2026-04-14,3.1,7.8,HIGH,LOCAL,HIGH,LOW,NONE,1.1,microsoft:windows_10_1607|microsoft:windows_10_1809|microsoft:windows_10_21h2|microsoft:windows_10_22h2|microsoft:windows_11_23h2|microsoft:windows_11_24h2|microsoft:windows_11_25h2|microsoft:windows_11_26h1|microsoft:windows_server_2016|microsoft:windows_server_2019|microsoft:windows_server_2022|microsoft:windows_server_2022_23h2|microsoft:windows_server_2025,13
CVE-2026-27912,2026-04-14,3.1,8.0,HIGH,ADJACENT,LOW,LOW,NONE,2.1,microsoft:windows_server_2012|microsoft:windows_server_2016|microsoft:windows_server_2019|microsoft:windows_server_2022|microsoft:windows_server_2022_23h2|microsoft:windows_server_2025,6
CVE-2026-27913,2026-04-14,3.1,7.7,HIGH,LOCAL,LOW,NONE,NONE,2.5,microsoft:windows_server_2012|microsoft:windows_server_2016|microsoft:windows_server_2019|microsoft:windows_server_2022|microsoft:windows_server_2022_23h2,5
CVE-2026-27914,2026-04-14,3.1,7.8,HIGH,LOCAL,LOW,LOW,NONE,1.8,microsoft:windows_10_1607|microsoft:windows_10_1809|microsoft:windows_10_21h2|microsoft:windows_10_22h2|microsoft:windows_11_23h2|microsoft:windows_11_24h2|microsoft:windows_11_25h2|microsoft:windows_11_26h1|microsoft:windows_server_2012|microsoft:windows_server_2016|microsoft:windows_server_2019|microsoft:windows_server_2022|microsoft:windows_server_2022_23h2|microsoft:windows_server_2025,14
CVE-2026-27915,2026-04-14,3.1,7.8,HIGH,LOCAL,LOW,LOW,NONE,1.8,microsoft:windows_10_1607|microsoft:windows_10_1809|microsoft:windows_10_21h2|microsoft:windows_10_22h2|microsoft:windows_11_23h2|microsoft:windows_11_24h2|microsoft:windows_11_25h2|microsoft:windows_11_26h1|microsoft:windows_server_2012|microsoft:windows_server_2016|microsoft:windows_server_2019|microsoft:windows_server_2022|microsoft:windows_server_2022_23h2|microsoft:windows_server_2025,14
CVE-2026-27916,2026-04-14,3.1,7.8,HIGH,LOCAL,LOW,LOW,NONE,1.8,microsoft:windows_10_1607|microsoft:windows_10_1809|microsoft:windows_10_21h2|microsoft:windows_10_22h2|microsoft:windows_11_23h2|microsoft:windows_11_24h2|microsoft:windows_11_25h2|microsoft:windows_11_26h1|microsoft:windows_server_2012|microsoft:windows_server_2016|microsoft:windows_server_2019|microsoft:windows_server_2022|microsoft:windows_server_2022_23h2|microsoft:windows_server_2025,14
CVE-2026-27917,2026-04-14,3.1,7.0,HIGH,LOCAL,HIGH,LOW,NONE,1.0,microsoft:windows_10_1607|microsoft:windows_10_1809|microsoft:windows_10_21h2|microsoft:windows_10_22h2|microsoft:windows_11_23h2|microsoft:windows_11_24h2|microsoft:windows_11_25h2|microsoft:windows_11_26h1|microsoft:windows_server_2012|microsoft:windows_server_2016|microsoft:windows_server_2019|microsoft:windows_server_2022|microsoft:windows_server_2022_23h2|microsoft:windows_server_2025,14
CVE-2026-27918,2026-04-14,3.1,7.8,HIGH,LOCAL,LOW,LOW,NONE,1.8,microsoft:windows_10_1809|microsoft:windows_10_21h2|microsoft:windows_10_22h2|microsoft:windows_11_23h2|microsoft:windows_11_24h2|microsoft:windows_11_25h2|microsoft:windows_11_26h1|microsoft:windows_server_2019|microsoft:windows_server_2022|microsoft:windows_server_2022_23h2|microsoft:windows_server_2025,11
CVE-2026-27919,2026-04-14,3.1,7.8,HIGH,LOCAL,LOW,LOW,NONE,1.8,microsoft:windows_10_1607|microsoft:windows_10_1809|microsoft:windows_10_21h2|microsoft:windows_10_22h2|microsoft:windows_11_23h2|microsoft:windows_11_24h2|microsoft:windows_11_25h2|microsoft:windows_11_26h1|microsoft:windows_server_2012|microsoft:windows_server_2016|microsoft:windows_server_2019|microsoft:windows_server_2022|microsoft:windows_server_2022_23h2|microsoft:windows_server_2025,14
CVE-2026-27920,2026-04-14,3.1,7.8,HIGH,LOCAL,LOW,LOW,NONE,1.8,microsoft:windows_10_1607|microsoft:windows_10_1809|microsoft:windows_10_21h2|microsoft:windows_10_22h2|microsoft:windows_11_23h2|microsoft:windows_11_24h2|microsoft:windows_11_25h2|microsoft:windows_11_26h1|microsoft:windows_server_2012|microsoft:windows_server_2016|microsoft:windows_server_2019|microsoft:windows_server_2022|microsoft:windows_server_2022_23h2|microsoft:windows_server_2025,14
CVE-2026-27921,2026-04-14,3.1,7.0,HIGH,LOCAL,HIGH,LOW,NONE,1.0,microsoft:windows_10_1607|microsoft:windows_10_1809|microsoft:windows_10_21h2|microsoft:windows_10_22h2|microsoft:windows_11_23h2|microsoft:windows_11_24h2|microsoft:windows_11_25h2|microsoft:windows_11_26h1|microsoft:windows_server_2012|microsoft:windows_server_2016|microsoft:windows_server_2019|microsoft:windows_server_2022|microsoft:windows_server_2022_23h2|microsoft:windows_server_2025,14
CVE-2026-27922,2026-04-14,3.1,7.0,HIGH,LOCAL,HIGH,LOW,NONE,1.0,microsoft:windows_10_1607|microsoft:windows_10_1809|microsoft:windows_10_21h2|microsoft:windows_10_22h2|microsoft:windows_11_23h2|microsoft:windows_11_24h2|microsoft:windows_11_25h2|microsoft:windows_11_26h1|microsoft:windows_server_2012|microsoft:windows_server_2016|microsoft:windows_server_2019|microsoft:windows_server_2022|microsoft:windows_server_2022_23h2|microsoft:windows_server_2025,14
CVE-2026-27923,2026-04-14,3.1,7.8,HIGH,LOCAL,LOW,LOW,NONE,1.8,microsoft:windows_10_1607|microsoft:windows_10_1809|microsoft:windows_10_21h2|microsoft:windows_10_22h2|microsoft:windows_11_23h2|microsoft:windows_11_24h2|microsoft:windows_11_25h2|microsoft:windows_11_26h1|microsoft:windows_server_2012|microsoft:windows_server_2016|microsoft:windows_server_2019|microsoft:windows_server_2022|microsoft:windows_server_2022_23h2|microsoft:windows_server_2025,14
CVE-2026-27924,2026-04-14,3.1,7.8,HIGH,LOCAL,LOW,LOW,NONE,1.8,microsoft:windows_10_21h2|microsoft:windows_10_22h2|microsoft:windows_11_23h2|microsoft:windows_server_2022|microsoft:windows_server_2022_23h2,5
CVE-2026-27925,2026-04-14,3.1,6.5,MEDIUM,ADJACENT,LOW,NONE,NONE,2.8,microsoft:windows_10_1607|microsoft:windows_10_1809|microsoft:windows_10_21h2|microsoft:windows_10_22h2|microsoft:windows_11_23h2|microsoft:windows_11_24h2|microsoft:windows_11_25h2|microsoft:windows_11_26h1|microsoft:windows_server_2012|microsoft:windows_server_2016|microsoft:windows_server_2019|microsoft:windows_server_2022|microsoft:windows_server_2022_23h2|microsoft:windows_server_2025,14
CVE-2026-27926,2026-04-14,3.1,7.0,HIGH,LOCAL,HIGH,LOW,NONE,1.0,microsoft:windows_10_1809|microsoft:windows_10_21h2|microsoft:windows_10_22h2|microsoft:windows_11_23h2|microsoft:windows_11_24h2|microsoft:windows_11_25h2|microsoft:windows_11_26h1|microsoft:windows_server_2019|microsoft:windows_server_2022|microsoft:windows_server_2022_23h2|microsoft:windows_server_2025,11
CVE-2026-27927,2026-04-14,3.1,7.8,HIGH,LOCAL,LOW,LOW,NONE,1.8,microsoft:windows_10_1809|microsoft:windows_10_21h2|microsoft:windows_10_22h2|microsoft:windows_11_23h2|microsoft:windows_11_24h2|microsoft:windows_11_25h2|microsoft:windows_11_26h1|microsoft:windows_server_2019|microsoft:windows_server_2022|microsoft:windows_server_2022_23h2|microsoft:windows_server_2025,11
CVE-2026-27928,2026-04-14,3.1,8.7,HIGH,NETWORK,HIGH,NONE,NONE,2.2,microsoft:windows_server_2016|microsoft:windows_server_2019|microsoft:windows_server_2022|microsoft:windows_server_2022_23h2|microsoft:windows_server_2025,5
CVE-2026-27929,2026-04-14,3.1,7.0,HIGH,LOCAL,HIGH,LOW,NONE,1.0,microsoft:windows_10_1607|microsoft:windows_10_1809|microsoft:windows_10_21h2|microsoft:windows_10_22h2|microsoft:windows_11_23h2|microsoft:windows_11_24h2|microsoft:windows_11_25h2|microsoft:windows_11_26h1|microsoft:windows_server_2012|microsoft:windows_server_2016|microsoft:windows_server_2019|microsoft:windows_server_2022|microsoft:windows_server_2022_23h2|microsoft:windows_server_2025,14
CVE-2026-27930,2026-04-14,3.1,5.5,MEDIUM,LOCAL,LOW,NONE,REQUIRED,1.8,microsoft:windows_10_1607|microsoft:windows_10_1809|microsoft:windows_10_21h2|microsoft:windows_10_22h2|microsoft:windows_11_23h2|microsoft:windows_11_24h2|microsoft:windows_11_25h2|microsoft:windows_11_26h1|microsoft:windows_server_2012|microsoft:windows_server_2016|microsoft:windows_server_2019|microsoft:windows_server_2022|microsoft:windows_server_2022_23h2|microsoft:windows_server_2025,14
CVE-2026-27931,2026-04-14,3.1,5.5,MEDIUM,LOCAL,LOW,NONE,REQUIRED,1.8,microsoft:windows_10_21h2|microsoft:windows_10_22h2|microsoft:windows_11_23h2|microsoft:windows_11_24h2|microsoft:windows_11_25h2|microsoft:windows_11_26h1|microsoft:windows_server_2022|microsoft:windows_server_2022_23h2|microsoft:windows_server_2025,9
CVE-2026-32068,2026-04-14,3.1,7.0,HIGH,LOCAL,HIGH,LOW,NONE,1.0,microsoft:windows_10_1607|microsoft:windows_10_1809|microsoft:windows_10_21h2|microsoft:windows_10_22h2|microsoft:windows_11_23h2|microsoft:windows_11_24h2|microsoft:windows_11_25h2|microsoft:windows_11_26h1|microsoft:windows_server_2012|microsoft:windows_server_2016|microsoft:windows_server_2019|microsoft:windows_server_2022|microsoft:windows_server_2022_23h2|microsoft:windows_server_2025,14
CVE-2026-32069,2026-04-14,3.1,7.8,HIGH,LOCAL,LOW,LOW,NONE,1.8,microsoft:windows_10_1809|microsoft:windows_10_21h2|microsoft:windows_10_22h2|microsoft:windows_11_23h2|microsoft:windows_11_24h2|microsoft:windows_11_25h2|microsoft:windows_11_26h1|microsoft:windows_server_2019|microsoft:windows_server_2022|microsoft:windows_server_2022_23h2|microsoft:windows_server_2025,11
CVE-2026-32070,2026-04-14,3.1,7.0,HIGH,LOCAL,HIGH,LOW,NONE,1.0,microsoft:windows_10_1607|microsoft:windows_10_1809|microsoft:windows_10_21h2|microsoft:windows_10_22h2|microsoft:windows_11_23h2|microsoft:windows_11_24h2|microsoft:windows_11_25h2|microsoft:windows_11_26h1|microsoft:windows_server_2012|microsoft:windows_server_2016|microsoft:windows_server_2019|microsoft:windows_server_2022|microsoft:windows_server_2022_23h2|microsoft:windows_server_2025,14
CVE-2026-32071,2026-04-14,3.1,7.5,HIGH,NETWORK,LOW,NONE,NONE,3.9,microsoft:windows_10_1607|microsoft:windows_10_1809|microsoft:windows_10_21h2|microsoft:windows_10_22h2|microsoft:windows_11_23h2|microsoft:windows_11_24h2|microsoft:windows_11_25h2|microsoft:windows_11_26h1|microsoft:windows_server_2016|microsoft:windows_server_2019|microsoft:windows_server_2022|microsoft:windows_server_2022_23h2|microsoft:windows_server_2025,13
CVE-2026-32072,2026-04-14,3.1,6.2,MEDIUM,LOCAL,LOW,NONE,NONE,2.5,microsoft:windows_10_1607|microsoft:windows_10_1809|microsoft:windows_10_21h2|microsoft:windows_10_22h2|microsoft:windows_11_23h2|microsoft:windows_11_24h2|microsoft:windows_11_25h2|microsoft:windows_11_26h1|microsoft:windows_server_2016|microsoft:windows_server_2019|microsoft:windows_server_2022|microsoft:windows_server_2022_23h2|microsoft:windows_server_2025,13
CVE-2026-32073,2026-04-14,3.1,7.0,HIGH,LOCAL,HIGH,LOW,NONE,1.0,microsoft:windows_10_1607|microsoft:windows_10_1809|microsoft:windows_10_21h2|microsoft:windows_10_22h2|microsoft:windows_11_23h2|microsoft:windows_11_24h2|microsoft:windows_11_25h2|microsoft:windows_11_26h1|microsoft:windows_server_2012|microsoft:windows_server_2016|microsoft:windows_server_2019|microsoft:windows_server_2022|microsoft:windows_server_2022_23h2|microsoft:windows_server_2025,14
CVE-2026-32074,2026-04-14,3.1,7.8,HIGH,LOCAL,LOW,LOW,NONE,1.8,microsoft:windows_10_1809|microsoft:windows_10_21h2|microsoft:windows_10_22h2|microsoft:windows_11_23h2|microsoft:windows_11_24h2|microsoft:windows_11_25h2|microsoft:windows_11_26h1|microsoft:windows_server_2019|microsoft:windows_server_2022|microsoft:windows_server_2022_23h2|microsoft:windows_server_2025,11
CVE-2026-32075,2026-04-14,3.1,7.0,HIGH,LOCAL,HIGH,LOW,NONE,1.0,microsoft:windows_10_1607|microsoft:windows_10_1809|microsoft:windows_10_21h2|microsoft:windows_10_22h2|microsoft:windows_11_23h2|microsoft:windows_11_24h2|microsoft:windows_11_25h2|microsoft:windows_11_26h1|microsoft:windows_server_2012|microsoft:windows_server_2016|microsoft:windows_server_2019|microsoft:windows_server_2022|microsoft:windows_server_2022_23h2|microsoft:windows_server_2025,14
CVE-2026-32076,2026-04-14,3.1,7.8,HIGH,LOCAL,LOW,LOW,NONE,1.8,microsoft:windows_11_23h2|microsoft:windows_11_24h2|microsoft:windows_11_25h2|microsoft:windows_11_26h1|microsoft:windows_server_2022_23h2|microsoft:windows_server_2025,6
CVE-2026-32077,2026-04-14,3.1,7.8,HIGH,LOCAL,LOW,LOW,NONE,1.8,microsoft:windows_10_1607|microsoft:windows_10_1809|microsoft:windows_10_21h2|microsoft:windows_10_22h2|microsoft:windows_11_23h2|microsoft:windows_11_24h2|microsoft:windows_11_25h2|microsoft:windows_11_26h1|microsoft:windows_server_2012|microsoft:windows_server_2016|microsoft:windows_server_2019|microsoft:windows_server_2022|microsoft:windows_server_2022_23h2|microsoft:windows_server_2025,14
CVE-2026-32078,2026-04-14,3.1,7.8,HIGH,LOCAL,LOW,LOW,NONE,1.8,microsoft:windows_10_1809|microsoft:windows_10_21h2|microsoft:windows_10_22h2|microsoft:windows_11_23h2|microsoft:windows_11_24h2|microsoft:windows_11_25h2|microsoft:windows_11_26h1|microsoft:windows_server_2019|microsoft:windows_server_2022|microsoft:windows_server_2022_23h2|microsoft:windows_server_2025,11
CVE-2026-32079,2026-04-14,3.1,5.5,MEDIUM,LOCAL,LOW,LOW,NONE,1.8,microsoft:windows_10_1607|microsoft:windows_10_1809|microsoft:windows_10_21h2|microsoft:windows_10_22h2|microsoft:windows_11_23h2|microsoft:windows_11_24h2|microsoft:windows_11_25h2|microsoft:windows_11_26h1|microsoft:windows_server_2016|microsoft:windows_server_2019|microsoft:windows_server_2022|microsoft:windows_server_2022_23h2|microsoft:windows_server_2025,13
CVE-2026-32080,2026-04-14,3.1,7.0,HIGH,LOCAL,HIGH,LOW,NONE,1.0,microsoft:windows_server_2016|microsoft:windows_server_2019|microsoft:windows_server_2022|microsoft:windows_server_2022_23h2|microsoft:windows_server_2025,5
CVE-2026-32081,2026-04-14,3.1,5.5,MEDIUM,LOCAL,LOW,LOW,NONE,1.8,microsoft:windows_10_1607|microsoft:windows_10_1809|microsoft:windows_10_21h2|microsoft:windows_10_22h2|microsoft:windows_11_23h2|microsoft:windows_11_24h2|microsoft:windows_11_25h2|microsoft:windows_11_26h1|microsoft:windows_server_2016|microsoft:windows_server_2019|microsoft:windows_server_2022|microsoft:windows_server_2022_23h2|microsoft:windows_server_2025,13
CVE-2026-32082,2026-04-14,3.1,7.0,HIGH,LOCAL,HIGH,LOW,NONE,1.0,microsoft:windows_10_1607|microsoft:windows_10_1809|microsoft:windows_10_21h2|microsoft:windows_10_22h2|microsoft:windows_11_23h2|microsoft:windows_11_24h2|microsoft:windows_11_25h2|microsoft:windows_11_26h1|microsoft:windows_server_2012|microsoft:windows_server_2016|microsoft:windows_server_2019|microsoft:windows_server_2022|microsoft:windows_server_2022_23h2|microsoft:windows_server_2025,14
CVE-2026-32083,2026-04-14,3.1,7.0,HIGH,LOCAL,HIGH,LOW,NONE,1.0,microsoft:windows_10_1607|microsoft:windows_10_1809|microsoft:windows_10_21h2|microsoft:windows_10_22h2|microsoft:windows_11_23h2|microsoft:windows_11_24h2|microsoft:windows_11_25h2|microsoft:windows_11_26h1|microsoft:windows_server_2012|microsoft:windows_server_2016|microsoft:windows_server_2019|microsoft:windows_server_2022|microsoft:windows_server_2022_23h2|microsoft:windows_server_2025,14
CVE-2026-32084,2026-04-14,3.1,5.5,MEDIUM,LOCAL,LOW,LOW,NONE,1.8,microsoft:windows_10_1607|microsoft:windows_10_1809|microsoft:windows_10_21h2|microsoft:windows_10_22h2|microsoft:windows_11_23h2|microsoft:windows_11_24h2|microsoft:windows_11_25h2|microsoft:windows_11_26h1|microsoft:windows_server_2012|microsoft:windows_server_2016|microsoft:windows_server_2019|microsoft:windows_server_2022|microsoft:windows_server_2022_23h2|microsoft:windows_server_2025,14
CVE-2026-32085,2026-04-14,3.1,5.5,MEDIUM,LOCAL,LOW,LOW,NONE,1.8,microsoft:windows_10_1607|microsoft:windows_10_1809|microsoft:windows_10_21h2|microsoft:windows_10_22h2|microsoft:windows_11_23h2|microsoft:windows_11_24h2|microsoft:windows_11_25h2|microsoft:windows_11_26h1|microsoft:windows_server_2016|microsoft:windows_server_2019|microsoft:windows_server_2022|microsoft:windows_server_2022_23h2|microsoft:windows_server_2025,13
CVE-2026-32086,2026-04-14,3.1,7.0,HIGH,LOCAL,HIGH,LOW,NONE,1.0,microsoft:windows_10_1607|microsoft:windows_10_1809|microsoft:windows_10_21h2|microsoft:windows_10_22h2|microsoft:windows_11_23h2|microsoft:windows_11_24h2|microsoft:windows_11_25h2|microsoft:windows_11_26h1|microsoft:windows_server_2012|microsoft:windows_server_2016|microsoft:windows_server_2019|microsoft:windows_server_2022|microsoft:windows_server_2022_23h2|microsoft:windows_server_2025,14
CVE-2026-32087,2026-04-14,3.1,7.0,HIGH,LOCAL,HIGH,LOW,NONE,1.0,microsoft:windows_10_1607|microsoft:windows_10_1809|microsoft:windows_10_21h2|microsoft:windows_10_22h2|microsoft:windows_11_23h2|microsoft:windows_11_24h2|microsoft:windows_11_25h2|microsoft:windows_11_26h1|microsoft:windows_server_2012|microsoft:windows_server_2016|microsoft:windows_server_2019|microsoft:windows_server_2022|microsoft:windows_server_2022_23h2|microsoft:windows_server_2025,14
CVE-2026-32088,2026-04-14,3.1,6.1,MEDIUM,PHYSICAL,LOW,NONE,NONE,0.9,microsoft:windows_10_1809|microsoft:windows_10_21h2|microsoft:windows_10_22h2|microsoft:windows_11_23h2|microsoft:windows_11_24h2|microsoft:windows_11_25h2|microsoft:windows_11_26h1|microsoft:windows_server_2019|microsoft:windows_server_2022|microsoft:windows_server_2022_23h2|microsoft:windows_server_2025,11
CVE-2026-32089,2026-04-14,3.1,7.8,HIGH,LOCAL,LOW,LOW,NONE,1.8,microsoft:windows_10_1607|microsoft:windows_10_1809|microsoft:windows_10_21h2|microsoft:windows_10_22h2|microsoft:windows_11_23h2|microsoft:windows_11_24h2|microsoft:windows_11_25h2|microsoft:windows_11_26h1|microsoft:windows_server_2016|microsoft:windows_server_2019|microsoft:windows_server_2022|microsoft:windows_server_2022_23h2|microsoft:windows_server_2025,13
CVE-2026-32090,2026-04-14,3.1,7.8,HIGH,LOCAL,LOW,LOW,NONE,1.8,microsoft:windows_10_1607|microsoft:windows_10_1809|microsoft:windows_10_21h2|microsoft:windows_10_22h2|microsoft:windows_11_23h2|microsoft:windows_11_24h2|microsoft:windows_11_25h2|microsoft:windows_11_26h1|microsoft:windows_server_2016|microsoft:windows_server_2019|microsoft:windows_server_2022|microsoft:windows_server_2022_23h2|microsoft:windows_server_2025,13
CVE-2026-32091,2026-04-14,3.1,8.4,HIGH,LOCAL,LOW,NONE,NONE,2.5,microsoft:windows_10_1607|microsoft:windows_10_1809|microsoft:windows_10_21h2|microsoft:windows_10_22h2|microsoft:windows_11_23h2|microsoft:windows_11_24h2|microsoft:windows_11_25h2|microsoft:windows_11_26h1|microsoft:windows_server_2016|microsoft:windows_server_2019|microsoft:windows_server_2022|microsoft:windows_server_2022_23h2|microsoft:windows_server_2025,13
CVE-2026-32093,2026-04-14,3.1,7.0,HIGH,LOCAL,HIGH,LOW,NONE,1.0,microsoft:windows_10_1607|microsoft:windows_10_1809|microsoft:windows_10_21h2|microsoft:windows_10_22h2|microsoft:windows_11_23h2|microsoft:windows_11_24h2|microsoft:windows_11_25h2|microsoft:windows_11_26h1|microsoft:windows_server_2012|microsoft:windows_server_2016|microsoft:windows_server_2019|microsoft:windows_server_2022|microsoft:windows_server_2022_23h2|microsoft:windows_server_2025,14
CVE-2026-32149,2026-04-14,3.1,7.3,HIGH,LOCAL,LOW,LOW,REQUIRED,1.3,microsoft:windows_10_1607|microsoft:windows_10_1809|microsoft:windows_10_21h2|microsoft:windows_10_22h2|microsoft:windows_11_23h2|microsoft:windows_11_24h2|microsoft:windows_11_25h2|microsoft:windows_11_26h1|microsoft:windows_server_2016|microsoft:windows_server_2019|microsoft:windows_server_2022|microsoft:windows_server_2022_23h2|microsoft:windows_server_2025,13
CVE-2026-32150,2026-04-14,3.1,7.0,HIGH,LOCAL,HIGH,LOW,NONE,1.0,microsoft:windows_10_1607|microsoft:windows_10_1809|microsoft:windows_10_21h2|microsoft:windows_10_22h2|microsoft:windows_11_23h2|microsoft:windows_11_24h2|microsoft:windows_11_25h2|microsoft:windows_11_26h1|microsoft:windows_server_2012|microsoft:windows_server_2016|microsoft:windows_server_2019|microsoft:windows_server_2022|microsoft:windows_server_2022_23h2|microsoft:windows_server_2025,14
CVE-2026-32151,2026-04-14,3.1,6.5,MEDIUM,NETWORK,LOW,LOW,NONE,2.8,microsoft:windows_10_1607|microsoft:windows_10_1809|microsoft:windows_10_21h2|microsoft:windows_10_22h2|microsoft:windows_11_23h2|microsoft:windows_11_24h2|microsoft:windows_11_25h2|microsoft:windows_11_26h1|microsoft:windows_server_2012|microsoft:windows_server_2016|microsoft:windows_server_2019|microsoft:windows_server_2022|microsoft:windows_server_2022_23h2|microsoft:windows_server_2025,14
CVE-2026-32152,2026-04-14,3.1,7.8,HIGH,LOCAL,LOW,LOW,NONE,1.8,microsoft:windows_11_23h2|microsoft:windows_11_24h2|microsoft:windows_11_25h2|microsoft:windows_11_26h1|microsoft:windows_server_2022|microsoft:windows_server_2022_23h2|microsoft:windows_server_2025,7
CVE-2026-32153,2026-04-14,3.1,7.8,HIGH,LOCAL,LOW,LOW,NONE,1.8,microsoft:windows_10_1809|microsoft:windows_10_21h2|microsoft:windows_10_22h2|microsoft:windows_11_23h2|microsoft:windows_11_24h2|microsoft:windows_11_25h2|microsoft:windows_11_26h1,7
CVE-2026-32154,2026-04-14,3.1,7.8,HIGH,LOCAL,LOW,LOW,NONE,1.8,microsoft:windows_11_23h2|microsoft:windows_11_24h2|microsoft:windows_11_25h2|microsoft:windows_11_26h1|microsoft:windows_server_2022|microsoft:windows_server_2022_23h2|microsoft:windows_server_2025,7
CVE-2026-32155,2026-04-14,3.1,7.8,HIGH,LOCAL,LOW,LOW,NONE,1.8,microsoft:windows_10_21h2|microsoft:windows_10_22h2|microsoft:windows_11_23h2|microsoft:windows_11_24h2|microsoft:windows_11_25h2|microsoft:windows_server_2022|microsoft:windows_server_2022_23h2|microsoft:windows_server_2025,8
CVE-2026-32156,2026-04-14,3.1,7.4,HIGH,LOCAL,HIGH,NONE,NONE,1.4,microsoft:windows_10_1607|microsoft:windows_10_1809|microsoft:windows_10_21h2|microsoft:windows_10_22h2|microsoft:windows_11_23h2|microsoft:windows_11_24h2|microsoft:windows_11_25h2|microsoft:windows_11_26h1|microsoft:windows_server_2012|microsoft:windows_server_2016|microsoft:windows_server_2019|microsoft:windows_server_2022|microsoft:windows_server_2022_23h2|microsoft:windows_server_2025,14
CVE-2026-32157,2026-04-14,3.1,8.8,HIGH,NETWORK,LOW,NONE,REQUIRED,2.8,microsoft:remote_desktop_client|microsoft:windows_10_1607|microsoft:windows_10_1809|microsoft:windows_10_21h2|microsoft:windows_10_22h2|microsoft:windows_11_23h2|microsoft:windows_11_24h2|microsoft:windows_11_25h2|microsoft:windows_11_26h1|microsoft:windows_server_2012|microsoft:windows_server_2016|microsoft:windows_server_2019|microsoft:windows_server_2022|microsoft:windows_server_2022_23h2|microsoft:windows_server_2025,15
CVE-2026-32158,2026-04-14,3.1,7.8,HIGH,LOCAL,HIGH,LOW,NONE,1.1,microsoft:windows_10_1809|microsoft:windows_10_21h2|microsoft:windows_10_22h2|microsoft:windows_11_23h2|microsoft:windows_11_24h2|microsoft:windows_11_25h2|microsoft:windows_11_26h1|microsoft:windows_server_2019|microsoft:windows_server_2022|microsoft:windows_server_2022_23h2|microsoft:windows_server_2025,11
CVE-2026-32159,2026-04-14,3.1,7.8,HIGH,LOCAL,HIGH,LOW,NONE,1.1,microsoft:windows_10_1809|microsoft:windows_10_21h2|microsoft:windows_10_22h2|microsoft:windows_11_23h2|microsoft:windows_11_24h2|microsoft:windows_11_25h2|microsoft:windows_11_26h1|microsoft:windows_server_2019|microsoft:windows_server_2022|microsoft:windows_server_2022_23h2|microsoft:windows_server_2025,11
CVE-2026-32160,2026-04-14,3.1,7.8,HIGH,LOCAL,HIGH,LOW,NONE,1.1,microsoft:windows_10_1809|microsoft:windows_10_21h2|microsoft:windows_10_22h2|microsoft:windows_11_23h2|microsoft:windows_11_24h2|microsoft:windows_11_25h2|microsoft:windows_11_26h1|microsoft:windows_server_2019|microsoft:windows_server_2022|microsoft:windows_server_2022_23h2|microsoft:windows_server_2025,11
CVE-2026-32162,2026-04-14,3.1,8.4,HIGH,LOCAL,LOW,NONE,NONE,2.5,microsoft:windows_10_1809|microsoft:windows_10_21h2|microsoft:windows_10_22h2|microsoft:windows_11_23h2|microsoft:windows_11_24h2|microsoft:windows_11_25h2|microsoft:windows_11_26h1|microsoft:windows_server_2019|microsoft:windows_server_2022|microsoft:windows_server_2022_23h2|microsoft:windows_server_2025,11
CVE-2026-32163,2026-04-14,3.1,7.8,HIGH,LOCAL,HIGH,LOW,NONE,1.1,microsoft:windows_10_1809|microsoft:windows_10_21h2|microsoft:windows_10_22h2|microsoft:windows_11_23h2|microsoft:windows_11_24h2|microsoft:windows_11_25h2|microsoft:windows_11_26h1|microsoft:windows_server_2019|microsoft:windows_server_2022|microsoft:windows_server_2022_23h2|microsoft:windows_server_2025,11
CVE-2026-32164,2026-04-14,3.1,7.8,HIGH,LOCAL,HIGH,LOW,NONE,1.1,microsoft:windows_10_1607|microsoft:windows_10_1809|microsoft:windows_10_21h2|microsoft:windows_10_22h2|microsoft:windows_11_23h2|microsoft:windows_11_24h2|microsoft:windows_11_25h2|microsoft:windows_11_26h1|microsoft:windows_server_2016|microsoft:windows_server_2019|microsoft:windows_server_2022|microsoft:windows_server_2022_23h2|microsoft:windows_server_2025,13
CVE-2026-32165,2026-04-14,3.1,7.8,HIGH,LOCAL,HIGH,LOW,NONE,1.1,microsoft:windows_10_1809|microsoft:windows_10_21h2|microsoft:windows_10_22h2|microsoft:windows_11_23h2|microsoft:windows_11_24h2|microsoft:windows_11_25h2|microsoft:windows_11_26h1|microsoft:windows_server_2019|microsoft:windows_server_2022|microsoft:windows_server_2022_23h2|microsoft:windows_server_2025,11
CVE-2026-32167,2026-04-14,3.1,6.7,MEDIUM,LOCAL,LOW,HIGH,NONE,0.8,microsoft:sql_server_2016|microsoft:sql_server_2017|microsoft:sql_server_2019|microsoft:sql_server_2022|microsoft:sql_server_2025,5
CVE-2026-32168,2026-04-14,3.1,7.8,HIGH,LOCAL,LOW,LOW,NONE,1.8,microsoft:azure_monitor_agent,1
CVE-2026-32171,2026-04-14,3.1,8.8,HIGH,NETWORK,LOW,LOW,NONE,2.8,microsoft:azure_logic_apps,1
CVE-2026-32176,2026-04-14,3.1,6.7,MEDIUM,LOCAL,LOW,HIGH,NONE,0.8,microsoft:sql_server_2016|microsoft:sql_server_2017|microsoft:sql_server_2019|microsoft:sql_server_2022|microsoft:sql_server_2025,5
CVE-2026-32178,2026-04-14,3.1,7.5,HIGH,NETWORK,LOW,NONE,NONE,3.9,microsoft:.net|microsoft:visual_studio_2022,2
CVE-2026-32181,2026-04-14,3.1,5.5,MEDIUM,LOCAL,LOW,LOW,NONE,1.8,microsoft:windows_10_21h2|microsoft:windows_10_22h2|microsoft:windows_11_23h2|microsoft:windows_11_24h2|microsoft:windows_11_25h2|microsoft:windows_11_26h1|microsoft:windows_server_2022|microsoft:windows_server_2022_23h2|microsoft:windows_server_2025,9
CVE-2026-32183,2026-04-14,3.1,7.8,HIGH,LOCAL,LOW,NONE,REQUIRED,1.8,microsoft:windows_10_1607|microsoft:windows_10_1809|microsoft:windows_10_21h2|microsoft:windows_10_22h2|microsoft:windows_11_23h2|microsoft:windows_11_24h2|microsoft:windows_11_25h2|microsoft:windows_11_26h1|microsoft:windows_server_2012|microsoft:windows_server_2016|microsoft:windows_server_2019|microsoft:windows_server_2022|microsoft:windows_server_2022_23h2|microsoft:windows_server_2025,14
CVE-2026-32184,2026-04-14,3.1,7.8,HIGH,LOCAL,LOW,LOW,NONE,1.8,microsoft:hpc_pack,1
CVE-2026-32188,2026-04-14,3.1,7.1,HIGH,LOCAL,LOW,NONE,REQUIRED,1.8,microsoft:365_apps|microsoft:excel|microsoft:office|microsoft:office_long_term_servicing_channel|microsoft:office_online_server,5
CVE-2026-32189,2026-04-14,3.1,7.8,HIGH,LOCAL,LOW,NONE,REQUIRED,1.8,microsoft:365_apps|microsoft:excel|microsoft:office|microsoft:office_long_term_servicing_channel|microsoft:office_online_server,5
CVE-2026-32190,2026-04-14,3.1,8.4,HIGH,LOCAL,LOW,NONE,NONE,2.5,microsoft:365_apps|microsoft:office|microsoft:office_long_term_servicing_channel,3
CVE-2026-32192,2026-04-14,3.1,7.8,HIGH,LOCAL,LOW,LOW,NONE,1.8,microsoft:azure_monitor_agent,1
CVE-2026-32195,2026-04-14,3.1,7.0,HIGH,LOCAL,HIGH,LOW,NONE,1.0,microsoft:windows_11_26h1,1
CVE-2026-32196,2026-04-14,3.1,6.1,MEDIUM,NETWORK,LOW,NONE,REQUIRED,2.8,microsoft:windows_admin_center,1
CVE-2026-32197,2026-04-14,3.1,7.8,HIGH,LOCAL,LOW,NONE,REQUIRED,1.8,microsoft:365_apps|microsoft:excel|microsoft:office|microsoft:office_long_term_servicing_channel|microsoft:office_online_server,5
CVE-2026-32198,2026-04-14,3.1,7.8,HIGH,LOCAL,LOW,NONE,REQUIRED,1.8,microsoft:365_apps|microsoft:excel|microsoft:office|microsoft:office_long_term_servicing_channel|microsoft:office_online_server,5
CVE-2026-32199,2026-04-14,3.1,7.8,HIGH,LOCAL,LOW,NONE,REQUIRED,1.8,microsoft:365_apps|microsoft:excel|microsoft:office|microsoft:office_long_term_servicing_channel|microsoft:office_online_server,5
CVE-2026-32200,2026-04-14,3.1,7.8,HIGH,LOCAL,LOW,NONE,REQUIRED,1.8,microsoft:365_apps|microsoft:office|microsoft:office_long_term_servicing_channel|microsoft:powerpoint,4
CVE-2026-32201,2026-04-14,3.1,6.5,MEDIUM,NETWORK,LOW,NONE,NONE,3.9,microsoft:sharepoint_server,1
CVE-2026-32202,2026-04-14,3.1,4.3,MEDIUM,NETWORK,LOW,NONE,REQUIRED,2.8,microsoft:windows_10_1607|microsoft:windows_10_1809|microsoft:windows_10_21h2|microsoft:windows_10_22h2|microsoft:windows_11_23h2|microsoft:windows_11_24h2|microsoft:windows_11_25h2|microsoft:windows_11_26h1|microsoft:windows_server_2012|microsoft:windows_server_2016|microsoft:windows_server_2019|microsoft:windows_server_2022|microsoft:windows_server_2022_23h2|microsoft:windows_server_2025,14
CVE-2026-32203,2026-04-14,3.1,7.5,HIGH,NETWORK,LOW,NONE,NONE,3.9,microsoft:.net|microsoft:visual_studio_2022|microsoft:visual_studio_2026,3
CVE-2026-32212,2026-04-14,3.1,5.5,MEDIUM,LOCAL,LOW,LOW,NONE,1.8,microsoft:windows_10_1607|microsoft:windows_10_1809|microsoft:windows_10_21h2|microsoft:windows_10_22h2|microsoft:windows_11_23h2|microsoft:windows_11_24h2|microsoft:windows_11_25h2|microsoft:windows_11_26h1|microsoft:windows_server_2012|microsoft:windows_server_2016|microsoft:windows_server_2019|microsoft:windows_server_2022|microsoft:windows_server_2022_23h2|microsoft:windows_server_2025,14
CVE-2026-32214,2026-04-14,3.1,5.5,MEDIUM,LOCAL,LOW,LOW,NONE,1.8,microsoft:windows_10_1607|microsoft:windows_10_1809|microsoft:windows_10_21h2|microsoft:windows_10_22h2|microsoft:windows_11_23h2|microsoft:windows_11_24h2|microsoft:windows_11_25h2|microsoft:windows_11_26h1|microsoft:windows_server_2012|microsoft:windows_server_2016|microsoft:windows_server_2019|microsoft:windows_server_2022|microsoft:windows_server_2022_23h2|microsoft:windows_server_2025,14
CVE-2026-32215,2026-04-14,3.1,5.5,MEDIUM,LOCAL,LOW,LOW,NONE,1.8,microsoft:windows_10_1809|microsoft:windows_10_21h2|microsoft:windows_10_22h2|microsoft:windows_11_23h2|microsoft:windows_11_24h2|microsoft:windows_11_25h2|microsoft:windows_11_26h1|microsoft:windows_server_2019|microsoft:windows_server_2022|microsoft:windows_server_2022_23h2|microsoft:windows_server_2025,11
CVE-2026-32216,2026-04-14,3.1,5.5,MEDIUM,LOCAL,LOW,LOW,NONE,1.8,microsoft:windows_11_26h1,1
CVE-2026-32217,2026-04-14,3.1,5.5,MEDIUM,LOCAL,LOW,LOW,NONE,1.8,microsoft:windows_10_1607|microsoft:windows_10_1809|microsoft:windows_10_21h2|microsoft:windows_10_22h2|microsoft:windows_11_23h2|microsoft:windows_11_24h2|microsoft:windows_11_25h2|microsoft:windows_11_26h1|microsoft:windows_server_2012|microsoft:windows_server_2016|microsoft:windows_server_2019|microsoft:windows_server_2022|microsoft:windows_server_2022_23h2|microsoft:windows_server_2025,14
CVE-2026-32218,2026-04-14,3.1,5.5,MEDIUM,LOCAL,LOW,LOW,NONE,1.8,microsoft:windows_10_21h2|microsoft:windows_10_22h2|microsoft:windows_11_23h2|microsoft:windows_11_24h2|microsoft:windows_11_25h2|microsoft:windows_11_26h1|microsoft:windows_server_2022|microsoft:windows_server_2022_23h2|microsoft:windows_server_2025,9
CVE-2026-32219,2026-04-14,3.1,7.0,HIGH,LOCAL,HIGH,LOW,NONE,1.0,microsoft:windows_11_24h2|microsoft:windows_11_25h2|microsoft:windows_11_26h1|microsoft:windows_server_2025,4
CVE-2026-32220,2026-04-14,3.1,4.4,MEDIUM,LOCAL,LOW,HIGH,NONE,0.8,microsoft:windows_11_24h2|microsoft:windows_11_25h2|microsoft:windows_11_26h1|microsoft:windows_server_2025,4
CVE-2026-32221,2026-04-14,3.1,8.4,HIGH,LOCAL,LOW,NONE,NONE,2.5,microsoft:windows_11_24h2|microsoft:windows_11_25h2|microsoft:windows_11_26h1|microsoft:windows_server_2025,4
CVE-2026-32222,2026-04-14,3.1,7.8,HIGH,LOCAL,LOW,LOW,NONE,1.8,microsoft:windows_11_24h2|microsoft:windows_11_25h2|microsoft:windows_11_26h1|microsoft:windows_server_2025,4
CVE-2026-32223,2026-04-14,3.1,6.8,MEDIUM,PHYSICAL,LOW,NONE,NONE,0.9,microsoft:windows_11_24h2|microsoft:windows_11_25h2|microsoft:windows_11_26h1|microsoft:windows_server_2025,4
CVE-2026-32224,2026-04-14,3.1,7.0,HIGH,LOCAL,HIGH,LOW,NONE,1.0,microsoft:windows_11_26h1,1
CVE-2026-32225,2026-04-14,3.1,8.8,HIGH,NETWORK,LOW,NONE,REQUIRED,2.8,microsoft:windows_10_1607|microsoft:windows_10_1809|microsoft:windows_10_21h2|microsoft:windows_10_22h2|microsoft:windows_11_23h2|microsoft:windows_11_24h2|microsoft:windows_11_25h2|microsoft:windows_11_26h1|microsoft:windows_server_2012|microsoft:windows_server_2016|microsoft:windows_server_2019|microsoft:windows_server_2022|microsoft:windows_server_2022_23h2|microsoft:windows_server_2025,14
CVE-2026-32226,2026-04-14,3.1,5.9,MEDIUM,NETWORK,HIGH,NONE,NONE,2.2,microsoft:.net_framework,1
CVE-2026-33095,2026-04-14,3.1,7.8,HIGH,LOCAL,LOW,NONE,REQUIRED,1.8,microsoft:365_apps|microsoft:office_long_term_servicing_channel,2
CVE-2026-33096,2026-04-14,3.1,7.5,HIGH,NETWORK,LOW,NONE,NONE,3.9,microsoft:windows_11_23h2|microsoft:windows_11_24h2|microsoft:windows_11_25h2|microsoft:windows_11_26h1|microsoft:windows_server_2022|microsoft:windows_server_2022_23h2|microsoft:windows_server_2025,7
CVE-2026-33098,2026-04-14,3.1,7.8,HIGH,LOCAL,LOW,LOW,NONE,1.8,microsoft:windows_10_1607|microsoft:windows_10_1809|microsoft:windows_10_21h2|microsoft:windows_10_22h2|microsoft:windows_11_23h2|microsoft:windows_11_24h2|microsoft:windows_11_25h2|microsoft:windows_11_26h1|microsoft:windows_server_2016|microsoft:windows_server_2019|microsoft:windows_server_2022|microsoft:windows_server_2022_23h2|microsoft:windows_server_2025,13
CVE-2026-33099,2026-04-14,3.1,7.0,HIGH,LOCAL,HIGH,LOW,NONE,1.0,microsoft:windows_10_1607|microsoft:windows_10_1809|microsoft:windows_10_21h2|microsoft:windows_10_22h2|microsoft:windows_11_23h2|microsoft:windows_11_24h2|microsoft:windows_11_25h2|microsoft:windows_server_2012|microsoft:windows_server_2016|microsoft:windows_server_2019|microsoft:windows_server_2022|microsoft:windows_server_2022_23h2,12
CVE-2026-33100,2026-04-14,3.1,7.0,HIGH,LOCAL,HIGH,LOW,NONE,1.0,microsoft:windows_10_1607|microsoft:windows_10_1809|microsoft:windows_10_21h2|microsoft:windows_10_22h2|microsoft:windows_11_23h2|microsoft:windows_11_24h2|microsoft:windows_11_25h2|microsoft:windows_11_26h1|microsoft:windows_server_2012|microsoft:windows_server_2016|microsoft:windows_server_2019|microsoft:windows_server_2022|microsoft:windows_server_2022_23h2|microsoft:windows_server_2025,14
CVE-2026-33101,2026-04-14,3.1,7.8,HIGH,LOCAL,LOW,LOW,NONE,1.8,microsoft:windows_11_24h2|microsoft:windows_11_25h2|microsoft:windows_11_26h1|microsoft:windows_server_2022_23h2|microsoft:windows_server_2025,5
CVE-2026-33103,2026-04-14,3.1,5.5,MEDIUM,LOCAL,LOW,LOW,NONE,1.8,microsoft:dynamics_365,1
CVE-2026-33104,2026-04-14,3.1,7.0,HIGH,LOCAL,HIGH,LOW,NONE,1.0,microsoft:windows_10_1607|microsoft:windows_10_1809|microsoft:windows_10_21h2|microsoft:windows_10_22h2|microsoft:windows_11_23h2|microsoft:windows_11_24h2|microsoft:windows_11_25h2|microsoft:windows_11_26h1|microsoft:windows_server_2012|microsoft:windows_server_2016|microsoft:windows_server_2019|microsoft:windows_server_2022|microsoft:windows_server_2022_23h2|microsoft:windows_server_2025,14
CVE-2026-33114,2026-04-14,3.1,8.4,HIGH,LOCAL,LOW,NONE,NONE,2.5,microsoft:365_apps|microsoft:office_long_term_servicing_channel,2
CVE-2026-33115,2026-04-14,3.1,8.4,HIGH,LOCAL,LOW,NONE,NONE,2.5,microsoft:365_apps|microsoft:office_long_term_servicing_channel,2
CVE-2026-33116,2026-04-14,3.1,7.5,HIGH,NETWORK,LOW,NONE,NONE,3.9,microsoft:.net|microsoft:.net_framework,2
CVE-2026-33120,2026-04-14,3.1,8.8,HIGH,NETWORK,LOW,LOW,NONE,2.8,microsoft:sql_server_2016|microsoft:sql_server_2017|microsoft:sql_server_2019|microsoft:sql_server_2022|microsoft:sql_server_2025,5
CVE-2026-33822,2026-04-14,3.1,6.1,MEDIUM,LOCAL,LOW,NONE,REQUIRED,1.8,microsoft:365_apps|microsoft:office_long_term_servicing_channel,2
CVE-2026-33824,2026-04-14,3.1,9.8,CRITICAL,NETWORK,LOW,NONE,NONE,3.9,microsoft:windows_10_1607|microsoft:windows_10_1809|microsoft:windows_10_21h2|microsoft:windows_10_22h2|microsoft:windows_11_23h2|microsoft:windows_11_24h2|microsoft:windows_11_25h2|microsoft:windows_11_26h1|microsoft:windows_server_2016|microsoft:windows_server_2019|microsoft:windows_server_2022|microsoft:windows_server_2022_23h2|microsoft:windows_server_2025,13
CVE-2026-33825,2026-04-14,3.1,7.8,HIGH,LOCAL,LOW,LOW,NONE,1.8,microsoft:defender_antimalware_platform,1
CVE-2026-33826,2026-04-14,3.1,8.0,HIGH,ADJACENT,LOW,LOW,NONE,2.1,microsoft:windows_server_2012|microsoft:windows_server_2016|microsoft:windows_server_2019|microsoft:windows_server_2022|microsoft:windows_server_2022_23h2|microsoft:windows_server_2025,6
CVE-2026-33827,2026-04-14,3.1,8.1,HIGH,NETWORK,HIGH,NONE,NONE,2.2,microsoft:windows_10_1607|microsoft:windows_10_1809|microsoft:windows_10_21h2|microsoft:windows_10_22h2|microsoft:windows_11_23h2|microsoft:windows_11_24h2|microsoft:windows_11_25h2|microsoft:windows_11_26h1|microsoft:windows_server_2012|microsoft:windows_server_2016|microsoft:windows_server_2019|microsoft:windows_server_2022|microsoft:windows_server_2022_23h2|microsoft:windows_server_2025,14
CVE-2026-33829,2026-04-14,3.1,4.3,MEDIUM,NETWORK,LOW,NONE,REQUIRED,2.8,microsoft:windows_10_1607|microsoft:windows_10_1809|microsoft:windows_10_21h2|microsoft:windows_10_22h2|microsoft:windows_11_23h2|microsoft:windows_11_24h2|microsoft:windows_11_25h2|microsoft:windows_11_26h1|microsoft:windows_server_2012|microsoft:windows_server_2016|microsoft:windows_server_2019|microsoft:windows_server_2022|microsoft:windows_server_2022_23h2|microsoft:windows_server_2025,14
CVE-2026-34614,2026-04-14,3.1,6.1,MEDIUM,NETWORK,LOW,NONE,REQUIRED,2.8,adobe:connect|adobe:connect_desktop_application,2
CVE-2026-34615,2026-04-14,3.1,9.3,CRITICAL,NETWORK,LOW,NONE,REQUIRED,2.8,adobe:connect|adobe:connect_desktop_application,2
CVE-2026-34617,2026-04-14,3.1,8.7,HIGH,NETWORK,LOW,LOW,REQUIRED,2.3,adobe:connect|adobe:connect_desktop_application,2
CVE-2026-34627,2026-04-14,3.1,7.8,HIGH,LOCAL,LOW,NONE,REQUIRED,1.8,adobe:indesign,1
CVE-2026-34628,2026-04-14,3.1,7.8,HIGH,LOCAL,LOW,NONE,REQUIRED,1.8,adobe:indesign,1
CVE-2026-34629,2026-04-14,3.1,7.8,HIGH,LOCAL,LOW,NONE,REQUIRED,1.8,adobe:indesign,1
CVE-2026-5752,2026-04-14,3.1,9.3,CRITICAL,LOCAL,LOW,NONE,NONE,2.5,,0
CVE-2026-5754,2026-04-14,3.1,6.1,MEDIUM,NETWORK,LOW,NONE,REQUIRED,2.8,,0
CVE-2026-5756,2026-04-14,3.1,7.5,HIGH,NETWORK,LOW,NONE,NONE,3.9,,0
CVE-2026-34623,2026-04-14,3.1,5.4,MEDIUM,NETWORK,LOW,LOW,REQUIRED,2.3,adobe:experience_manager|adobe:experience_manager_screens,2
CVE-2026-34624,2026-04-14,3.1,5.4,MEDIUM,NETWORK,LOW,LOW,REQUIRED,2.3,adobe:experience_manager|adobe:experience_manager_screens,2
CVE-2026-34625,2026-04-14,3.1,5.4,MEDIUM,NETWORK,LOW,LOW,REQUIRED,2.3,adobe:experience_manager|adobe:experience_manager_screens,2
CVE-2026-27222,2026-04-14,3.1,5.5,MEDIUM,LOCAL,LOW,NONE,REQUIRED,1.8,adobe:bridge,1
CVE-2026-27289,2026-04-14,3.1,7.8,HIGH,LOCAL,LOW,NONE,REQUIRED,1.8,adobe:photoshop,1
CVE-2026-27310,2026-04-14,3.1,7.8,HIGH,LOCAL,LOW,NONE,REQUIRED,1.8,adobe:bridge,1
CVE-2026-27311,2026-04-14,3.1,7.8,HIGH,LOCAL,LOW,NONE,REQUIRED,1.8,adobe:bridge,1
CVE-2026-27312,2026-04-14,3.1,7.8,HIGH,LOCAL,LOW,NONE,REQUIRED,1.8,adobe:bridge,1
CVE-2026-27313,2026-04-14,3.1,7.8,HIGH,LOCAL,LOW,NONE,REQUIRED,1.8,adobe:bridge,1
CVE-2026-34618,2026-04-14,3.1,7.8,HIGH,LOCAL,LOW,NONE,REQUIRED,1.8,adobe:illustrator,1
CVE-2026-34630,2026-04-14,3.1,7.8,HIGH,LOCAL,LOW,NONE,REQUIRED,1.8,adobe:bridge,1
CVE-2026-40683,2026-04-14,3.1,7.7,HIGH,NETWORK,HIGH,LOW,NONE,1.8,,0
CVE-2026-24893,2026-04-14,3.1,8.8,HIGH,NETWORK,LOW,LOW,NONE,2.8,it-novum:openitcockpit,1
CVE-2026-25125,2026-04-14,3.1,4.9,MEDIUM,NETWORK,LOW,HIGH,NONE,1.2,octobercms:october,1
CVE-2026-25133,2026-04-14,3.1,4.8,MEDIUM,NETWORK,LOW,HIGH,REQUIRED,1.7,octobercms:october,1
CVE-2026-27287,2026-04-14,3.1,7.8,HIGH,LOCAL,LOW,NONE,REQUIRED,1.8,adobe:incopy,1
CVE-2026-33714,2026-04-14,3.1,7.2,HIGH,NETWORK,LOW,HIGH,NONE,1.2,chamilo:chamilo_lms,1
CVE-2026-33715,2026-04-14,3.1,7.2,HIGH,NETWORK,LOW,NONE,NONE,3.9,chamilo:chamilo_lms,1
CVE-2026-34160,2026-04-14,3.1,8.6,HIGH,NETWORK,LOW,NONE,NONE,3.9,chamilo:chamilo_lms,1
CVE-2026-34161,2026-04-14,3.1,5.4,MEDIUM,NETWORK,LOW,LOW,REQUIRED,2.3,chamilo:chamilo_lms,1
CVE-2025-15565,2026-04-14,3.1,5.3,MEDIUM,NETWORK,LOW,NONE,NONE,3.9,,0
CVE-2026-27282,2026-04-14,3.1,7.5,HIGH,NETWORK,LOW,NONE,NONE,3.9,adobe:coldfusion,1
CVE-2026-27304,2026-04-14,3.1,9.3,CRITICAL,ADJACENT,LOW,NONE,NONE,2.8,adobe:coldfusion,1
CVE-2026-27305,2026-04-14,3.1,8.6,HIGH,NETWORK,LOW,NONE,NONE,3.9,adobe:coldfusion,1
CVE-2026-27306,2026-04-14,3.1,8.4,HIGH,ADJACENT,LOW,HIGH,NONE,1.7,adobe:coldfusion,1
CVE-2026-27307,2026-04-14,3.1,2.4,LOW,ADJACENT,LOW,HIGH,NONE,0.9,adobe:coldfusion,1
CVE-2026-27308,2026-04-14,3.1,2.4,LOW,ADJACENT,LOW,HIGH,NONE,0.9,adobe:coldfusion,1
CVE-2026-33018,2026-04-14,3.1,7.0,HIGH,LOCAL,HIGH,NONE,REQUIRED,1.0,saitoha:libsixel,1
CVE-2026-33019,2026-04-14,3.1,7.1,HIGH,LOCAL,LOW,NONE,REQUIRED,1.8,saitoha:libsixel,1
CVE-2026-33020,2026-04-14,3.1,7.1,HIGH,LOCAL,LOW,NONE,REQUIRED,1.8,saitoha:libsixel,1
CVE-2026-33146,2026-04-14,3.1,4.3,MEDIUM,NETWORK,LOW,NONE,REQUIRED,2.8,docmost:docmost,1
CVE-2026-33193,2026-04-14,3.1,4.6,MEDIUM,NETWORK,LOW,LOW,REQUIRED,2.1,docmost:docmost,1
CVE-2026-34212,2026-04-14,3.1,5.4,MEDIUM,NETWORK,LOW,LOW,REQUIRED,2.3,docmost:docmost,1
CVE-2026-34213,2026-04-14,3.1,5.4,MEDIUM,NETWORK,LOW,LOW,NONE,2.8,docmost:docmost,1
CVE-2026-34370,2026-04-14,3.1,6.5,MEDIUM,NETWORK,LOW,LOW,NONE,2.8,chamilo:chamilo_lms,1
CVE-2026-34602,2026-04-14,3.1,7.1,HIGH,NETWORK,LOW,LOW,NONE,2.8,chamilo:chamilo_lms,1
CVE-2026-34619,2026-04-14,3.1,7.7,HIGH,NETWORK,LOW,LOW,NONE,3.1,adobe:coldfusion,1
CVE-2026-34631,2026-04-14,3.1,7.8,HIGH,LOCAL,LOW,NONE,REQUIRED,1.8,adobe:incopy,1
CVE-2026-35196,2026-04-14,3.1,8.8,HIGH,NETWORK,LOW,LOW,NONE,2.8,chamilo:chamilo_lms,1
CVE-2026-39906,2026-04-14,3.1,10.0,CRITICAL,NETWORK,LOW,NONE,NONE,3.9,unisys:webperfect_image_suite,1
CVE-2026-39907,2026-04-14,3.1,10.0,CRITICAL,NETWORK,LOW,NONE,NONE,3.9,unisys:webperfect_image_suite,1
CVE-2026-40291,2026-04-14,3.1,8.8,HIGH,NETWORK,LOW,LOW,NONE,2.8,chamilo:chamilo_lms,1
CVE-2026-27290,2026-04-14,3.1,8.6,HIGH,LOCAL,LOW,NONE,REQUIRED,1.8,adobe:framemaker,1
CVE-2026-27292,2026-04-14,3.1,7.8,HIGH,LOCAL,LOW,NONE,REQUIRED,1.8,adobe:framemaker,1
CVE-2026-27293,2026-04-14,3.1,7.8,HIGH,LOCAL,LOW,NONE,REQUIRED,1.8,adobe:framemaker,1
CVE-2026-27294,2026-04-14,3.1,7.8,HIGH,LOCAL,LOW,NONE,REQUIRED,1.8,adobe:framemaker,1
CVE-2026-27295,2026-04-14,3.1,7.8,HIGH,LOCAL,LOW,NONE,REQUIRED,1.8,adobe:framemaker,1
CVE-2026-27296,2026-04-14,3.1,7.8,HIGH,LOCAL,LOW,NONE,REQUIRED,1.8,adobe:framemaker,1
CVE-2026-27297,2026-04-14,3.1,7.8,HIGH,LOCAL,LOW,NONE,REQUIRED,1.8,adobe:framemaker,1
CVE-2026-27298,2026-04-14,3.1,7.8,HIGH,LOCAL,LOW,NONE,REQUIRED,1.8,adobe:framemaker,1
CVE-2026-27299,2026-04-14,3.1,6.3,MEDIUM,LOCAL,LOW,NONE,REQUIRED,1.8,adobe:framemaker,1
CVE-2026-27300,2026-04-14,3.1,5.5,MEDIUM,LOCAL,LOW,NONE,REQUIRED,1.8,adobe:framemaker,1
CVE-2026-27301,2026-04-14,3.1,5.5,MEDIUM,LOCAL,LOW,NONE,REQUIRED,1.8,adobe:framemaker,1
CVE-2026-33021,2026-04-14,3.1,7.3,HIGH,LOCAL,LOW,NONE,NONE,2.5,saitoha:libsixel,1
CVE-2026-33023,2026-04-14,3.1,7.8,HIGH,LOCAL,LOW,NONE,REQUIRED,1.8,saitoha:libsixel,1
CVE-2026-33414,2026-04-14,3.1,7.8,HIGH,LOCAL,HIGH,LOW,NONE,1.1,podman_project:podman,1
CVE-2026-34454,2026-04-14,3.1,3.5,LOW,PHYSICAL,LOW,NONE,NONE,0.9,oauth2_proxy_project:oauth2_proxy,1
CVE-2026-34457,2026-04-14,3.1,9.1,CRITICAL,NETWORK,LOW,NONE,NONE,3.9,oauth2_proxy_project:oauth2_proxy,1
CVE-2026-35031,2026-04-14,3.1,9.9,CRITICAL,NETWORK,LOW,LOW,NONE,3.1,jellyfin:jellyfin,1
CVE-2026-35032,2026-04-14,3.1,8.1,HIGH,NETWORK,LOW,LOW,NONE,2.8,jellyfin:jellyfin,1
CVE-2026-35033,2026-04-14,3.1,9.1,CRITICAL,NETWORK,LOW,NONE,NONE,3.9,jellyfin:jellyfin,1
CVE-2026-35034,2026-04-14,3.1,6.5,MEDIUM,NETWORK,LOW,LOW,NONE,2.8,jellyfin:jellyfin,1
CVE-2026-35589,2026-04-14,3.1,8.0,HIGH,NETWORK,HIGH,NONE,REQUIRED,1.6,nanobot:nanobot,1
CVE-2026-39387,2026-04-14,3.1,7.2,HIGH,NETWORK,LOW,HIGH,NONE,1.2,boidcms:boidcms,1
CVE-2026-39399,2026-04-14,3.1,9.6,CRITICAL,NETWORK,LOW,LOW,NONE,3.1,,0
CVE-2026-40688,2026-04-14,3.1,7.2,HIGH,NETWORK,LOW,HIGH,NONE,1.2,fortinet:fortiweb,1
CVE-2025-15470,2026-04-15,3.1,6.5,MEDIUM,NETWORK,LOW,LOW,NONE,2.8,,0
CVE-2025-54550,2026-04-15,3.1,8.1,HIGH,NETWORK,LOW,LOW,NONE,2.8,apache:airflow,1
CVE-2026-1314,2026-04-15,3.1,5.3,MEDIUM,NETWORK,LOW,NONE,NONE,3.9,,0
CVE-2026-1509,2026-04-15,3.1,5.4,MEDIUM,NETWORK,LOW,LOW,NONE,2.8,,0
CVE-2026-1541,2026-04-15,3.1,4.3,MEDIUM,NETWORK,LOW,LOW,NONE,2.8,,0
CVE-2026-1555,2026-04-15,3.1,9.8,CRITICAL,NETWORK,LOW,NONE,NONE,3.9,,0
CVE-2026-2396,2026-04-15,3.1,4.4,MEDIUM,NETWORK,HIGH,HIGH,NONE,1.3,,0
CVE-2026-2834,2026-04-15,3.1,7.2,HIGH,NETWORK,LOW,NONE,NONE,3.9,,0
CVE-2026-33806,2026-04-15,3.1,7.5,HIGH,NETWORK,LOW,NONE,NONE,3.9,fastify:fastify,1
CVE-2026-39842,2026-04-15,3.1,9.9,CRITICAL,NETWORK,LOW,LOW,NONE,3.1,openremote:openremote,1
CVE-2026-39884,2026-04-15,3.1,8.3,HIGH,NETWORK,LOW,LOW,NONE,2.8,suyogs:mcp-server-kubernetes,1
CVE-2026-39963,2026-04-15,3.1,6.9,MEDIUM,NETWORK,HIGH,NONE,REQUIRED,1.6,s9y:serendipity,1
CVE-2026-39971,2026-04-15,3.1,7.2,HIGH,NETWORK,LOW,NONE,NONE,3.9,s9y:serendipity,1
CVE-2026-39984,2026-04-15,3.1,5.5,MEDIUM,LOCAL,LOW,NONE,REQUIRED,1.8,linuxfoundation:sigstore_timestamp_authority,1
CVE-2026-40090,2026-04-15,3.1,7.1,HIGH,NETWORK,LOW,NONE,REQUIRED,2.8,lfprojects:zarf,1
CVE-2026-40091,2026-04-15,3.1,6.0,MEDIUM,LOCAL,LOW,HIGH,NONE,1.5,authzed:spicedb,1
CVE-2026-40096,2026-04-15,3.1,5.4,MEDIUM,NETWORK,LOW,LOW,REQUIRED,2.3,futo:immich,1
CVE-2026-40104,2026-04-15,3.1,8.2,HIGH,NETWORK,LOW,NONE,NONE,3.9,xwiki:xwiki,1
CVE-2026-40105,2026-04-15,3.1,6.1,MEDIUM,NETWORK,LOW,NONE,REQUIRED,2.8,xwiki:xwiki,1
CVE-2026-40499,2026-04-15,3.1,7.8,HIGH,LOCAL,LOW,NONE,REQUIRED,1.8,radare:radare2,1
CVE-2026-4812,2026-04-15,3.1,5.3,MEDIUM,NETWORK,LOW,NONE,NONE,3.9,,0
CVE-2026-26291,2026-04-15,3.0,5.4,MEDIUM,NETWORK,LOW,LOW,REQUIRED,2.3,,0
CVE-2026-5397,2026-04-15,3.1,7.8,HIGH,LOCAL,HIGH,LOW,NONE,1.1,,0
CVE-2026-5160,2026-04-15,3.1,6.1,MEDIUM,NETWORK,LOW,NONE,REQUIRED,2.8,yuin:goldmark,1
CVE-2026-40719,2026-04-15,3.1,7.5,HIGH,NETWORK,LOW,NONE,NONE,3.9,,0
CVE-2026-6293,2026-04-15,3.1,4.3,MEDIUM,NETWORK,LOW,NONE,REQUIRED,2.8,,0
CVE-2026-5088,2026-04-15,3.1,7.5,HIGH,NETWORK,LOW,NONE,NONE,3.9,jdeguest:apache\,1
CVE-2025-40897,2026-04-15,3.1,8.1,HIGH,NETWORK,LOW,LOW,NONE,2.8,,0
CVE-2025-40899,2026-04-15,3.1,8.9,HIGH,NETWORK,LOW,LOW,REQUIRED,2.3,,0
CVE-2025-52641,2026-04-15,3.1,2.9,LOW,LOCAL,HIGH,HIGH,REQUIRED,0.3,hcltech:aion,1
CVE-2026-1782,2026-04-15,3.1,5.3,MEDIUM,NETWORK,LOW,NONE,NONE,3.9,,0
CVE-2026-3461,2026-04-15,3.1,9.8,CRITICAL,NETWORK,LOW,NONE,NONE,3.9,,0
CVE-2026-3642,2026-04-15,3.1,5.3,MEDIUM,NETWORK,LOW,NONE,NONE,3.9,,0
CVE-2026-3643,2026-04-15,3.1,7.2,HIGH,NETWORK,LOW,NONE,NONE,3.9,,0
CVE-2026-3649,2026-04-15,3.1,5.3,MEDIUM,NETWORK,LOW,NONE,NONE,3.9,,0
CVE-2026-3659,2026-04-15,3.1,6.4,MEDIUM,NETWORK,LOW,LOW,NONE,3.1,,0
CVE-2026-3998,2026-04-15,3.1,6.4,MEDIUM,NETWORK,LOW,LOW,NONE,3.1,,0
CVE-2026-4002,2026-04-15,3.1,4.3,MEDIUM,NETWORK,LOW,NONE,REQUIRED,2.8,,0
CVE-2026-4005,2026-04-15,3.1,6.4,MEDIUM,NETWORK,LOW,LOW,NONE,3.1,,0
CVE-2026-4011,2026-04-15,3.1,6.4,MEDIUM,NETWORK,LOW,LOW,NONE,3.1,,0
CVE-2026-4091,2026-04-15,3.1,6.1,MEDIUM,NETWORK,LOW,NONE,REQUIRED,2.8,,0
CVE-2026-5617,2026-04-15,3.1,8.8,HIGH,NETWORK,LOW,LOW,NONE,2.8,,0
CVE-2026-5694,2026-04-15,3.1,7.2,HIGH,NETWORK,LOW,NONE,NONE,3.9,,0
CVE-2026-5717,2026-04-15,3.1,6.4,MEDIUM,NETWORK,LOW,LOW,NONE,3.1,,0
CVE-2024-33618,2026-04-15,3.1,7.5,HIGH,NETWORK,LOW,NONE,NONE,3.9,,0
CVE-2025-14813,2026-04-15,3.1,7.5,HIGH,NETWORK,LOW,NONE,NONE,3.9,,0
CVE-2026-0636,2026-04-15,3.1,6.5,MEDIUM,NETWORK,LOW,NONE,NONE,3.9,,0
CVE-2026-33807,2026-04-15,3.1,9.1,CRITICAL,NETWORK,LOW,NONE,NONE,3.9,fastify:fastify\/express,1
CVE-2026-33808,2026-04-15,3.1,9.1,CRITICAL,NETWORK,LOW,NONE,NONE,3.9,fastify:fastify\/express,1
CVE-2026-3505,2026-04-15,3.1,7.5,HIGH,NETWORK,LOW,NONE,NONE,3.9,,0
CVE-2026-5588,2026-04-15,3.1,7.5,HIGH,NETWORK,LOW,NONE,NONE,3.9,,0
CVE-2026-5598,2026-04-15,3.1,7.5,HIGH,NETWORK,LOW,NONE,NONE,3.9,,0
CVE-2026-27769,2026-04-15,3.1,2.7,LOW,NETWORK,LOW,HIGH,NONE,1.2,mattermost:mattermost_server,1
CVE-2026-28741,2026-04-15,3.1,6.8,MEDIUM,NETWORK,HIGH,NONE,REQUIRED,1.6,mattermost:mattermost_server,1
CVE-2026-30778,2026-04-15,3.1,7.5,HIGH,NETWORK,LOW,NONE,NONE,3.9,apache:skywalking,1
CVE-2026-33805,2026-04-15,3.1,8.6,HIGH,NETWORK,LOW,NONE,NONE,3.9,fastify:fastify\/http-proxy|fastify:reply-from,2
CVE-2026-40728,2026-04-15,3.1,4.3,MEDIUM,NETWORK,LOW,LOW,NONE,2.8,,0
CVE-2026-40729,2026-04-15,3.1,4.3,MEDIUM,NETWORK,LOW,LOW,NONE,2.8,,0
CVE-2026-40730,2026-04-15,3.1,5.3,MEDIUM,NETWORK,LOW,NONE,NONE,3.9,,0
CVE-2026-40734,2026-04-15,3.1,6.5,MEDIUM,NETWORK,LOW,LOW,REQUIRED,2.3,,0
CVE-2026-40737,2026-04-15,3.1,5.3,MEDIUM,NETWORK,LOW,NONE,NONE,3.9,,0
CVE-2026-40740,2026-04-15,3.1,5.4,MEDIUM,NETWORK,LOW,LOW,NONE,2.8,,0
CVE-2026-40742,2026-04-15,3.1,5.3,MEDIUM,NETWORK,LOW,NONE,NONE,3.9,,0
CVE-2026-40744,2026-04-15,3.1,8.5,HIGH,NETWORK,LOW,LOW,NONE,3.1,,0
CVE-2026-40745,2026-04-15,3.1,7.6,HIGH,NETWORK,LOW,HIGH,NONE,2.3,,0
CVE-2026-40763,2026-04-15,3.1,5.3,MEDIUM,NETWORK,LOW,NONE,NONE,3.9,,0
CVE-2026-40764,2026-04-15,3.1,8.1,HIGH,NETWORK,LOW,NONE,REQUIRED,2.8,,0
CVE-2026-40778,2026-04-15,3.1,5.3,MEDIUM,NETWORK,LOW,NONE,NONE,3.9,,0
CVE-2026-40784,2026-04-15,3.1,8.1,HIGH,NETWORK,LOW,LOW,NONE,2.8,,0
CVE-2026-40786,2026-04-15,3.1,4.3,MEDIUM,NETWORK,LOW,LOW,NONE,2.8,,0
CVE-2026-1852,2026-04-15,3.1,6.1,MEDIUM,NETWORK,LOW,NONE,REQUIRED,2.8,,0
CVE-2026-3590,2026-04-15,3.1,6.5,MEDIUM,NETWORK,LOW,NONE,NONE,3.9,mattermost:mattermost_server,1
CVE-2026-0827,2026-04-15,3.1,7.1,HIGH,LOCAL,LOW,LOW,NONE,1.8,,0
CVE-2026-1636,2026-04-15,3.1,6.7,MEDIUM,LOCAL,HIGH,LOW,REQUIRED,0.8,,0
CVE-2026-25219,2026-04-15,3.1,6.5,MEDIUM,NETWORK,LOW,LOW,NONE,2.8,apache:airflow,1
CVE-2026-4134,2026-04-15,3.1,7.3,HIGH,LOCAL,LOW,LOW,REQUIRED,1.3,,0
CVE-2026-4135,2026-04-15,3.1,6.6,MEDIUM,LOCAL,LOW,LOW,REQUIRED,1.3,,0
CVE-2026-4145,2026-04-15,3.1,7.8,HIGH,LOCAL,LOW,LOW,NONE,1.8,,0
CVE-2024-53412,2026-04-15,3.1,8.4,HIGH,LOCAL,LOW,NONE,NONE,2.5,,0
CVE-2026-30364,2026-04-15,3.1,7.5,HIGH,NETWORK,LOW,NONE,NONE,3.9,,0
CVE-2025-12141,2026-04-15,3.1,6.5,MEDIUM,NETWORK,LOW,LOW,NONE,2.8,grafana:grafana,1
CVE-2025-53444,2026-04-15,3.1,4.3,MEDIUM,NETWORK,LOW,NONE,REQUIRED,2.8,,0
CVE-2025-67841,2026-04-15,3.1,7.5,HIGH,NETWORK,LOW,NONE,NONE,3.9,,0
CVE-2026-20202,2026-04-15,3.1,6.6,MEDIUM,NETWORK,HIGH,HIGH,NONE,0.7,splunk:splunk|splunk:splunk_cloud_platform,2
CVE-2026-20203,2026-04-15,3.1,4.3,MEDIUM,NETWORK,LOW,LOW,NONE,2.8,splunk:splunk|splunk:splunk_cloud_platform,2
CVE-2026-20204,2026-04-15,3.1,7.1,HIGH,NETWORK,HIGH,LOW,REQUIRED,1.2,splunk:splunk|splunk:splunk_cloud_platform,2
CVE-2026-20205,2026-04-15,3.1,7.2,HIGH,NETWORK,LOW,HIGH,NONE,1.2,,0
CVE-2026-30461,2026-04-15,3.1,8.3,HIGH,NETWORK,LOW,LOW,NONE,2.8,thedaylightstudio:fuel_cms,1
CVE-2026-30615,2026-04-15,3.1,8.0,HIGH,LOCAL,LOW,NONE,NONE,2.5,,0
CVE-2026-30616,2026-04-15,3.1,7.3,HIGH,NETWORK,LOW,NONE,NONE,3.9,,0
CVE-2026-30617,2026-04-15,3.1,8.6,HIGH,NETWORK,LOW,NONE,NONE,3.9,,0
CVE-2026-30624,2026-04-15,3.1,8.6,HIGH,NETWORK,LOW,NONE,NONE,3.9,agent-zero:agent-zero,1
CVE-2026-30625,2026-04-15,3.1,9.8,CRITICAL,NETWORK,LOW,NONE,NONE,3.9,,0
CVE-2025-15635,2026-04-15,3.1,4.3,MEDIUM,NETWORK,LOW,NONE,REQUIRED,2.8,,0
CVE-2025-15636,2026-04-15,3.1,6.5,MEDIUM,NETWORK,LOW,LOW,REQUIRED,2.3,,0
CVE-2025-63029,2026-04-15,3.1,7.6,HIGH,NETWORK,LOW,HIGH,NONE,2.3,,0
CVE-2026-20059,2026-04-15,3.1,6.1,MEDIUM,NETWORK,LOW,NONE,REQUIRED,2.8,cisco:unity_connection,1
CVE-2026-20060,2026-04-15,3.1,4.7,MEDIUM,NETWORK,LOW,NONE,REQUIRED,2.8,cisco:unity_connection,1
CVE-2026-20061,2026-04-15,3.1,4.3,MEDIUM,NETWORK,LOW,LOW,NONE,2.8,cisco:unity_connection,1
CVE-2026-20078,2026-04-15,3.1,6.5,MEDIUM,NETWORK,LOW,LOW,NONE,2.8,cisco:unity_connection,1
CVE-2026-20081,2026-04-15,3.1,6.5,MEDIUM,NETWORK,LOW,LOW,NONE,2.8,cisco:unity_connection,1
CVE-2026-20132,2026-04-15,3.1,4.8,MEDIUM,NETWORK,LOW,HIGH,REQUIRED,1.7,cisco:identity_services_engine,1
CVE-2026-20136,2026-04-15,3.1,6.0,MEDIUM,LOCAL,LOW,HIGH,NONE,0.8,cisco:identity_services_engine|cisco:identity_services_engine_passive_identity_connector,2
CVE-2026-20147,2026-04-15,3.1,9.9,CRITICAL,NETWORK,LOW,LOW,NONE,3.1,cisco:identity_services_engine_passive_identity_connector|cisco:identity_services_engine,2
CVE-2026-20148,2026-04-15,3.1,4.9,MEDIUM,NETWORK,LOW,HIGH,NONE,1.2,cisco:identity_services_engine|cisco:identity_services_engine_passive_identity_connector,2
CVE-2026-20152,2026-04-15,3.1,5.3,MEDIUM,NETWORK,LOW,NONE,NONE,3.9,,0
CVE-2026-20161,2026-04-15,3.1,5.5,MEDIUM,LOCAL,LOW,LOW,NONE,1.8,,0
CVE-2026-20170,2026-04-15,3.1,6.1,MEDIUM,NETWORK,LOW,NONE,REQUIRED,2.8,cisco:webex_contact_center,1
CVE-2026-20180,2026-04-15,3.1,9.9,CRITICAL,NETWORK,LOW,LOW,NONE,3.1,cisco:identity_services_engine,1
CVE-2026-20184,2026-04-15,3.1,9.8,CRITICAL,NETWORK,LOW,NONE,NONE,3.9,,0
CVE-2026-20186,2026-04-15,3.1,9.9,CRITICAL,NETWORK,LOW,LOW,NONE,3.1,cisco:identity_services_engine,1
CVE-2026-30994,2026-04-15,3.1,7.5,HIGH,NETWORK,LOW,NONE,NONE,3.9,,0
CVE-2026-30995,2026-04-15,3.1,8.6,HIGH,NETWORK,LOW,NONE,NONE,3.9,,0
CVE-2026-30996,2026-04-15,3.1,7.5,HIGH,NETWORK,LOW,NONE,NONE,3.9,,0
CVE-2026-6370,2026-04-15,3.1,5.9,MEDIUM,NETWORK,LOW,HIGH,REQUIRED,1.7,,0
CVE-2026-6372,2026-04-15,3.1,7.5,HIGH,NETWORK,LOW,NONE,NONE,3.9,,0
CVE-2026-30993,2026-04-15,3.1,9.8,CRITICAL,NETWORK,LOW,NONE,NONE,3.9,,0
CVE-2026-32631,2026-04-15,3.1,7.4,HIGH,NETWORK,LOW,NONE,REQUIRED,2.8,,0
CVE-2026-33212,2026-04-15,3.1,3.1,LOW,NETWORK,HIGH,LOW,NONE,1.6,weblate:weblate,1
CVE-2026-33214,2026-04-15,3.1,4.3,MEDIUM,NETWORK,LOW,LOW,NONE,2.8,weblate:weblate,1
CVE-2026-5758,2026-04-15,3.1,6.5,MEDIUM,NETWORK,LOW,NONE,NONE,3.9,,0
CVE-2026-6290,2026-04-15,3.1,8.0,HIGH,NETWORK,HIGH,HIGH,NONE,1.3,rapid7:velociraptor,1
CVE-2026-33220,2026-04-15,3.1,6.8,MEDIUM,NETWORK,LOW,LOW,REQUIRED,2.3,weblate:weblate,1
CVE-2026-33435,2026-04-15,3.1,8.0,HIGH,NETWORK,HIGH,HIGH,NONE,1.3,weblate:weblate,1
CVE-2026-33440,2026-04-15,3.1,5.0,MEDIUM,NETWORK,LOW,LOW,NONE,3.1,weblate:weblate,1
CVE-2026-33667,2026-04-15,3.1,7.4,HIGH,NETWORK,HIGH,NONE,NONE,2.2,openproject:openproject,1
CVE-2026-34242,2026-04-15,3.1,7.7,HIGH,NETWORK,LOW,LOW,NONE,3.1,weblate:weblate,1
CVE-2026-34244,2026-04-15,3.1,5.0,MEDIUM,NETWORK,LOW,LOW,NONE,3.1,weblate:weblate,1
CVE-2026-34393,2026-04-15,3.1,8.8,HIGH,NETWORK,LOW,LOW,NONE,2.8,weblate:weblate,1
CVE-2026-34632,2026-04-15,3.1,8.2,HIGH,LOCAL,LOW,LOW,REQUIRED,1.5,adobe:photoshop_installer,1
CVE-2026-39845,2026-04-15,3.1,4.1,MEDIUM,NETWORK,LOW,HIGH,NONE,2.3,weblate:weblate,1
CVE-2026-40256,2026-04-15,3.1,5.0,MEDIUM,NETWORK,LOW,LOW,NONE,3.1,weblate:weblate,1
CVE-2026-4857,2026-04-15,3.1,8.4,HIGH,NETWORK,LOW,HIGH,REQUIRED,1.7,,0
CVE-2026-6245,2026-04-15,3.1,5.5,MEDIUM,LOCAL,LOW,LOW,NONE,1.8,,0
CVE-2026-6383,2026-04-15,3.1,5.4,MEDIUM,NETWORK,LOW,LOW,NONE,2.8,,0
CVE-2025-41118,2026-04-15,3.1,9.1,CRITICAL,NETWORK,LOW,NONE,NONE,3.9,grafana:pyroscope,1
CVE-2026-21726,2026-04-15,3.1,5.3,MEDIUM,NETWORK,LOW,NONE,NONE,3.9,grafana:loki,1
CVE-2026-21727,2026-04-15,3.1,3.3,LOW,NETWORK,HIGH,HIGH,NONE,0.7,grafana:grafana,1
CVE-2026-33877,2026-04-15,3.1,3.7,LOW,NETWORK,HIGH,NONE,NONE,2.2,apostrophecms:apostrophecms,1
CVE-2026-33888,2026-04-15,3.1,5.3,MEDIUM,NETWORK,LOW,NONE,NONE,3.9,apostrophecms:apostrophecms,1
CVE-2026-33889,2026-04-15,3.1,5.4,MEDIUM,NETWORK,LOW,LOW,REQUIRED,2.3,apostrophecms:apostrophecms,1
CVE-2026-35569,2026-04-15,3.1,8.7,HIGH,NETWORK,LOW,LOW,REQUIRED,2.3,apostrophecms:apostrophecms,1
CVE-2026-39857,2026-04-15,3.1,5.3,MEDIUM,NETWORK,LOW,NONE,NONE,3.9,apostrophecms:apostrophecms,1
CVE-2026-40915,2026-04-15,3.1,5.5,MEDIUM,LOCAL,LOW,NONE,REQUIRED,1.8,gimp:gimp|redhat:enterprise_linux,2
CVE-2026-40916,2026-04-15,3.1,5.0,MEDIUM,LOCAL,LOW,LOW,REQUIRED,1.3,gimp:gimp|redhat:enterprise_linux,2
CVE-2026-40917,2026-04-15,3.1,5.0,MEDIUM,LOCAL,LOW,LOW,REQUIRED,1.3,gimp:gimp|redhat:enterprise_linux,2
CVE-2026-40918,2026-04-15,3.1,5.5,MEDIUM,LOCAL,LOW,NONE,REQUIRED,1.8,gimp:gimp|redhat:enterprise_linux,2
CVE-2026-40919,2026-04-15,3.1,6.1,MEDIUM,LOCAL,LOW,NONE,REQUIRED,1.8,gimp:gimp|redhat:enterprise_linux,2
CVE-2026-6296,2026-04-15,3.1,9.6,CRITICAL,NETWORK,LOW,NONE,REQUIRED,2.8,google:chrome,1
CVE-2026-6297,2026-04-15,3.1,8.3,HIGH,NETWORK,HIGH,NONE,REQUIRED,1.6,google:chrome,1
CVE-2026-6298,2026-04-15,3.1,4.3,MEDIUM,NETWORK,LOW,NONE,REQUIRED,2.8,google:chrome,1
CVE-2026-6299,2026-04-15,3.1,8.8,HIGH,NETWORK,LOW,NONE,REQUIRED,2.8,google:chrome,1
CVE-2026-6300,2026-04-15,3.1,8.8,HIGH,NETWORK,LOW,NONE,REQUIRED,2.8,google:chrome,1
CVE-2026-6301,2026-04-15,3.1,8.8,HIGH,NETWORK,LOW,NONE,REQUIRED,2.8,google:chrome,1
CVE-2026-6302,2026-04-15,3.1,8.8,HIGH,NETWORK,LOW,NONE,REQUIRED,2.8,google:chrome,1
CVE-2026-6303,2026-04-15,3.1,8.8,HIGH,NETWORK,LOW,NONE,REQUIRED,2.8,google:chrome,1
CVE-2026-6304,2026-04-15,3.1,8.3,HIGH,NETWORK,HIGH,NONE,REQUIRED,1.6,google:chrome,1
CVE-2026-6305,2026-04-15,3.1,8.8,HIGH,NETWORK,LOW,NONE,REQUIRED,2.8,google:chrome,1
CVE-2026-6306,2026-04-15,3.1,8.8,HIGH,NETWORK,LOW,NONE,REQUIRED,2.8,google:chrome,1
CVE-2026-6307,2026-04-15,3.1,8.8,HIGH,NETWORK,LOW,NONE,REQUIRED,2.8,google:chrome,1
CVE-2026-6308,2026-04-15,3.1,7.5,HIGH,NETWORK,HIGH,NONE,REQUIRED,1.6,google:chrome,1
CVE-2026-6309,2026-04-15,3.1,8.3,HIGH,NETWORK,HIGH,NONE,REQUIRED,1.6,google:chrome,1
CVE-2026-6310,2026-04-15,3.1,8.3,HIGH,NETWORK,HIGH,NONE,REQUIRED,1.6,google:chrome,1
CVE-2026-6311,2026-04-15,3.1,8.3,HIGH,NETWORK,HIGH,NONE,REQUIRED,1.6,google:chrome,1
CVE-2026-6312,2026-04-15,3.1,3.1,LOW,NETWORK,HIGH,NONE,REQUIRED,1.6,google:chrome,1
CVE-2026-6313,2026-04-15,3.1,3.1,LOW,NETWORK,HIGH,NONE,REQUIRED,1.6,google:chrome,1
CVE-2026-6314,2026-04-15,3.1,8.3,HIGH,NETWORK,HIGH,NONE,REQUIRED,1.6,google:chrome,1
CVE-2026-6315,2026-04-15,3.1,8.8,HIGH,NETWORK,LOW,NONE,REQUIRED,2.8,google:chrome,1
CVE-2026-6316,2026-04-15,3.1,8.8,HIGH,NETWORK,LOW,NONE,REQUIRED,2.8,google:chrome,1
CVE-2026-6317,2026-04-15,3.1,8.8,HIGH,NETWORK,LOW,NONE,REQUIRED,2.8,google:chrome,1
CVE-2026-6318,2026-04-15,3.1,8.8,HIGH,NETWORK,LOW,NONE,REQUIRED,2.8,google:chrome,1
CVE-2026-6319,2026-04-15,3.1,7.5,HIGH,NETWORK,HIGH,NONE,REQUIRED,1.6,google:chrome,1
CVE-2026-6358,2026-04-15,3.1,8.8,HIGH,NETWORK,LOW,NONE,REQUIRED,2.8,google:chrome,1
CVE-2026-6359,2026-04-15,3.1,8.8,HIGH,NETWORK,LOW,NONE,REQUIRED,2.8,google:chrome,1
CVE-2026-6360,2026-04-15,3.1,8.8,HIGH,NETWORK,LOW,NONE,REQUIRED,2.8,google:chrome,1
CVE-2026-6361,2026-04-15,3.1,8.3,HIGH,NETWORK,HIGH,NONE,REQUIRED,1.6,google:chrome,1
CVE-2026-6362,2026-04-15,3.1,4.3,MEDIUM,NETWORK,LOW,NONE,REQUIRED,2.8,google:chrome,1
CVE-2026-6363,2026-04-15,3.1,8.8,HIGH,NETWORK,LOW,NONE,REQUIRED,2.8,google:chrome,1
CVE-2026-6364,2026-04-15,3.1,6.5,MEDIUM,NETWORK,LOW,NONE,REQUIRED,2.8,google:chrome,1
CVE-2026-6384,2026-04-15,3.1,7.3,HIGH,LOCAL,LOW,LOW,REQUIRED,1.3,gimp:gimp|redhat:enterprise_linux,2
CVE-2026-6385,2026-04-15,3.1,6.5,MEDIUM,NETWORK,LOW,NONE,REQUIRED,2.8,,0
CVE-2026-22676,2026-04-15,3.1,7.8,HIGH,LOCAL,LOW,LOW,NONE,1.8,,0
CVE-2026-40173,2026-04-15,3.1,9.4,CRITICAL,NETWORK,LOW,NONE,NONE,3.9,dgraph:dgraph,1
CVE-2026-40176,2026-04-15,3.1,7.8,HIGH,LOCAL,LOW,NONE,REQUIRED,1.8,getcomposer:composer,1
CVE-2026-40186,2026-04-15,3.1,6.1,MEDIUM,NETWORK,LOW,NONE,REQUIRED,2.8,apostrophecms:apostrophecms|apostrophecms:sanitize-html,2
CVE-2026-40261,2026-04-15,3.1,8.8,HIGH,NETWORK,LOW,NONE,REQUIRED,2.8,getcomposer:composer,1
CVE-2026-1564,2026-04-15,3.1,4.8,MEDIUM,NETWORK,LOW,HIGH,REQUIRED,1.7,pega:pega_platform,1
CVE-2026-1711,2026-04-15,3.1,4.8,MEDIUM,NETWORK,LOW,HIGH,REQUIRED,1.7,pega:pega_platform,1
CVE-2026-6388,2026-04-15,3.1,9.1,CRITICAL,NETWORK,LOW,LOW,NONE,3.1,,0
CVE-2026-39350,2026-04-15,3.1,5.4,MEDIUM,NETWORK,LOW,LOW,NONE,2.8,istio:istio,1
CVE-2026-40179,2026-04-15,3.1,6.1,MEDIUM,NETWORK,LOW,NONE,REQUIRED,2.8,prometheus:prometheus,1
CVE-2026-40192,2026-04-15,3.1,7.5,HIGH,NETWORK,LOW,NONE,NONE,3.9,python:pillow,1
CVE-2026-40316,2026-04-15,3.1,8.8,HIGH,NETWORK,LOW,NONE,REQUIRED,2.8,owasp:owasp_blt,1
CVE-2026-4949,2026-04-15,3.1,4.3,MEDIUM,NETWORK,LOW,LOW,NONE,2.8,,0
CVE-2026-40193,2026-04-16,3.1,8.2,HIGH,NETWORK,LOW,NONE,NONE,3.9,maddy_project:maddy,1
CVE-2026-40245,2026-04-16,3.1,7.5,HIGH,NETWORK,LOW,NONE,NONE,3.9,free5gc:free5gc,1
CVE-2026-40947,2026-04-16,3.1,2.9,LOW,LOCAL,HIGH,NONE,NONE,1.4,,0
CVE-2026-4880,2026-04-16,3.1,9.8,CRITICAL,NETWORK,LOW,NONE,NONE,3.9,,0
CVE-2026-5363,2026-04-16,3.1,8.8,HIGH,ADJACENT,LOW,NONE,NONE,2.8,tp-link:archer_c7_firmware,1
CVE-2026-40502,2026-04-16,3.1,8.8,HIGH,NETWORK,LOW,LOW,NONE,2.8,hkuds:openharness,1
CVE-2026-40503,2026-04-16,3.1,6.5,MEDIUM,NETWORK,LOW,LOW,NONE,2.8,hkuds:openharness,1
CVE-2026-40959,2026-04-16,3.1,9.3,CRITICAL,LOCAL,LOW,NONE,NONE,2.5,,0
CVE-2026-40960,2026-04-16,3.1,8.1,HIGH,LOCAL,HIGH,NONE,NONE,1.4,,0
CVE-2026-3299,2026-04-16,3.1,6.4,MEDIUM,NETWORK,LOW,LOW,NONE,3.1,,0
CVE-2026-40504,2026-04-16,3.1,9.8,CRITICAL,NETWORK,LOW,NONE,NONE,3.9,,0
CVE-2026-40505,2026-04-16,3.1,3.3,LOW,LOCAL,LOW,NONE,REQUIRED,1.8,artifex:mupdf,1
CVE-2026-40962,2026-04-16,3.1,4.9,MEDIUM,LOCAL,HIGH,NONE,NONE,1.4,ffmpeg:ffmpeg,1
CVE-2026-3885,2026-04-16,3.1,6.4,MEDIUM,NETWORK,LOW,LOW,NONE,3.1,,0
CVE-2026-41015,2026-04-16,3.1,7.4,HIGH,LOCAL,HIGH,NONE,NONE,1.4,,0
CVE-2026-6348,2026-04-16,3.1,8.8,HIGH,LOCAL,LOW,LOW,NONE,2.0,,0
CVE-2026-6349,2026-04-16,3.1,9.8,CRITICAL,NETWORK,LOW,NONE,NONE,3.9,,0
CVE-2026-6350,2026-04-16,3.1,9.8,CRITICAL,NETWORK,LOW,NONE,NONE,3.9,,0
CVE-2026-6351,2026-04-16,3.1,7.5,HIGH,NETWORK,LOW,NONE,NONE,3.9,,0
CVE-2026-3878,2026-04-16,3.1,6.4,MEDIUM,NETWORK,LOW,LOW,NONE,3.1,,0
CVE-2026-4032,2026-04-16,3.1,6.1,MEDIUM,NETWORK,LOW,NONE,REQUIRED,2.8,,0
CVE-2026-5070,2026-04-16,3.1,6.4,MEDIUM,NETWORK,LOW,LOW,NONE,3.1,,0
CVE-2023-3634,2026-04-16,3.1,8.8,HIGH,NETWORK,LOW,LOW,NONE,2.8,,0
CVE-2023-5872,2026-04-16,3.1,4.3,MEDIUM,NETWORK,LOW,LOW,NONE,2.8,,0
CVE-2026-22615,2026-04-16,3.1,6.0,MEDIUM,NETWORK,HIGH,HIGH,REQUIRED,0.5,eaton:intelligent_power_protector,1
CVE-2026-22616,2026-04-16,3.1,6.5,MEDIUM,NETWORK,LOW,NONE,NONE,3.9,eaton:intelligent_power_protector,1
CVE-2026-40118,2026-04-16,3.0,6.3,MEDIUM,NETWORK,LOW,NONE,REQUIRED,2.8,,0
CVE-2026-22617,2026-04-16,3.1,5.7,MEDIUM,NETWORK,HIGH,HIGH,REQUIRED,0.5,eaton:intelligent_power_protector,1
CVE-2026-22618,2026-04-16,3.1,5.9,MEDIUM,NETWORK,HIGH,NONE,REQUIRED,1.6,eaton:intelligent_power_protector,1
CVE-2026-22619,2026-04-16,3.1,7.8,HIGH,LOCAL,HIGH,LOW,NONE,1.1,eaton:intelligent_power_protector,1
CVE-2026-3551,2026-04-16,3.1,4.4,MEDIUM,NETWORK,HIGH,HIGH,NONE,1.3,,0
CVE-2026-3581,2026-04-16,3.1,5.3,MEDIUM,NETWORK,LOW,NONE,NONE,3.9,,0
CVE-2026-3595,2026-04-16,3.1,5.3,MEDIUM,NETWORK,LOW,NONE,NONE,3.9,,0
CVE-2026-3596,2026-04-16,3.1,9.8,CRITICAL,NETWORK,LOW,NONE,NONE,3.9,,0
CVE-2026-3599,2026-04-16,3.1,7.5,HIGH,NETWORK,LOW,NONE,NONE,3.9,,0
CVE-2026-3614,2026-04-16,3.1,8.8,HIGH,NETWORK,LOW,LOW,NONE,2.8,,0
CVE-2026-3773,2026-04-16,3.1,6.5,MEDIUM,NETWORK,LOW,LOW,NONE,2.8,,0
CVE-2026-5050,2026-04-16,3.1,7.5,HIGH,NETWORK,LOW,NONE,NONE,3.9,,0
CVE-2025-13364,2026-04-16,3.1,6.4,MEDIUM,NETWORK,LOW,LOW,NONE,3.1,,0
CVE-2026-1572,2026-04-16,3.1,6.4,MEDIUM,NETWORK,LOW,LOW,NONE,3.1,,0
CVE-2026-1620,2026-04-16,3.1,8.8,HIGH,NETWORK,LOW,LOW,NONE,2.8,,0
CVE-2026-3355,2026-04-16,3.1,6.1,MEDIUM,NETWORK,LOW,NONE,REQUIRED,2.8,,0
CVE-2026-3861,2026-04-16,3.1,6.5,MEDIUM,NETWORK,LOW,NONE,REQUIRED,2.8,linecorp:line,1
CVE-2026-3875,2026-04-16,3.1,6.4,MEDIUM,NETWORK,LOW,LOW,NONE,3.1,,0
CVE-2026-3876,2026-04-16,3.1,7.2,HIGH,NETWORK,LOW,NONE,NONE,3.9,,0
CVE-2026-3995,2026-04-16,3.1,4.4,MEDIUM,NETWORK,HIGH,HIGH,NONE,1.3,,0
CVE-2026-41030,2026-04-16,3.1,6.2,MEDIUM,LOCAL,LOW,NONE,NONE,2.5,,0
CVE-2026-41034,2026-04-16,3.1,5.0,MEDIUM,NETWORK,LOW,LOW,NONE,3.1,,0
CVE-2026-41035,2026-04-16,3.1,7.4,HIGH,NETWORK,LOW,LOW,NONE,3.1,samba:rsync,1
CVE-2025-14868,2026-04-16,3.1,8.8,HIGH,NETWORK,LOW,NONE,REQUIRED,2.8,,0
CVE-2026-0718,2026-04-16,3.1,5.3,MEDIUM,NETWORK,LOW,NONE,NONE,3.9,,0
CVE-2024-2374,2026-04-16,3.1,7.5,HIGH,NETWORK,LOW,NONE,NONE,3.9,wso2:api_manager|wso2:identity_server|wso2:identity_server_as_key_manager|wso2:open_banking_am|wso2:open_banking_iam,5
CVE-2026-23772,2026-04-16,3.1,7.3,HIGH,LOCAL,LOW,LOW,NONE,1.8,,0
CVE-2024-10242,2026-04-16,3.1,6.1,MEDIUM,NETWORK,LOW,NONE,REQUIRED,2.8,wso2:api_manager,1
CVE-2024-4867,2026-04-16,3.1,5.4,MEDIUM,NETWORK,LOW,LOW,REQUIRED,2.3,wso2:api_manager,1
CVE-2024-8010,2026-04-16,3.1,3.5,LOW,ADJACENT,LOW,LOW,NONE,2.1,wso2:api_manager,1
CVE-2025-6024,2026-04-16,3.1,6.1,MEDIUM,NETWORK,LOW,NONE,REQUIRED,2.8,wso2:api_manager|wso2:identity_server,2
CVE-2025-12624,2026-04-16,3.1,6.0,MEDIUM,NETWORK,HIGH,LOW,NONE,1.8,wso2:identity_server,1
CVE-2026-3155,2026-04-16,3.1,3.1,LOW,NETWORK,HIGH,LOW,NONE,1.6,,0
CVE-2026-3369,2026-04-16,3.1,5.4,MEDIUM,NETWORK,LOW,LOW,REQUIRED,2.3,,0
CVE-2026-3489,2026-04-16,3.1,7.5,HIGH,NETWORK,LOW,NONE,NONE,3.9,,0
CVE-2026-31843,2026-04-16,3.1,9.8,CRITICAL,NETWORK,LOW,NONE,NONE,3.9,,0
CVE-2026-6414,2026-04-16,3.1,5.9,MEDIUM,NETWORK,HIGH,NONE,NONE,2.2,fastify:fastify-static,1
CVE-2026-31987,2026-04-16,3.1,7.5,HIGH,NETWORK,LOW,NONE,NONE,3.9,apache:airflow,1
CVE-2026-4160,2026-04-16,3.1,5.3,MEDIUM,NETWORK,LOW,NONE,NONE,3.9,,0
CVE-2026-5785,2026-04-16,3.1,8.1,HIGH,NETWORK,LOW,LOW,NONE,2.8,,0
CVE-2026-6270,2026-04-16,3.1,9.1,CRITICAL,NETWORK,LOW,NONE,NONE,3.9,fastify:fastify\/middie,1
CVE-2026-6410,2026-04-16,3.1,5.3,MEDIUM,NETWORK,LOW,NONE,NONE,3.9,fastify:fastify-static,1
CVE-2026-2840,2026-04-16,3.1,6.4,MEDIUM,NETWORK,LOW,LOW,NONE,3.1,,0
CVE-2026-30459,2026-04-16,3.1,7.1,HIGH,NETWORK,LOW,NONE,REQUIRED,2.8,thedaylightstudio:fuel_cms,1
CVE-2026-30656,2026-04-16,3.1,7.5,HIGH,NETWORK,LOW,NONE,NONE,3.9,,0
CVE-2026-33804,2026-04-16,3.1,7.4,HIGH,NETWORK,HIGH,NONE,NONE,2.2,fastify:fastify\/middie,1
CVE-2026-37336,2026-04-16,3.1,7.3,HIGH,NETWORK,LOW,NONE,NONE,3.9,,0
CVE-2026-37337,2026-04-16,3.1,7.3,HIGH,NETWORK,LOW,NONE,NONE,3.9,,0
CVE-2026-37338,2026-04-16,3.1,9.4,CRITICAL,NETWORK,LOW,NONE,NONE,3.9,,0
CVE-2026-37339,2026-04-16,3.1,9.8,CRITICAL,NETWORK,LOW,NONE,NONE,3.9,,0
CVE-2026-37340,2026-04-16,3.1,9.8,CRITICAL,NETWORK,LOW,NONE,NONE,3.9,,0
CVE-2026-37341,2026-04-16,3.1,7.2,HIGH,NETWORK,LOW,HIGH,NONE,1.2,,0
CVE-2026-37342,2026-04-16,3.1,7.2,HIGH,NETWORK,LOW,HIGH,NONE,1.2,,0
CVE-2026-37343,2026-04-16,3.1,7.2,HIGH,NETWORK,LOW,HIGH,NONE,1.2,,0
CVE-2026-37344,2026-04-16,3.1,7.2,HIGH,NETWORK,LOW,HIGH,NONE,1.2,,0
CVE-2026-37345,2026-04-16,3.1,9.8,CRITICAL,NETWORK,LOW,NONE,NONE,3.9,,0
CVE-2026-37346,2026-04-16,3.1,4.7,MEDIUM,NETWORK,LOW,HIGH,NONE,1.2,,0
CVE-2026-37347,2026-04-16,3.1,9.1,CRITICAL,NETWORK,LOW,NONE,NONE,3.9,,0
CVE-2026-3324,2026-04-16,3.1,8.2,HIGH,NETWORK,LOW,NONE,NONE,3.9,,0
CVE-2026-37100,2026-04-16,3.1,6.5,MEDIUM,ADJACENT,LOW,NONE,NONE,2.8,,0
CVE-2026-5426,2026-04-16,3.1,9.1,CRITICAL,NETWORK,LOW,NONE,NONE,3.9,,0
CVE-2025-36579,2026-04-16,3.1,5.1,MEDIUM,PHYSICAL,LOW,NONE,NONE,0.9,,0
CVE-2026-41080,2026-04-16,3.1,2.9,LOW,LOCAL,HIGH,NONE,NONE,1.4,libexpat_project:libexpat,1
CVE-2025-43883,2026-04-16,3.1,4.1,MEDIUM,LOCAL,HIGH,HIGH,NONE,0.5,dell:powerscale_onefs,1
CVE-2026-24749,2026-04-16,3.1,5.3,MEDIUM,NETWORK,LOW,NONE,NONE,3.9,,0
CVE-2026-27820,2026-04-16,3.1,9.8,CRITICAL,NETWORK,LOW,NONE,NONE,3.9,ruby-lang:zlib,1
CVE-2026-33082,2026-04-16,3.1,9.8,CRITICAL,NETWORK,LOW,NONE,NONE,3.9,dataease:dataease,1
CVE-2026-33083,2026-04-16,3.1,8.8,HIGH,NETWORK,LOW,LOW,NONE,2.8,dataease:dataease,1
CVE-2026-41082,2026-04-16,3.1,7.3,HIGH,LOCAL,LOW,NONE,NONE,2.5,ocaml:opam|debian:debian_linux|redhat:enterprise_linux,3
CVE-2025-43935,2026-04-16,3.1,4.4,MEDIUM,LOCAL,LOW,HIGH,NONE,0.8,dell:powerscale_onefs,1
CVE-2025-43937,2026-04-16,3.1,6.6,MEDIUM,LOCAL,LOW,LOW,REQUIRED,1.3,dell:powerscale_onefs,1
CVE-2026-33084,2026-04-16,3.1,8.8,HIGH,NETWORK,LOW,LOW,NONE,2.8,dataease:dataease,1
CVE-2026-33121,2026-04-16,3.1,8.8,HIGH,NETWORK,LOW,LOW,NONE,2.8,dataease:dataease,1
CVE-2026-6442,2026-04-16,3.1,8.3,HIGH,NETWORK,HIGH,NONE,REQUIRED,1.6,,0
CVE-2025-54502,2026-04-16,3.1,7.5,HIGH,LOCAL,HIGH,HIGH,NONE,0.8,,0
CVE-2026-33122,2026-04-16,3.1,9.8,CRITICAL,NETWORK,LOW,NONE,NONE,3.9,dataease:dataease,1
CVE-2026-33207,2026-04-16,3.1,8.8,HIGH,NETWORK,LOW,LOW,NONE,2.8,dataease:dataease,1
CVE-2026-40899,2026-04-16,3.1,6.5,MEDIUM,NETWORK,LOW,LOW,NONE,2.8,dataease:dataease,1
CVE-2026-40900,2026-04-16,3.1,8.8,HIGH,NETWORK,LOW,LOW,NONE,2.8,dataease:dataease,1
CVE-2026-40901,2026-04-16,3.1,8.8,HIGH,NETWORK,LOW,LOW,NONE,2.8,dataease:dataease,1
CVE-2026-33472,2026-04-16,3.1,4.8,MEDIUM,NETWORK,HIGH,LOW,REQUIRED,1.2,cryptomator:cryptomator,1
CVE-2026-34164,2026-04-16,3.1,4.9,MEDIUM,NETWORK,LOW,HIGH,NONE,1.2,,0
CVE-2026-35469,2026-04-16,3.1,6.5,MEDIUM,NETWORK,LOW,LOW,NONE,2.8,,0
CVE-2026-40170,2026-04-16,3.1,7.5,HIGH,NETWORK,LOW,NONE,NONE,3.9,tatsuhiro-t:ngtcp2,1
CVE-2026-40246,2026-04-16,3.1,7.5,HIGH,NETWORK,LOW,NONE,NONE,3.9,free5gc:free5gc,1
CVE-2026-40247,2026-04-16,3.1,7.5,HIGH,NETWORK,LOW,NONE,NONE,3.9,free5gc:free5gc,1
CVE-2026-40248,2026-04-16,3.1,7.5,HIGH,NETWORK,LOW,NONE,NONE,3.9,free5gc:free5gc,1
CVE-2026-40249,2026-04-16,3.1,5.3,MEDIUM,NETWORK,LOW,NONE,NONE,3.9,free5gc:free5gc,1
CVE-2026-41113,2026-04-16,3.1,8.1,HIGH,NETWORK,HIGH,NONE,NONE,2.2,,0
CVE-2024-58343,2026-04-16,3.1,4.3,MEDIUM,NETWORK,LOW,LOW,NONE,2.8,,0
CVE-2026-40253,2026-04-16,3.1,6.8,MEDIUM,LOCAL,LOW,NONE,NONE,2.5,opencryptoki_project:opencryptoki,1
CVE-2026-40255,2026-04-16,3.1,6.1,MEDIUM,NETWORK,LOW,NONE,REQUIRED,2.8,adonisjs:http-server|adonisjs:core,2
CVE-2026-40259,2026-04-16,3.1,8.1,HIGH,NETWORK,LOW,LOW,NONE,2.8,b3log:siyuan,1
CVE-2026-40318,2026-04-16,3.1,8.5,HIGH,NETWORK,LOW,LOW,NONE,3.1,b3log:siyuan,1
CVE-2026-40322,2026-04-16,3.1,9.0,CRITICAL,NETWORK,LOW,LOW,REQUIRED,2.3,b3log:siyuan,1
CVE-2026-22734,2026-04-17,3.1,8.6,HIGH,NETWORK,LOW,NONE,NONE,3.9,,0
CVE-2026-40260,2026-04-17,3.1,5.3,MEDIUM,NETWORK,LOW,NONE,NONE,3.9,pypdf_project:pypdf,1
CVE-2026-40262,2026-04-17,3.1,8.7,HIGH,NETWORK,LOW,LOW,REQUIRED,2.3,,0
CVE-2026-40263,2026-04-17,3.1,3.7,LOW,NETWORK,HIGH,NONE,NONE,2.2,,0
CVE-2026-40265,2026-04-17,3.1,5.9,MEDIUM,NETWORK,HIGH,NONE,NONE,2.2,,0
CVE-2026-40922,2026-04-17,3.1,5.4,MEDIUM,NETWORK,LOW,LOW,REQUIRED,2.3,b3log:siyuan,1
CVE-2026-3488,2026-04-17,3.1,6.5,MEDIUM,NETWORK,LOW,NONE,NONE,3.9,,0
CVE-2026-4817,2026-04-17,3.1,6.5,MEDIUM,NETWORK,LOW,LOW,NONE,2.8,,0
CVE-2026-5162,2026-04-17,3.1,6.4,MEDIUM,NETWORK,LOW,LOW,NONE,3.1,,0
CVE-2026-5231,2026-04-17,3.1,7.2,HIGH,NETWORK,LOW,NONE,NONE,3.9,,0
CVE-2026-3605,2026-04-17,3.1,8.1,HIGH,NETWORK,LOW,LOW,NONE,2.8,hashicorp:vault,1
CVE-2026-4525,2026-04-17,3.1,7.5,HIGH,NETWORK,HIGH,LOW,NONE,1.6,hashicorp:vault,1
CVE-2026-4666,2026-04-17,3.1,6.5,MEDIUM,NETWORK,LOW,LOW,NONE,2.8,,0
CVE-2026-5052,2026-04-17,3.1,5.3,MEDIUM,NETWORK,LOW,NONE,NONE,3.9,hashicorp:vault,1
CVE-2026-3330,2026-04-17,3.1,4.9,MEDIUM,NETWORK,LOW,HIGH,NONE,1.2,,0
CVE-2026-4853,2026-04-17,3.1,4.9,MEDIUM,NETWORK,LOW,HIGH,NONE,1.2,,0
CVE-2026-5234,2026-04-17,3.1,5.3,MEDIUM,NETWORK,LOW,NONE,NONE,3.9,,0
CVE-2026-5427,2026-04-17,3.1,5.3,MEDIUM,NETWORK,LOW,NONE,NONE,3.9,,0
CVE-2026-5502,2026-04-17,3.1,5.3,MEDIUM,NETWORK,LOW,NONE,NONE,3.9,,0
CVE-2026-5807,2026-04-17,3.1,7.5,HIGH,NETWORK,LOW,NONE,NONE,3.9,hashicorp:vault,1
CVE-2026-6080,2026-04-17,3.1,6.5,MEDIUM,NETWORK,LOW,LOW,NONE,2.8,,0
CVE-2026-21719,2026-04-17,3.0,7.2,HIGH,NETWORK,LOW,HIGH,NONE,1.2,cubecart:cubecart,1
CVE-2026-34018,2026-04-17,3.1,9.8,CRITICAL,NETWORK,LOW,NONE,NONE,3.9,cubecart:cubecart,1
CVE-2026-35496,2026-04-17,3.0,2.7,LOW,NETWORK,LOW,HIGH,NONE,1.2,cubecart:cubecart,1
CVE-2026-5797,2026-04-17,3.1,5.3,MEDIUM,NETWORK,LOW,NONE,NONE,3.9,,0
CVE-2026-6421,2026-04-17,3.1,7.0,HIGH,LOCAL,HIGH,LOW,NONE,1.0,,0
CVE-2026-6482,2026-04-17,3.1,7.8,HIGH,LOCAL,LOW,NONE,REQUIRED,1.8,rapid7:insight_agent,1
CVE-2026-4659,2026-04-17,3.1,7.5,HIGH,NETWORK,LOW,NONE,NONE,3.9,,0
CVE-2026-6441,2026-04-17,3.1,4.3,MEDIUM,NETWORK,LOW,LOW,NONE,2.8,,0
CVE-2026-6443,2026-04-17,3.1,9.8,CRITICAL,NETWORK,LOW,NONE,NONE,3.9,,0
CVE-2026-23853,2026-04-17,3.1,8.4,HIGH,LOCAL,LOW,NONE,NONE,2.5,dell:powerprotect_dp_series_appliance|dell:data_domain_operating_system,2
CVE-2026-33392,2026-04-17,3.1,7.2,HIGH,NETWORK,LOW,HIGH,NONE,1.2,jetbrains:youtrack,1
CVE-2026-40002,2026-04-17,3.1,5.0,MEDIUM,LOCAL,HIGH,LOW,REQUIRED,0.8,zte:nubia-in_nx809j_firmware,1
CVE-2026-6451,2026-04-17,3.1,4.3,MEDIUM,NETWORK,LOW,NONE,REQUIRED,2.8,,0
CVE-2025-15623,2026-04-17,3.1,7.5,HIGH,NETWORK,LOW,NONE,NONE,3.9,sparxsystems:pro_cloud_server,1
CVE-2025-15624,2026-04-17,3.1,7.5,HIGH,NETWORK,LOW,NONE,NONE,3.9,sparxsystems:pro_cloud_server,1
CVE-2025-15625,2026-04-17,3.1,9.8,CRITICAL,NETWORK,LOW,NONE,NONE,3.9,sparxsystems:pro_cloud_server,1
CVE-2025-36568,2026-04-17,3.1,7.8,HIGH,LOCAL,HIGH,LOW,NONE,1.1,dell:data_domain_operating_system,1
CVE-2026-23775,2026-04-17,3.1,7.6,HIGH,NETWORK,LOW,LOW,REQUIRED,2.1,dell:data_domain_operating_system,1
CVE-2026-23778,2026-04-17,3.1,7.2,HIGH,NETWORK,LOW,HIGH,NONE,1.2,dell:powerprotect_dp_series_appliance|dell:data_domain_operating_system,2
CVE-2026-6439,2026-04-17,3.1,4.4,MEDIUM,NETWORK,HIGH,HIGH,NONE,1.3,,0
CVE-2026-6494,2026-04-17,3.1,5.3,MEDIUM,NETWORK,LOW,NONE,NONE,3.9,,0
CVE-2026-23776,2026-04-17,3.1,7.2,HIGH,NETWORK,LOW,HIGH,NONE,1.2,dell:powerprotect_dp_series_appliance|dell:data_domain_operating_system,2
CVE-2026-23779,2026-04-17,3.1,6.7,MEDIUM,LOCAL,LOW,HIGH,NONE,0.8,dell:powerprotect_dp_series_appliance|dell:data_domain_operating_system,2
CVE-2026-35072,2026-04-17,3.1,6.7,MEDIUM,LOCAL,LOW,HIGH,NONE,0.8,dell:powerprotect_dp_series_appliance|dell:data_domain_operating_system,2
CVE-2026-35073,2026-04-17,3.1,6.7,MEDIUM,LOCAL,LOW,HIGH,NONE,0.8,dell:data_domain_operating_system,1
CVE-2026-35074,2026-04-17,3.1,6.7,MEDIUM,LOCAL,LOW,HIGH,NONE,0.8,dell:powerprotect_dp_series_appliance|dell:data_domain_operating_system,2
CVE-2026-35153,2026-04-17,3.1,6.7,MEDIUM,LOCAL,LOW,HIGH,NONE,0.8,dell:powerprotect_dp_series_appliance|dell:data_domain_operating_system,2
CVE-2026-6483,2026-04-17,3.1,7.2,HIGH,NETWORK,LOW,HIGH,NONE,1.2,,0
CVE-2025-46605,2026-04-17,3.1,6.2,MEDIUM,NETWORK,HIGH,HIGH,NONE,0.7,dell:data_domain_operating_system,1
CVE-2025-46606,2026-04-17,3.1,6.2,MEDIUM,NETWORK,HIGH,HIGH,NONE,0.7,dell:data_domain_operating_system,1
CVE-2025-46607,2026-04-17,3.1,6.6,MEDIUM,NETWORK,HIGH,HIGH,NONE,0.7,dell:data_domain_operating_system,1
CVE-2025-46641,2026-04-17,3.1,6.6,MEDIUM,NETWORK,HIGH,HIGH,NONE,0.7,dell:data_domain_operating_system,1
CVE-2026-23777,2026-04-17,3.1,4.3,MEDIUM,NETWORK,LOW,LOW,NONE,2.8,dell:powerprotect_data_domain|dell:data_domain_operating_system,2
CVE-2026-28263,2026-04-17,3.1,5.9,MEDIUM,NETWORK,LOW,HIGH,REQUIRED,1.7,dell:powerprotect_data_domain|dell:data_domain_operating_system,2
CVE-2026-6486,2026-04-17,3.1,3.5,LOW,NETWORK,LOW,LOW,REQUIRED,2.1,,0
CVE-2026-6487,2026-04-17,3.1,4.3,MEDIUM,NETWORK,LOW,LOW,NONE,2.8,,0
CVE-2026-6488,2026-04-17,3.1,6.3,MEDIUM,NETWORK,LOW,LOW,NONE,2.8,,0
CVE-2026-6489,2026-04-17,3.1,6.3,MEDIUM,NETWORK,LOW,LOW,NONE,2.8,,0
CVE-2026-6507,2026-04-17,3.1,7.5,HIGH,NETWORK,LOW,NONE,NONE,3.9,,0
CVE-2025-70795,2026-04-17,3.1,5.5,MEDIUM,LOCAL,LOW,LOW,NONE,1.8,,0
CVE-2026-31317,2026-04-17,3.1,7.5,HIGH,NETWORK,LOW,NONE,NONE,3.9,,0
CVE-2026-40458,2026-04-17,3.1,6.5,MEDIUM,NETWORK,LOW,NONE,REQUIRED,2.8,pac4j:pac4j,1
CVE-2026-40459,2026-04-17,3.1,8.8,HIGH,NETWORK,LOW,LOW,NONE,2.8,pac4j:pac4j,1
CVE-2026-6490,2026-04-17,3.1,7.3,HIGH,NETWORK,LOW,NONE,NONE,3.9,,0
CVE-2026-6491,2026-04-17,3.1,5.3,MEDIUM,LOCAL,LOW,LOW,NONE,1.8,,0
CVE-2026-6492,2026-04-17,3.1,5.3,MEDIUM,NETWORK,LOW,NONE,NONE,3.9,,0
CVE-2026-37749,2026-04-17,3.1,9.8,CRITICAL,NETWORK,LOW,NONE,NONE,3.9,,0
CVE-2026-41153,2026-04-17,3.1,5.8,MEDIUM,LOCAL,HIGH,NONE,REQUIRED,1.0,jetbrains:junie,1
CVE-2026-6493,2026-04-17,3.1,3.5,LOW,NETWORK,LOW,LOW,REQUIRED,2.1,,0
CVE-2026-6496,2026-04-17,3.1,5.4,MEDIUM,NETWORK,LOW,LOW,NONE,2.8,,0
CVE-2026-21709,2026-04-17,3.1,6.7,MEDIUM,LOCAL,LOW,HIGH,NONE,0.8,,0
CVE-2026-6284,2026-04-17,3.1,9.1,CRITICAL,NETWORK,LOW,NONE,NONE,3.9,,0
CVE-2026-6497,2026-04-17,3.1,6.3,MEDIUM,NETWORK,LOW,LOW,NONE,2.8,,0
CVE-2026-21733,2026-04-17,3.1,7.3,HIGH,LOCAL,LOW,LOW,NONE,1.8,,0
CVE-2026-3464,2026-04-17,3.1,8.8,HIGH,NETWORK,LOW,LOW,NONE,2.8,,0
CVE-2026-40515,2026-04-17,3.1,7.5,HIGH,NETWORK,LOW,NONE,NONE,3.9,hkuds:openharness,1
CVE-2026-40516,2026-04-17,3.1,8.3,HIGH,NETWORK,LOW,NONE,NONE,3.9,hkuds:openharness,1
CVE-2026-40518,2026-04-17,3.1,7.1,HIGH,NETWORK,LOW,LOW,NONE,2.8,bytedance:deerflow,1
CVE-2025-65104,2026-04-17,3.1,7.9,HIGH,LOCAL,LOW,LOW,NONE,2.0,firebirdsql:firebird,1
CVE-2026-40319,2026-04-17,3.1,5.5,MEDIUM,LOCAL,LOW,NONE,REQUIRED,1.8,giskard:giskard,1
CVE-2026-40320,2026-04-17,3.1,7.8,HIGH,LOCAL,LOW,NONE,REQUIRED,1.8,giskard:giskard,1
CVE-2026-5710,2026-04-17,3.1,7.5,HIGH,NETWORK,LOW,NONE,NONE,3.9,,0
CVE-2026-5718,2026-04-17,3.1,8.1,HIGH,NETWORK,HIGH,NONE,NONE,2.2,,0
CVE-2026-27890,2026-04-17,3.1,8.2,HIGH,NETWORK,LOW,NONE,NONE,3.9,firebirdsql:firebird,1
CVE-2026-28212,2026-04-17,3.1,7.5,HIGH,NETWORK,LOW,NONE,NONE,3.9,firebirdsql:firebird,1
CVE-2026-28214,2026-04-17,3.1,6.5,MEDIUM,NETWORK,LOW,LOW,NONE,2.8,firebirdsql:firebird,1
CVE-2026-28224,2026-04-17,3.1,8.2,HIGH,NETWORK,LOW,NONE,NONE,3.9,firebirdsql:firebird,1
CVE-2026-33337,2026-04-17,3.1,7.5,HIGH,NETWORK,LOW,NONE,NONE,3.9,firebirdsql:firebird,1
CVE-2026-40525,2026-04-17,3.1,9.1,CRITICAL,NETWORK,LOW,NONE,NONE,3.9,volcengine:openviking,1
CVE-2026-6437,2026-04-17,3.1,6.5,MEDIUM,NETWORK,LOW,HIGH,NONE,1.2,amazon:efs_csi_driver,1
CVE-2026-31927,2026-04-17,3.1,4.9,MEDIUM,NETWORK,LOW,HIGH,NONE,1.2,anviz:cx7_firmware,1
CVE-2026-32105,2026-04-17,3.1,7.7,HIGH,NETWORK,HIGH,NONE,NONE,2.2,neutrinolabs:xrdp,1
CVE-2026-32107,2026-04-17,3.1,8.8,HIGH,LOCAL,LOW,LOW,NONE,2.0,neutrinolabs:xrdp,1
CVE-2026-32324,2026-04-17,3.1,7.7,HIGH,LOCAL,LOW,NONE,NONE,2.5,anviz:cx7_firmware,1
CVE-2026-32623,2026-04-17,3.1,8.1,HIGH,NETWORK,HIGH,NONE,NONE,2.2,neutrinolabs:xrdp,1
CVE-2026-32624,2026-04-17,3.1,6.5,MEDIUM,NETWORK,LOW,NONE,NONE,3.9,neutrinolabs:xrdp,1
CVE-2026-32648,2026-04-17,3.1,5.3,MEDIUM,NETWORK,LOW,NONE,NONE,3.9,anviz:cx7_firmware|anviz:cx2_lite_firmware,2
CVE-2026-32650,2026-04-17,3.1,7.5,HIGH,NETWORK,LOW,NONE,NONE,3.9,anviz:crosschex_standard,1
CVE-2026-33093,2026-04-17,3.1,5.3,MEDIUM,NETWORK,LOW,NONE,NONE,3.9,anviz:cx7_firmware,1
CVE-2026-33516,2026-04-17,3.1,9.1,CRITICAL,NETWORK,LOW,NONE,NONE,3.9,neutrinolabs:xrdp,1
CVE-2026-33569,2026-04-17,3.1,6.5,MEDIUM,NETWORK,LOW,NONE,REQUIRED,2.8,anviz:cx7_firmware|anviz:cx2_lite_firmware,2
CVE-2026-34232,2026-04-17,3.1,7.5,HIGH,NETWORK,LOW,NONE,NONE,3.9,firebirdsql:firebird,1
CVE-2026-35061,2026-04-17,3.1,5.3,MEDIUM,NETWORK,LOW,NONE,NONE,3.9,anviz:cx7_firmware,1
CVE-2026-35215,2026-04-17,3.1,7.5,HIGH,NETWORK,LOW,NONE,NONE,3.9,firebirdsql:firebird,1
CVE-2026-35546,2026-04-17,3.1,9.8,CRITICAL,NETWORK,LOW,NONE,NONE,3.9,anviz:cx7_firmware|anviz:cx2_lite_firmware,2
CVE-2026-35682,2026-04-17,3.1,8.8,HIGH,NETWORK,LOW,LOW,NONE,2.8,anviz:cx2_lite_firmware,1
CVE-2026-40066,2026-04-17,3.1,8.8,HIGH,NETWORK,LOW,LOW,NONE,2.8,anviz:cx7_firmware|anviz:cx2_lite_firmware,2
CVE-2026-40283,2026-04-17,3.1,6.8,MEDIUM,NETWORK,LOW,HIGH,NONE,2.3,wegia:wegia,1
CVE-2026-40342,2026-04-17,3.1,9.9,CRITICAL,NETWORK,LOW,LOW,NONE,3.1,firebirdsql:firebird,1
CVE-2026-40434,2026-04-17,3.1,8.1,HIGH,ADJACENT,LOW,NONE,NONE,2.8,anviz:crosschex_standard,1
CVE-2026-40461,2026-04-17,3.1,7.5,HIGH,NETWORK,LOW,NONE,NONE,3.9,anviz:cx7_firmware|anviz:cx2_lite_firmware,2
CVE-2026-23500,2026-04-17,3.1,9.1,CRITICAL,NETWORK,LOW,HIGH,NONE,2.3,dolibarr:dolibarr_erp\/crm,1
CVE-2026-33145,2026-04-17,3.1,6.3,MEDIUM,NETWORK,LOW,LOW,NONE,2.8,neutrinolabs:xrdp,1
CVE-2026-33436,2026-04-17,3.1,3.1,LOW,NETWORK,HIGH,NONE,REQUIRED,1.6,stirlingpdf:stirling_pdf,1
CVE-2026-33689,2026-04-17,3.1,9.1,CRITICAL,NETWORK,LOW,NONE,NONE,3.9,neutrinolabs:xrdp,1
CVE-2026-35512,2026-04-17,3.1,8.8,HIGH,NETWORK,LOW,LOW,NONE,2.8,neutrinolabs:xrdp,1
CVE-2026-35603,2026-04-17,3.1,7.3,HIGH,LOCAL,LOW,LOW,REQUIRED,1.3,anthropic:claude_code,1
CVE-2026-40155,2026-04-17,3.1,5.4,MEDIUM,NETWORK,HIGH,LOW,REQUIRED,1.2,auth0:nextjs-auth0,1
CVE-2026-40196,2026-04-17,3.1,8.1,HIGH,NETWORK,LOW,LOW,NONE,2.8,sysadminsmedia:homebox,1
CVE-2026-40284,2026-04-17,3.1,6.8,MEDIUM,NETWORK,LOW,HIGH,NONE,2.3,,0
CVE-2026-40285,2026-04-17,3.1,8.8,HIGH,NETWORK,LOW,LOW,NONE,2.8,,0
CVE-2026-40286,2026-04-17,3.1,7.5,HIGH,NETWORK,LOW,NONE,NONE,3.9,,0
CVE-2026-40293,2026-04-17,3.1,6.5,MEDIUM,NETWORK,LOW,NONE,NONE,3.9,openfga:openfga,1
CVE-2026-40301,2026-04-17,3.1,4.7,MEDIUM,NETWORK,LOW,NONE,REQUIRED,2.8,,0
CVE-2026-40302,2026-04-17,3.1,6.1,MEDIUM,NETWORK,LOW,NONE,REQUIRED,2.8,netfoundry:zrok,1
CVE-2026-40303,2026-04-17,3.1,7.5,HIGH,NETWORK,LOW,NONE,NONE,3.9,netfoundry:zrok,1
CVE-2026-40527,2026-04-17,3.1,7.8,HIGH,LOCAL,LOW,NONE,REQUIRED,1.8,radare:radare2,1
CVE-2026-29013,2026-04-17,3.1,9.8,CRITICAL,NETWORK,LOW,NONE,NONE,3.9,libcoap:libcoap,1
CVE-2026-40258,2026-04-17,3.1,9.1,CRITICAL,NETWORK,LOW,HIGH,NONE,2.3,,0
CVE-2026-40304,2026-04-17,3.1,5.3,MEDIUM,NETWORK,HIGH,LOW,NONE,1.6,netfoundry:zrok,1
CVE-2026-40305,2026-04-17,3.1,4.3,MEDIUM,NETWORK,LOW,LOW,NONE,2.8,dnnsoftware:dotnetnuke,1
